code,name,market,industry,updated_at
000001,平安银行,SZ,银行Ⅱ,2026-08-09 05:15:07
000002,万  科Ａ,SZ,房地产开发,2026-08-09 05:15:07
000003,PT金田A,SZ,-,2026-08-09 05:15:07
000004,国华退,SZ,-,2026-08-09 05:15:07
000005,ST星源,SZ,-,2026-08-09 05:15:07
000006,深振业Ａ,SZ,房地产开发,2026-08-09 05:15:07
000007,全新好,SZ,一般零售,2026-08-09 05:15:07
000008,神州高铁,SZ,轨交设备Ⅱ,2026-08-09 05:15:07
000009,中国宝安,SZ,综合Ⅱ,2026-08-09 05:15:07
000010,*ST美丽,SZ,基础建设,2026-08-09 05:15:07
000011,深物业A,SZ,房地产开发,2026-08-09 05:15:07
000012,南  玻Ａ,SZ,玻璃玻纤,2026-08-09 05:15:07
000013,*ST石化A,SZ,-,2026-08-09 05:15:07
000014,沙河股份,SZ,房地产开发,2026-08-09 05:15:07
000015,PT中浩A,SZ,-,2026-08-09 05:15:07
000016,*ST康佳A,SZ,白色家电,2026-08-09 05:15:07
000017,深中华A,SZ,饰品,2026-08-09 05:15:07
000018,神城A退,SZ,-,2026-08-09 05:15:07
000019,深粮控股,SZ,农产品加工,2026-08-09 05:15:07
000020,深华发Ａ,SZ,光学光电子,2026-08-09 05:15:07
000021,深科技,SZ,消费电子,2026-08-09 05:15:07
000023,*ST深天,SZ,-,2026-08-09 05:15:07
000024,招商地产,SZ,-,2026-08-09 05:15:07
000025,特  力Ａ,SZ,综合Ⅱ,2026-08-09 05:15:07
000026,飞亚达,SZ,饰品,2026-08-09 05:15:07
000027,深圳能源,SZ,电力,2026-08-09 05:15:07
000028,国药一致,SZ,医药商业,2026-08-09 05:15:07
000029,深深房Ａ,SZ,房地产开发,2026-08-09 05:15:07
000030,富奥股份,SZ,汽车零部件,2026-08-09 05:15:07
000031,大悦城,SZ,房地产开发,2026-08-09 05:15:07
000032,深桑达Ａ,SZ,专业工程,2026-08-09 05:15:07
000033,新都退,SZ,-,2026-08-09 05:15:07
000034,神州数码,SZ,IT服务Ⅱ,2026-08-09 05:15:07
000035,中国天楹,SZ,环境治理,2026-08-09 05:15:07
000036,华联控股,SZ,房地产开发,2026-08-09 05:15:07
000037,深南电A,SZ,电力,2026-08-09 05:15:07
000038,大通退,SZ,-,2026-08-09 05:15:07
000039,中集集团,SZ,通用设备,2026-08-09 05:15:07
000040,*ST旭蓝,SZ,-,2026-08-09 05:15:07
000042,中洲控股,SZ,房地产开发,2026-08-09 05:15:07
000045,深纺织Ａ,SZ,光学光电子,2026-08-09 05:15:07
000046,*ST泛海,SZ,-,2026-08-09 05:15:07
000047,ST中侨,SZ,-,2026-08-09 05:15:07
000048,京基智农,SZ,养殖业,2026-08-09 05:15:07
000049,德赛电池,SZ,电池,2026-08-09 05:15:07
000050,深天马Ａ,SZ,光学光电子,2026-08-09 05:15:07
000055,方大集团,SZ,装修建材,2026-08-09 05:15:07
000056,*ST皇庭,SZ,房地产服务,2026-08-09 05:15:07
000058,深 赛 格,SZ,一般零售,2026-08-09 05:15:07
000059,华锦股份,SZ,炼化及贸易,2026-08-09 05:15:07
000060,中金岭南,SZ,工业金属,2026-08-09 05:15:07
000061,农 产 品,SZ,一般零售,2026-08-09 05:15:07
000062,深圳华强,SZ,其他电子Ⅱ,2026-08-09 05:15:07
000063,中兴通讯,SZ,通信设备,2026-08-09 05:15:07
000065,北方国际,SZ,专业工程,2026-08-09 05:15:07
000066,中国长城,SZ,计算机设备,2026-08-09 05:15:07
000068,华控赛格,SZ,环境治理,2026-08-09 05:15:07
000069,华侨城Ａ,SZ,房地产开发,2026-08-09 05:15:07
000070,特发信息,SZ,通信设备,2026-08-09 05:15:07
000078,ST海王,SZ,医药商业,2026-08-09 05:15:07
000088,盐 田 港,SZ,航运港口,2026-08-09 05:15:07
000089,深圳机场,SZ,航空机场,2026-08-09 05:15:07
000090,天健集团,SZ,房地产开发,2026-08-09 05:15:07
000096,广聚能源,SZ,炼化及贸易,2026-08-09 05:15:07
000099,中信海直,SZ,航空机场,2026-08-09 05:15:07
000100,TCL科技,SZ,光学光电子,2026-08-09 05:15:07
000150,*ST宜康,SZ,-,2026-08-09 05:15:07
000151,中成股份,SZ,贸易Ⅱ,2026-08-09 05:15:07
000153,丰原药业,SZ,化学制药,2026-08-09 05:15:07
000155,川能动力,SZ,电力,2026-08-09 05:15:07
000156,华数传媒,SZ,电视广播Ⅱ,2026-08-09 05:15:07
000157,中联重科,SZ,工程机械,2026-08-09 05:15:07
000158,常山北明,SZ,IT服务Ⅱ,2026-08-09 05:15:07
000159,国际实业,SZ,炼化及贸易,2026-08-09 05:15:07
000166,申万宏源,SZ,证券Ⅱ,2026-08-09 05:15:07
000301,东方盛虹,SZ,炼化及贸易,2026-08-09 05:15:07
000333,美的集团,SZ,白色家电,2026-08-09 05:15:07
000338,潍柴动力,SZ,汽车零部件,2026-08-09 05:15:07
000400,许继电气,SZ,电网设备,2026-08-09 05:15:07
000401,金隅冀东,SZ,水泥,2026-08-09 05:15:07
000402,金 融 街,SZ,房地产开发,2026-08-09 05:15:07
000403,派林生物,SZ,生物制品,2026-08-09 05:15:07
000404,长虹华意,SZ,家电零部件Ⅱ,2026-08-09 05:15:07
000405,ST鑫光,SZ,-,2026-08-09 05:15:07
000406,石油大明,SZ,-,2026-08-09 05:15:07
000407,胜利股份,SZ,燃气Ⅱ,2026-08-09 05:15:07
000408,藏格矿业,SZ,农化制品,2026-08-09 05:15:07
000409,云鼎科技,SZ,IT服务Ⅱ,2026-08-09 05:15:07
000410,沈阳机床,SZ,通用设备,2026-08-09 05:15:07
000411,英特集团,SZ,医药商业,2026-08-09 05:15:07
000412,ST五环,SZ,-,2026-08-09 05:15:07
000413,ST旭电,SZ,-,2026-08-09 05:15:07
000415,渤海租赁,SZ,多元金融,2026-08-09 05:15:07
000416,*ST民控,SZ,-,2026-08-09 05:15:07
000417,合百集团,SZ,一般零售,2026-08-09 05:15:07
000418,小天鹅A,SZ,-,2026-08-09 05:15:07
000419,通程控股,SZ,一般零售,2026-08-09 05:15:07
000420,吉林化纤,SZ,化学纤维,2026-08-09 05:15:07
000421,南京公用,SZ,综合Ⅱ,2026-08-09 05:15:07
000422,湖北宜化,SZ,农化制品,2026-08-09 05:15:07
000423,东阿阿胶,SZ,中药Ⅱ,2026-08-09 05:15:07
000425,徐工机械,SZ,工程机械,2026-08-09 05:15:07
000426,兴业银锡,SZ,贵金属,2026-08-09 05:15:07
000428,华天酒店,SZ,酒店餐饮,2026-08-09 05:15:07
000429,粤高速Ａ,SZ,铁路公路,2026-08-09 05:15:07
000430,张家界,SZ,旅游及景区,2026-08-09 05:15:07
000488,ST晨鸣,SZ,造纸,2026-08-09 05:15:07
000498,山东路桥,SZ,基础建设,2026-08-09 05:15:07
000501,武商集团,SZ,一般零售,2026-08-09 05:15:07
000502,绿景退,SZ,-,2026-08-09 05:15:07
000503,国新健康,SZ,软件开发,2026-08-09 05:15:07
000504,南华生物,SZ,医疗服务,2026-08-09 05:15:07
000505,京粮控股,SZ,农产品加工,2026-08-09 05:15:07
000506,招金黄金,SZ,贵金属,2026-08-09 05:15:07
000507,珠海港,SZ,电力,2026-08-09 05:15:07
000508,琼民源A,SZ,-,2026-08-09 05:15:07
000509,华塑控股,SZ,光学光电子,2026-08-09 05:15:07
000510,新金路,SZ,化学原料,2026-08-09 05:15:07
000511,烯碳退,SZ,-,2026-08-09 05:15:07
000513,丽珠集团,SZ,化学制药,2026-08-09 05:15:07
000514,渝 开 发,SZ,房地产开发,2026-08-09 05:15:07
000515,攀渝钛业,SZ,-,2026-08-09 05:15:07
000516,国际医学,SZ,医疗服务,2026-08-09 05:15:07
000517,荣安地产,SZ,房地产开发,2026-08-09 05:15:07
000518,四环生物,SZ,生物制品,2026-08-09 05:15:07
000519,中兵红箭,SZ,地面兵装Ⅱ,2026-08-09 05:15:07
000520,凤凰航运,SZ,航运港口,2026-08-09 05:15:07
000521,长虹美菱,SZ,白色家电,2026-08-09 05:15:07
000522,白云山A,SZ,-,2026-08-09 05:15:07
000523,红棉股份,SZ,综合Ⅱ,2026-08-09 05:15:07
000524,岭南控股,SZ,旅游及景区,2026-08-09 05:15:07
000525,红太阳,SZ,农化制品,2026-08-09 05:15:07
000526,学大教育,SZ,教育,2026-08-09 05:15:07
000527,美的电器,SZ,-,2026-08-09 05:15:07
000528,柳    工,SZ,工程机械,2026-08-09 05:15:07
000529,广弘控股,SZ,食品加工,2026-08-09 05:15:07
000530,冰山冷热,SZ,通用设备,2026-08-09 05:15:07
000531,穗恒运Ａ,SZ,电力,2026-08-09 05:15:07
000532,华金资本,SZ,多元金融,2026-08-09 05:15:07
000533,顺钠股份,SZ,电网设备,2026-08-09 05:15:07
000534,万泽股份,SZ,生物制品,2026-08-09 05:15:07
000535,*ST猴王,SZ,-,2026-08-09 05:15:07
000536,华映科技,SZ,光学光电子,2026-08-09 05:15:07
000537,绿发电力,SZ,电力,2026-08-09 05:15:07
000538,云南白药,SZ,中药Ⅱ,2026-08-09 05:15:07
000539,粤电力Ａ,SZ,电力,2026-08-09 05:15:07
000540,*ST中天,SZ,-,2026-08-09 05:15:07
000541,佛山照明,SZ,照明设备Ⅱ,2026-08-09 05:15:07
000542,TCL通讯,SZ,-,2026-08-09 05:15:07
000543,皖能电力,SZ,电力,2026-08-09 05:15:07
000544,中原环保,SZ,环境治理,2026-08-09 05:15:07
000545,金浦钛业,SZ,化学原料,2026-08-09 05:15:07
000546,金圆股份,SZ,环境治理,2026-08-09 05:15:07
000547,航天发展,SZ,军工电子Ⅱ,2026-08-09 05:15:07
000548,湖南投资,SZ,铁路公路,2026-08-09 05:15:07
000549,S湘火炬,SZ,-,2026-08-09 05:15:07
000550,江铃汽车,SZ,商用车,2026-08-09 05:15:07
000551,创元科技,SZ,环保设备Ⅱ,2026-08-09 05:15:07
000552,甘肃能化,SZ,煤炭开采,2026-08-09 05:15:07
000553,安道麦A,SZ,农化制品,2026-08-09 05:15:07
000554,泰山石油,SZ,炼化及贸易,2026-08-09 05:15:07
000555,神州信息,SZ,IT服务Ⅱ,2026-08-09 05:15:07
000556,PT南洋,SZ,-,2026-08-09 05:15:07
000557,西部创业,SZ,铁路公路,2026-08-09 05:15:07
000558,天府文旅,SZ,旅游及景区,2026-08-09 05:15:07
000559,万向钱潮,SZ,汽车零部件,2026-08-09 05:15:07
000560,我爱我家,SZ,房地产服务,2026-08-09 05:15:07
000561,烽火电子,SZ,航空装备Ⅱ,2026-08-09 05:15:07
000562,宏源证券,SZ,-,2026-08-09 05:15:07
000563,陕国投Ａ,SZ,多元金融,2026-08-09 05:15:07
000564,供销大集,SZ,一般零售,2026-08-09 05:15:07
000565,渝三峡Ａ,SZ,化学制品,2026-08-09 05:15:07
000566,海南海药,SZ,化学制药,2026-08-09 05:15:07
000567,海德股份,SZ,多元金融,2026-08-09 05:15:07
000568,泸州老窖,SZ,白酒Ⅱ,2026-08-09 05:15:07
000569,长城股份,SZ,-,2026-08-09 05:15:07
000570,苏常柴Ａ,SZ,汽车零部件,2026-08-09 05:15:07
000571,新大洲A,SZ,煤炭开采,2026-08-09 05:15:07
000572,海马汽车,SZ,乘用车,2026-08-09 05:15:07
000573,粤宏远Ａ,SZ,房地产开发,2026-08-09 05:15:07
000576,甘化科工,SZ,地面兵装Ⅱ,2026-08-09 05:15:07
000578,盐湖集团,SZ,-,2026-08-09 05:15:07
000581,威孚高科,SZ,汽车零部件,2026-08-09 05:15:07
000582,北部湾港,SZ,航运港口,2026-08-09 05:15:07
000583,S*ST托普,SZ,-,2026-08-09 05:15:07
000584,工智退,SZ,-,2026-08-09 05:15:07
000585,东电退,SZ,-,2026-08-09 05:15:07
000586,汇源通信,SZ,通信设备,2026-08-09 05:15:07
000587,*ST金洲,SZ,-,2026-08-09 05:15:07
000588,PT粤金曼,SZ,-,2026-08-09 05:15:07
000589,贵州轮胎,SZ,汽车零部件,2026-08-09 05:15:07
000590,古汉医药,SZ,中药Ⅱ,2026-08-09 05:15:07
000591,太阳能,SZ,电力,2026-08-09 05:15:07
000592,平潭发展,SZ,林业Ⅱ,2026-08-09 05:15:07
000593,德龙汇能,SZ,燃气Ⅱ,2026-08-09 05:15:07
000594,国恒退,SZ,-,2026-08-09 05:15:07
000595,新能股份,SZ,电力,2026-08-09 05:15:07
000596,古井贡酒,SZ,白酒Ⅱ,2026-08-09 05:15:07
000597,东北制药,SZ,化学制药,2026-08-09 05:15:07
000598,兴蓉环境,SZ,环境治理,2026-08-09 05:15:07
000599,青岛双星,SZ,汽车零部件,2026-08-09 05:15:07
000600,建投能源,SZ,电力,2026-08-09 05:15:07
000601,韶能股份,SZ,电力,2026-08-09 05:15:07
000602,金马集团,SZ,-,2026-08-09 05:15:07
000603,盛达资源,SZ,贵金属,2026-08-09 05:15:07
000605,渤海股份,SZ,环境治理,2026-08-09 05:15:07
000606,顺利退,SZ,-,2026-08-09 05:15:07
000607,华媒控股,SZ,广告营销,2026-08-09 05:15:07
000608,阳光股份,SZ,房地产开发,2026-08-09 05:15:07
000609,*ST中迪,SZ,房地产开发,2026-08-09 05:15:07
000610,*ST西旅,SZ,旅游及景区,2026-08-09 05:15:07
000611,天首退,SZ,-,2026-08-09 05:15:07
000612,焦作万方,SZ,工业金属,2026-08-09 05:15:07
000613,东海A退,SZ,-,2026-08-09 05:15:07
000615,*ST美谷,SZ,医疗美容,2026-08-09 05:15:07
000616,*ST海投,SZ,-,2026-08-09 05:15:07
000617,中油资本,SZ,多元金融,2026-08-09 05:15:07
000618,吉林化工,SZ,-,2026-08-09 05:15:07
000619,海螺新材,SZ,装修建材,2026-08-09 05:15:07
000620,盈新发展,SZ,房地产开发,2026-08-09 05:15:07
000621,*ST比特,SZ,-,2026-08-09 05:15:07
000622,恒立退,SZ,-,2026-08-09 05:15:07
000623,吉林敖东,SZ,中药Ⅱ,2026-08-09 05:15:07
000625,长安汽车,SZ,乘用车,2026-08-09 05:15:07
000626,远大控股,SZ,物流,2026-08-09 05:15:07
000627,*ST天茂,SZ,-,2026-08-09 05:15:07
000628,高新发展,SZ,房屋建设Ⅱ,2026-08-09 05:15:07
000629,钒钛股份,SZ,冶钢原料,2026-08-09 05:15:07
000630,铜陵有色,SZ,工业金属,2026-08-09 05:15:07
000631,顺发恒能,SZ,电力,2026-08-09 05:15:07
000632,ST三木,SZ,综合Ⅱ,2026-08-09 05:15:07
000633,合金投资,SZ,金属新材料,2026-08-09 05:15:07
000635,英 力 特,SZ,化学原料,2026-08-09 05:15:07
000636,风华高科,SZ,元件,2026-08-09 05:15:07
000637,茂化实华,SZ,炼化及贸易,2026-08-09 05:15:07
000638,*ST万方,SZ,-,2026-08-09 05:15:07
000639,ST西王,SZ,食品加工,2026-08-09 05:15:07
000650,仁和药业,SZ,中药Ⅱ,2026-08-09 05:15:07
000651,格力电器,SZ,白色家电,2026-08-09 05:15:07
000652,泰达股份,SZ,环境治理,2026-08-09 05:15:07
000653,ST九州,SZ,-,2026-08-09 05:15:07
000655,金岭矿业,SZ,冶钢原料,2026-08-09 05:15:07
000656,金科股份,SZ,房地产开发,2026-08-09 05:15:07
000657,中钨高新,SZ,小金属,2026-08-09 05:15:07
000658,ST海洋,SZ,-,2026-08-09 05:15:07
000659,珠海中富,SZ,包装印刷,2026-08-09 05:15:07
000660,*ST南华,SZ,-,2026-08-09 05:15:07
000661,长春高新,SZ,生物制品,2026-08-09 05:15:07
000662,天夏退,SZ,-,2026-08-09 05:15:07
000663,永安林业,SZ,林业Ⅱ,2026-08-09 05:15:07
000665,湖北广电,SZ,电视广播Ⅱ,2026-08-09 05:15:07
000666,经纬纺机,SZ,-,2026-08-09 05:15:07
000667,ST美置,SZ,-,2026-08-09 05:15:07
000668,荣丰控股,SZ,房地产开发,2026-08-09 05:15:07
000669,ST金鸿,SZ,燃气Ⅱ,2026-08-09 05:15:07
000670,盈方微,SZ,其他电子Ⅱ,2026-08-09 05:15:07
000671,ST阳光城,SZ,-,2026-08-09 05:15:07
000672,上峰材料,SZ,水泥,2026-08-09 05:15:07
000673,当代退,SZ,-,2026-08-09 05:15:07
000675,ST银山,SZ,-,2026-08-09 05:15:07
000676,智度股份,SZ,广告营销,2026-08-09 05:15:07
000677,ST海龙,SZ,化学纤维,2026-08-09 05:15:07
000678,襄阳轴承,SZ,汽车零部件,2026-08-09 05:15:07
000679,大连友谊,SZ,一般零售,2026-08-09 05:15:07
000680,山推股份,SZ,工程机械,2026-08-09 05:15:07
000681,视觉中国,SZ,数字媒体,2026-08-09 05:15:07
000682,东方电子,SZ,电网设备,2026-08-09 05:15:07
000683,博源化工,SZ,化学原料,2026-08-09 05:15:07
000685,中山公用,SZ,环境治理,2026-08-09 05:15:07
000686,东北证券,SZ,证券Ⅱ,2026-08-09 05:15:07
000687,华讯退,SZ,-,2026-08-09 05:15:07
000688,国城矿业,SZ,小金属,2026-08-09 05:15:07
000689,ST宏业,SZ,-,2026-08-09 05:15:07
000690,宝新能源,SZ,电力,2026-08-09 05:15:07
000691,亚太实业,SZ,化学原料,2026-08-09 05:15:07
000692,惠天热电,SZ,电力,2026-08-09 05:15:07
000693,华泽退,SZ,-,2026-08-09 05:15:07
000695,滨海能源,SZ,电池,2026-08-09 05:15:07
000697,炼石航空,SZ,航空装备Ⅱ,2026-08-09 05:15:07
000698,ST沈化,SZ,炼化及贸易,2026-08-09 05:15:07
000699,S*ST佳纸,SZ,-,2026-08-09 05:15:07
000700,模塑科技,SZ,汽车零部件,2026-08-09 05:15:07
000701,厦门信达,SZ,贸易Ⅱ,2026-08-09 05:15:07
000702,正虹科技,SZ,饲料,2026-08-09 05:15:07
000703,恒逸石化,SZ,炼化及贸易,2026-08-09 05:15:07
000705,浙江震元,SZ,医药商业,2026-08-09 05:15:07
000707,双环科技,SZ,化学原料,2026-08-09 05:15:07
000708,中信特钢,SZ,特钢Ⅱ,2026-08-09 05:15:07
000709,河钢股份,SZ,普钢,2026-08-09 05:15:07
000710,贝瑞基因,SZ,医疗服务,2026-08-09 05:15:07
000711,ST京蓝,SZ,环境治理,2026-08-09 05:15:07
000712,锦龙股份,SZ,证券Ⅱ,2026-08-09 05:15:07
000713,国投丰乐,SZ,种植业,2026-08-09 05:15:07
000715,中兴商业,SZ,一般零售,2026-08-09 05:15:07
000716,黑芝麻,SZ,休闲食品,2026-08-09 05:15:07
000717,中南股份,SZ,普钢,2026-08-09 05:15:07
000718,苏宁环球,SZ,房地产开发,2026-08-09 05:15:07
000719,中原传媒,SZ,出版,2026-08-09 05:15:07
000720,新能泰山,SZ,电网设备,2026-08-09 05:15:07
000721,西安饮食,SZ,酒店餐饮,2026-08-09 05:15:07
000722,湖南发展,SZ,电力,2026-08-09 05:15:07
000723,美锦能源,SZ,焦炭Ⅱ,2026-08-09 05:15:07
000725,京东方Ａ,SZ,光学光电子,2026-08-09 05:15:07
000726,鲁  泰Ａ,SZ,纺织制造,2026-08-09 05:15:07
000727,冠捷科技,SZ,光学光电子,2026-08-09 05:15:07
000728,国元证券,SZ,证券Ⅱ,2026-08-09 05:15:07
000729,燕京啤酒,SZ,非白酒,2026-08-09 05:15:07
000730,*ST环保,SZ,-,2026-08-09 05:15:07
000731,四川美丰,SZ,农化制品,2026-08-09 05:15:07
000732,ST泰禾,SZ,-,2026-08-09 05:15:07
000733,振华科技,SZ,军工电子Ⅱ,2026-08-09 05:15:07
000735,罗 牛 山,SZ,养殖业,2026-08-09 05:15:07
000736,中交发展,SZ,房地产服务,2026-08-09 05:15:07
000737,北方铜业,SZ,工业金属,2026-08-09 05:15:07
000738,航发控制,SZ,航空装备Ⅱ,2026-08-09 05:15:07
000739,普洛药业,SZ,化学制药,2026-08-09 05:15:07
000748,长城信息,SZ,-,2026-08-09 05:15:07
000750,国海证券,SZ,证券Ⅱ,2026-08-09 05:15:07
000751,锌业股份,SZ,工业金属,2026-08-09 05:15:07
000752,*ST西发,SZ,非白酒,2026-08-09 05:15:07
000753,漳州发展,SZ,综合Ⅱ,2026-08-09 05:15:07
000755,山西高速,SZ,铁路公路,2026-08-09 05:15:07
000756,新华制药,SZ,化学制药,2026-08-09 05:15:07
000757,浩物股份,SZ,汽车服务,2026-08-09 05:15:07
000758,中色股份,SZ,工业金属,2026-08-09 05:15:07
000759,中百集团,SZ,一般零售,2026-08-09 05:15:07
000760,斯太退,SZ,-,2026-08-09 05:15:07
000761,本钢板材,SZ,普钢,2026-08-09 05:15:07
000762,西藏矿业,SZ,能源金属,2026-08-09 05:15:07
000763,锦州石化,SZ,-,2026-08-09 05:15:07
000765,*ST华信,SZ,-,2026-08-09 05:15:07
000766,通化金马,SZ,化学制药,2026-08-09 05:15:07
000767,晋控电力,SZ,电力,2026-08-09 05:15:07
000768,中航西飞,SZ,航空装备Ⅱ,2026-08-09 05:15:07
000769,*ST大菲,SZ,-,2026-08-09 05:15:07
000776,广发证券,SZ,证券Ⅱ,2026-08-09 05:15:07
000777,中核科技,SZ,通用设备,2026-08-09 05:15:07
000778,新兴铸管,SZ,普钢,2026-08-09 05:15:07
000779,甘咨询,SZ,工程咨询服务Ⅱ,2026-08-09 05:15:07
000780,ST平能,SZ,-,2026-08-09 05:15:07
000782,恒申新材,SZ,化学纤维,2026-08-09 05:15:07
000783,长江证券,SZ,证券Ⅱ,2026-08-09 05:15:07
000785,居然智家,SZ,一般零售,2026-08-09 05:15:07
000786,北新建材,SZ,装修建材,2026-08-09 05:15:07
000787,*ST创智,SZ,-,2026-08-09 05:15:07
000788,北大医药,SZ,化学制药,2026-08-09 05:15:07
000789,万年青,SZ,水泥,2026-08-09 05:15:07
000790,华神科技,SZ,中药Ⅱ,2026-08-09 05:15:07
000791,甘肃能源,SZ,电力,2026-08-09 05:15:07
000792,盐湖股份,SZ,农化制品,2026-08-09 05:15:07
000793,ST华闻,SZ,出版,2026-08-09 05:15:07
000795,英洛华,SZ,金属新材料,2026-08-09 05:15:07
000796,凯撒旅业,SZ,旅游及景区,2026-08-09 05:15:07
000797,中国武夷,SZ,房地产开发,2026-08-09 05:15:07
000798,中水渔业,SZ,渔业,2026-08-09 05:15:07
000799,酒鬼酒,SZ,白酒Ⅱ,2026-08-09 05:15:07
000800,一汽解放,SZ,商用车,2026-08-09 05:15:07
000801,四川九洲,SZ,黑色家电,2026-08-09 05:15:07
000802,北京文化,SZ,影视院线,2026-08-09 05:15:07
000803,山高环能,SZ,电力,2026-08-09 05:15:07
000805,*ST炎黄,SZ,-,2026-08-09 05:15:07
000806,银河退,SZ,-,2026-08-09 05:15:07
000807,云铝股份,SZ,工业金属,2026-08-09 05:15:07
000809,和展能源,SZ,风电设备,2026-08-09 05:15:07
000810,创维数字,SZ,黑色家电,2026-08-09 05:15:07
000811,冰轮环境,SZ,通用设备,2026-08-09 05:15:07
000812,陕西金叶,SZ,包装印刷,2026-08-09 05:15:07
000813,德展健康,SZ,化学制药,2026-08-09 05:15:07
000815,美利云,SZ,IT服务Ⅱ,2026-08-09 05:15:07
000816,智慧农业,SZ,汽车零部件,2026-08-09 05:15:07
000817,辽河油田,SZ,-,2026-08-09 05:15:07
000818,航锦科技,SZ,化学原料,2026-08-09 05:15:07
000819,岳阳兴长,SZ,炼化及贸易,2026-08-09 05:15:07
000820,神雾节能,SZ,环保设备Ⅱ,2026-08-09 05:15:07
000821,ST京机,SZ,光伏设备,2026-08-09 05:15:07
000822,山东海化,SZ,化学原料,2026-08-09 05:15:07
000823,超声电子,SZ,元件,2026-08-09 05:15:07
000825,太钢不锈,SZ,特钢Ⅱ,2026-08-09 05:15:07
000826,*ST启环,SZ,环境治理,2026-08-09 05:15:07
000827,*ST长兴,SZ,-,2026-08-09 05:15:07
000828,东莞控股,SZ,铁路公路,2026-08-09 05:15:07
000829,天音控股,SZ,专业连锁Ⅱ,2026-08-09 05:15:07
000830,鲁西化工,SZ,化学原料,2026-08-09 05:15:07
000831,中国稀土,SZ,小金属,2026-08-09 05:15:07
000832,*ST龙涤,SZ,-,2026-08-09 05:15:07
000833,粤桂股份,SZ,综合Ⅱ,2026-08-09 05:15:07
000835,长动退,SZ,-,2026-08-09 05:15:07
000836,ST富通,SZ,-,2026-08-09 05:15:07
000837,秦川机床,SZ,通用设备,2026-08-09 05:15:07
000838,*ST发展,SZ,房地产开发,2026-08-09 05:15:07
000839,国安股份,SZ,通信服务,2026-08-09 05:15:07
000848,承德露露,SZ,饮料乳品,2026-08-09 05:15:07
000850,华茂股份,SZ,纺织制造,2026-08-09 05:15:07
000851,*ST高鸿,SZ,-,2026-08-09 05:15:07
000852,石化机械,SZ,专用设备,2026-08-09 05:15:07
000856,冀东装备,SZ,专用设备,2026-08-09 05:15:07
000858,五 粮 液,SZ,白酒Ⅱ,2026-08-09 05:15:07
000859,国风新材,SZ,塑料,2026-08-09 05:15:07
000860,顺鑫农业,SZ,白酒Ⅱ,2026-08-09 05:15:07
000861,海印股份,SZ,-,2026-08-09 05:15:07
000862,银星能源,SZ,电力,2026-08-09 05:15:07
000863,三湘印象,SZ,房地产开发,2026-08-09 05:15:07
000866,扬子石化,SZ,-,2026-08-09 05:15:07
000868,安凯客车,SZ,商用车,2026-08-09 05:15:07
000869,张  裕Ａ,SZ,非白酒,2026-08-09 05:15:07
000875,电投绿能,SZ,电力,2026-08-09 05:15:07
000876,新 希 望,SZ,饲料,2026-08-09 05:15:07
000877,天山股份,SZ,水泥,2026-08-09 05:15:07
000878,云南铜业,SZ,工业金属,2026-08-09 05:15:07
000880,潍柴重机,SZ,通用设备,2026-08-09 05:15:07
000881,中广核技,SZ,化学制品,2026-08-09 05:15:07
000882,华联股份,SZ,一般零售,2026-08-09 05:15:07
000883,湖北能源,SZ,电力,2026-08-09 05:15:07
000885,城发环境,SZ,环境治理,2026-08-09 05:15:07
000886,海南高速,SZ,铁路公路,2026-08-09 05:15:07
000887,中鼎股份,SZ,汽车零部件,2026-08-09 05:15:07
000888,峨眉山Ａ,SZ,旅游及景区,2026-08-09 05:15:07
000889,中嘉博创,SZ,通信服务,2026-08-09 05:15:07
000890,法尔胜,SZ,环保设备Ⅱ,2026-08-09 05:15:07
000892,欢瑞世纪,SZ,影视院线,2026-08-09 05:15:07
000893,亚钾国际,SZ,农化制品,2026-08-09 05:15:07
000895,双汇发展,SZ,食品加工,2026-08-09 05:15:07
000897,津滨发展,SZ,房地产开发,2026-08-09 05:15:07
000898,鞍钢股份,SZ,普钢,2026-08-09 05:15:07
000899,赣能股份,SZ,电力,2026-08-09 05:15:07
000900,现代投资,SZ,铁路公路,2026-08-09 05:15:07
000901,航天科技,SZ,汽车零部件,2026-08-09 05:15:07
000902,新洋丰,SZ,农化制品,2026-08-09 05:15:07
000903,ST云动,SZ,汽车零部件,2026-08-09 05:15:07
000905,厦门港务,SZ,航运港口,2026-08-09 05:15:07
000906,浙商中拓,SZ,物流,2026-08-09 05:15:07
000908,石药景峰,SZ,化学制药,2026-08-09 05:15:07
000909,*ST数源,SZ,房地产开发,2026-08-09 05:15:07
000910,大亚圣象,SZ,家居用品,2026-08-09 05:15:07
000911,*ST广糖,SZ,农产品加工,2026-08-09 05:15:07
000912,泸天化,SZ,农化制品,2026-08-09 05:15:07
000913,钱江摩托,SZ,摩托车及其他,2026-08-09 05:15:07
000915,华特达因,SZ,化学制药,2026-08-09 05:15:07
000916,华北高速,SZ,-,2026-08-09 05:15:07
000917,电广传媒,SZ,电视广播Ⅱ,2026-08-09 05:15:07
000918,*ST嘉凯,SZ,-,2026-08-09 05:15:07
000919,金陵药业,SZ,化学制药,2026-08-09 05:15:07
000920,沃顿科技,SZ,塑料,2026-08-09 05:15:07
000921,海信家电,SZ,白色家电,2026-08-09 05:15:07
000922,佳电股份,SZ,电机Ⅱ,2026-08-09 05:15:07
000923,河钢资源,SZ,冶钢原料,2026-08-09 05:15:07
000925,众合科技,SZ,轨交设备Ⅱ,2026-08-09 05:15:07
000926,福星股份,SZ,房地产开发,2026-08-09 05:15:07
000927,中国铁物,SZ,轨交设备Ⅱ,2026-08-09 05:15:07
000928,中钢国际,SZ,专业工程,2026-08-09 05:15:07
000929,兰州黄河,SZ,非白酒,2026-08-09 05:15:07
000930,中粮科技,SZ,农产品加工,2026-08-09 05:15:07
000931,中 关 村,SZ,化学制药,2026-08-09 05:15:07
000932,华菱钢铁,SZ,普钢,2026-08-09 05:15:07
000933,神火股份,SZ,工业金属,2026-08-09 05:15:07
000935,四川双马,SZ,多元金融,2026-08-09 05:15:07
000936,华西股份,SZ,化学纤维,2026-08-09 05:15:07
000937,冀中能源,SZ,煤炭开采,2026-08-09 05:15:07
000938,紫光股份,SZ,IT服务Ⅱ,2026-08-09 05:15:07
000939,凯迪退,SZ,-,2026-08-09 05:15:07
000948,南天信息,SZ,软件开发,2026-08-09 05:15:07
000949,新乡化纤,SZ,化学纤维,2026-08-09 05:15:07
000950,重药控股,SZ,医药商业,2026-08-09 05:15:07
000951,中国重汽,SZ,商用车,2026-08-09 05:15:07
000952,广济药业,SZ,化学制药,2026-08-09 05:15:07
000953,中哲精化,SZ,化学制药,2026-08-09 05:15:07
000955,欣龙控股,SZ,纺织制造,2026-08-09 05:15:07
000956,中原油气,SZ,-,2026-08-09 05:15:07
000957,中通客车,SZ,商用车,2026-08-09 05:15:07
000958,电投产融,SZ,电力,2026-08-09 05:15:07
000959,首钢股份,SZ,普钢,2026-08-09 05:15:07
000960,锡业股份,SZ,小金属,2026-08-09 05:15:07
000961,ST中南,SZ,-,2026-08-09 05:15:07
000962,东方钽业,SZ,小金属,2026-08-09 05:15:07
000963,华东医药,SZ,化学制药,2026-08-09 05:15:07
000965,天保基建,SZ,房地产开发,2026-08-09 05:15:07
000966,长源电力,SZ,电力,2026-08-09 05:15:07
000967,盈峰环境,SZ,环保设备Ⅱ,2026-08-09 05:15:07
000968,蓝焰控股,SZ,油气开采Ⅱ,2026-08-09 05:15:07
000969,安泰科技,SZ,金属新材料,2026-08-09 05:15:07
000970,中科三环,SZ,金属新材料,2026-08-09 05:15:07
000971,*ST高升,SZ,-,2026-08-09 05:15:07
000972,中基健康,SZ,农产品加工,2026-08-09 05:15:07
000973,佛塑科技,SZ,塑料,2026-08-09 05:15:07
000975,山金国际,SZ,贵金属,2026-08-09 05:15:07
000976,*ST华铁,SZ,-,2026-08-09 05:15:07
000977,浪潮信息,SZ,计算机设备,2026-08-09 05:15:07
000978,桂林旅游,SZ,旅游及景区,2026-08-09 05:15:07
000979,中弘退,SZ,-,2026-08-09 05:15:07
000980,众泰汽车,SZ,汽车零部件,2026-08-09 05:15:07
000981,山子高科,SZ,汽车零部件,2026-08-09 05:15:07
000982,中银绒业,SZ,-,2026-08-09 05:15:07
000983,山西焦煤,SZ,煤炭开采,2026-08-09 05:15:07
000985,大庆华科,SZ,炼化及贸易,2026-08-09 05:15:07
000987,越秀资本,SZ,多元金融,2026-08-09 05:15:07
000988,华工科技,SZ,自动化设备,2026-08-09 05:15:07
000989,九芝堂,SZ,中药Ⅱ,2026-08-09 05:15:07
000990,诚志股份,SZ,化学原料,2026-08-09 05:15:07
000993,闽东电力,SZ,电力,2026-08-09 05:15:07
000995,皇台酒业,SZ,白酒Ⅱ,2026-08-09 05:15:07
000996,中期退,SZ,-,2026-08-09 05:15:07
000997,新 大 陆,SZ,计算机设备,2026-08-09 05:15:07
000998,隆平高科,SZ,种植业,2026-08-09 05:15:07
000999,华润三九,SZ,中药Ⅱ,2026-08-09 05:15:07
001201,东瑞股份,SZ,养殖业,2026-08-09 05:15:07
001202,炬申股份,SZ,物流,2026-08-09 05:15:07
001203,大中矿业,SZ,冶钢原料,2026-08-09 05:15:07
001205,盛航股份,SZ,航运港口,2026-08-09 05:15:07
001206,依依股份,SZ,个护用品,2026-08-09 05:15:07
001207,联科科技,SZ,橡胶,2026-08-09 05:15:07
001208,华菱线缆,SZ,电网设备,2026-08-09 05:15:07
001209,洪兴股份,SZ,服装家纺,2026-08-09 05:15:07
001210,金房能源,SZ,电力,2026-08-09 05:15:07
001211,双枪科技,SZ,家居用品,2026-08-09 05:15:07
001212,中旗新材,SZ,装修建材,2026-08-09 05:15:07
001213,中铁特货,SZ,铁路公路,2026-08-09 05:15:07
001215,千味央厨,SZ,食品加工,2026-08-09 05:15:07
001216,华瓷股份,SZ,家居用品,2026-08-09 05:15:07
001217,华尔泰,SZ,化学原料,2026-08-09 05:15:07
001218,丽臣实业,SZ,化学制品,2026-08-09 05:15:07
001219,青岛食品,SZ,休闲食品,2026-08-09 05:15:07
001220,世盟股份,SZ,物流,2026-08-09 05:15:07
001221,悍高集团,SZ,家居用品,2026-08-09 05:15:07
001222,源飞宠物,SZ,文娱用品,2026-08-09 05:15:07
001223,欧克科技,SZ,自动化设备,2026-08-09 05:15:07
001225,和泰机电,SZ,专用设备,2026-08-09 05:15:07
001226,拓山重工,SZ,工程机械,2026-08-09 05:15:07
001227,兰州银行,SZ,银行Ⅱ,2026-08-09 05:15:07
001228,永泰运,SZ,物流,2026-08-09 05:15:07
001229,魅视科技,SZ,计算机设备,2026-08-09 05:15:07
001230,劲旅环境,SZ,环境治理,2026-08-09 05:15:07
001231,农心科技,SZ,农化制品,2026-08-09 05:15:07
001232,C嘉立创,SZ,元件,2026-08-09 05:15:07
001233,海安集团,SZ,汽车零部件,2026-08-09 05:15:07
001234,泰慕士,SZ,服装家纺,2026-08-09 05:15:07
001236,弘业期货,SZ,多元金融,2026-08-09 05:15:07
001237,惠康科技,SZ,通用设备,2026-08-09 05:15:07
001238,浙江正特,SZ,文娱用品,2026-08-09 05:15:07
001239,永达股份,SZ,工程机械,2026-08-09 05:15:07
001248,华润新能,SZ,电力,2026-08-09 05:15:07
001255,博菲电气,SZ,塑料,2026-08-09 05:15:07
001256,炜冈科技,SZ,专用设备,2026-08-09 05:15:07
001257,盛龙股份,SZ,小金属,2026-08-09 05:15:07
001258,立新能源,SZ,电力,2026-08-09 05:15:07
001259,利仁科技,SZ,小家电,2026-08-09 05:15:07
001260,坤泰股份,SZ,汽车零部件,2026-08-09 05:15:07
001266,宏英智能,SZ,自动化设备,2026-08-09 05:15:07
001267,汇绿生态,SZ,通信设备,2026-08-09 05:15:07
001268,联合精密,SZ,家电零部件Ⅱ,2026-08-09 05:15:07
001269,欧晶科技,SZ,光伏设备,2026-08-09 05:15:07
001270,铖昌科技,SZ,军工电子Ⅱ,2026-08-09 05:15:07
001277,速达股份,SZ,专用设备,2026-08-09 05:15:07
001278,一彬科技,SZ,汽车零部件,2026-08-09 05:15:07
001279,强邦新材,SZ,包装印刷,2026-08-09 05:15:07
001280,中国铀业,SZ,小金属,2026-08-09 05:15:07
001282,三联锻造,SZ,汽车零部件,2026-08-09 05:15:07
001283,豪鹏科技,SZ,电池,2026-08-09 05:15:07
001285,瑞立科密,SZ,汽车零部件,2026-08-09 05:15:07
001286,陕西能源,SZ,电力,2026-08-09 05:15:07
001287,中电港,SZ,其他电子Ⅱ,2026-08-09 05:15:07
001288,运机集团,SZ,专用设备,2026-08-09 05:15:07
001289,龙源电力,SZ,电力,2026-08-09 05:15:07
001296,长江材料,SZ,非金属材料Ⅱ,2026-08-09 05:15:07
001298,好上好,SZ,其他电子Ⅱ,2026-08-09 05:15:07
001299,美能能源,SZ,燃气Ⅱ,2026-08-09 05:15:07
001300,三柏硕,SZ,文娱用品,2026-08-09 05:15:07
001301,尚太科技,SZ,电池,2026-08-09 05:15:07
001306,夏厦精密,SZ,通用设备,2026-08-09 05:15:07
001308,康冠科技,SZ,光学光电子,2026-08-09 05:15:07
001309,德明利,SZ,半导体,2026-08-09 05:15:07
001311,多利科技,SZ,汽车零部件,2026-08-09 05:15:07
001312,福恩股份,SZ,纺织制造,2026-08-09 05:15:07
001313,粤海饲料,SZ,饲料,2026-08-09 05:15:07
001314,亿道信息,SZ,消费电子,2026-08-09 05:15:07
001316,润贝航科,SZ,炼化及贸易,2026-08-09 05:15:07
001317,三羊马,SZ,铁路公路,2026-08-09 05:15:07
001318,阳光乳业,SZ,饮料乳品,2026-08-09 05:15:07
001319,铭科精技,SZ,汽车零部件,2026-08-09 05:15:07
001322,箭牌家居,SZ,家居用品,2026-08-09 05:15:07
001323,慕思股份,SZ,家居用品,2026-08-09 05:15:07
001324,长青科技,SZ,轨交设备Ⅱ,2026-08-09 05:15:07
001325,元创股份,SZ,橡胶,2026-08-09 05:15:07
001326,联域股份,SZ,照明设备Ⅱ,2026-08-09 05:15:07
001328,登康口腔,SZ,个护用品,2026-08-09 05:15:07
001330,博纳影业,SZ,影视院线,2026-08-09 05:15:07
001331,胜通能源,SZ,燃气Ⅱ,2026-08-09 05:15:07
001332,锡装股份,SZ,专用设备,2026-08-09 05:15:07
001333,光华股份,SZ,塑料,2026-08-09 05:15:07
001335,信凯科技,SZ,化学制品,2026-08-09 05:15:07
001336,楚环科技,SZ,环保设备Ⅱ,2026-08-09 05:15:07
001337,四川黄金,SZ,贵金属,2026-08-09 05:15:07
001338,永顺泰,SZ,农产品加工,2026-08-09 05:15:07
001339,智微智能,SZ,计算机设备,2026-08-09 05:15:07
001356,富岭股份,SZ,家居用品,2026-08-09 05:15:07
001358,兴欣新材,SZ,化学制品,2026-08-09 05:15:07
001359,平安电工,SZ,塑料,2026-08-09 05:15:07
001360,南矿集团,SZ,专用设备,2026-08-09 05:15:07
001365,天海电子,SZ,汽车零部件,2026-08-09 05:15:07
001366,播恩集团,SZ,饲料,2026-08-09 05:15:07
001367,海森药业,SZ,化学制药,2026-08-09 05:15:07
001368,通达创智,SZ,文娱用品,2026-08-09 05:15:07
001369,双欣材料,SZ,化学纤维,2026-08-09 05:15:07
001373,翔腾新材,SZ,光学光电子,2026-08-09 05:15:07
001376,百通能源,SZ,电力,2026-08-09 05:15:07
001378,德冠新材,SZ,塑料,2026-08-09 05:15:07
001379,腾达科技,SZ,通用设备,2026-08-09 05:15:07
001380,华纬科技,SZ,汽车零部件,2026-08-09 05:15:07
001382,新亚电缆,SZ,电网设备,2026-08-09 05:15:07
001386,马可波罗,SZ,家居用品,2026-08-09 05:15:07
001387,雪祺电气,SZ,白色家电,2026-08-09 05:15:07
001388,信通电子,SZ,电网设备,2026-08-09 05:15:07
001389,广合科技,SZ,元件,2026-08-09 05:15:07
001390,古麒绒材,SZ,纺织制造,2026-08-09 05:15:07
001391,国货航,SZ,物流,2026-08-09 05:15:07
001393,维通利,SZ,电网设备,2026-08-09 05:15:07
001395,亚联机械,SZ,专用设备,2026-08-09 05:15:07
001396,誉帆科技,SZ,基础建设,2026-08-09 05:15:07
001399,惠科股份,SZ,光学光电子,2026-08-09 05:15:07
001400,江顺科技,SZ,专用设备,2026-08-09 05:15:07
001696,宗申动力,SZ,通用设备,2026-08-09 05:15:07
001872,招商港口,SZ,航运港口,2026-08-09 05:15:07
001896,豫能控股,SZ,电力,2026-08-09 05:15:07
001914,招商积余,SZ,房地产服务,2026-08-09 05:15:07
001965,招商公路,SZ,铁路公路,2026-08-09 05:15:07
001979,招商蛇口,SZ,房地产开发,2026-08-09 05:15:07
002001,新 和 成,SZ,化学制品,2026-08-09 05:15:07
002002,ST鸿达,SZ,-,2026-08-09 05:15:07
002003,伟星股份,SZ,纺织制造,2026-08-09 05:15:07
002004,华邦健康,SZ,化学制药,2026-08-09 05:15:07
002005,德豪润达,SZ,小家电,2026-08-09 05:15:07
002006,精工科技,SZ,专用设备,2026-08-09 05:15:07
002007,华兰生物,SZ,生物制品,2026-08-09 05:15:07
002008,大族激光,SZ,自动化设备,2026-08-09 05:15:07
002009,天奇股份,SZ,专用设备,2026-08-09 05:15:07
002010,传化智联,SZ,物流,2026-08-09 05:15:07
002011,盾安环境,SZ,家电零部件Ⅱ,2026-08-09 05:15:07
002012,凯恩股份,SZ,造纸,2026-08-09 05:15:07
002013,中航机电,SZ,-,2026-08-09 05:15:07
002014,永新股份,SZ,包装印刷,2026-08-09 05:15:07
002015,协鑫能科,SZ,电力,2026-08-09 05:15:07
002016,世荣兆业,SZ,房地产开发,2026-08-09 05:15:07
002017,东信和平,SZ,通信设备,2026-08-09 05:15:07
002018,华信退,SZ,-,2026-08-09 05:15:07
002019,亿帆医药,SZ,化学制药,2026-08-09 05:15:07
002020,京新药业,SZ,化学制药,2026-08-09 05:15:07
002021,中捷资源,SZ,专用设备,2026-08-09 05:15:07
002022,科华生物,SZ,医疗器械,2026-08-09 05:15:07
002023,海特高新,SZ,航空装备Ⅱ,2026-08-09 05:15:07
002024,ST易购,SZ,互联网电商,2026-08-09 05:15:07
002025,航天电器,SZ,军工电子Ⅱ,2026-08-09 05:15:07
002026,山东威达,SZ,通用设备,2026-08-09 05:15:07
002027,分众传媒,SZ,广告营销,2026-08-09 05:15:07
002028,思源电气,SZ,电网设备,2026-08-09 05:15:07
002029,七 匹 狼,SZ,服装家纺,2026-08-09 05:15:07
002030,达安基因,SZ,医疗器械,2026-08-09 05:15:07
002031,巨轮智能,SZ,专用设备,2026-08-09 05:15:07
002032,苏 泊 尔,SZ,小家电,2026-08-09 05:15:07
002033,丽江股份,SZ,旅游及景区,2026-08-09 05:15:07
002034,旺能环境,SZ,环境治理,2026-08-09 05:15:07
002035,华帝股份,SZ,厨卫电器,2026-08-09 05:15:07
002036,联创电子,SZ,光学光电子,2026-08-09 05:15:07
002037,保利联合,SZ,化学制品,2026-08-09 05:15:07
002038,双鹭药业,SZ,化学制药,2026-08-09 05:15:07
002039,黔源电力,SZ,电力,2026-08-09 05:15:07
002040,南 京 港,SZ,航运港口,2026-08-09 05:15:07
002041,登海种业,SZ,种植业,2026-08-09 05:15:07
002042,华孚时尚,SZ,纺织制造,2026-08-09 05:15:07
002043,兔 宝 宝,SZ,装修建材,2026-08-09 05:15:07
002044,美年健康,SZ,医疗服务,2026-08-09 05:15:07
002045,国光电器,SZ,消费电子,2026-08-09 05:15:07
002046,国机精工,SZ,通用设备,2026-08-09 05:15:07
002047,宝鹰股份,SZ,装修装饰Ⅱ,2026-08-09 05:15:07
002048,宁波华翔,SZ,汽车零部件,2026-08-09 05:15:07
002049,紫光国微,SZ,半导体,2026-08-09 05:15:07
002050,三花智控,SZ,家电零部件Ⅱ,2026-08-09 05:15:07
002051,中工国际,SZ,专业工程,2026-08-09 05:15:07
002052,同洲电子,SZ,其他电源设备Ⅱ,2026-08-09 05:15:07
002053,云南能投,SZ,电力,2026-08-09 05:15:07
002054,德美化工,SZ,化学制品,2026-08-09 05:15:07
002055,ST得润,SZ,消费电子,2026-08-09 05:15:07
002056,横店东磁,SZ,光伏设备,2026-08-09 05:15:07
002057,中钢天源,SZ,专业服务,2026-08-09 05:15:07
002058,威尔泰,SZ,电池,2026-08-09 05:15:07
002059,云南旅游,SZ,旅游及景区,2026-08-09 05:15:07
002060,广东建工,SZ,基础建设,2026-08-09 05:15:07
002061,浙江交科,SZ,基础建设,2026-08-09 05:15:07
002062,宏润建设,SZ,基础建设,2026-08-09 05:15:07
002063,远光软件,SZ,软件开发,2026-08-09 05:15:07
002064,华峰化学,SZ,化学纤维,2026-08-09 05:15:07
002065,东华软件,SZ,IT服务Ⅱ,2026-08-09 05:15:07
002066,瑞泰科技,SZ,装修建材,2026-08-09 05:15:07
002067,景兴纸业,SZ,造纸,2026-08-09 05:15:07
002068,黑猫股份,SZ,橡胶,2026-08-09 05:15:07
002069,獐子岛,SZ,渔业,2026-08-09 05:15:07
002070,众和退,SZ,-,2026-08-09 05:15:07
002071,长城退,SZ,-,2026-08-09 05:15:07
002072,凯瑞德,SZ,贸易Ⅱ,2026-08-09 05:15:07
002073,软控股份,SZ,专用设备,2026-08-09 05:15:07
002074,国轩高科,SZ,电池,2026-08-09 05:15:07
002075,沙钢股份,SZ,特钢Ⅱ,2026-08-09 05:15:07
002076,星光股份,SZ,照明设备Ⅱ,2026-08-09 05:15:07
002077,大港股份,SZ,半导体,2026-08-09 05:15:07
002078,太阳纸业,SZ,造纸,2026-08-09 05:15:07
002079,苏州固锝,SZ,光伏设备,2026-08-09 05:15:07
002080,中材科技,SZ,玻璃玻纤,2026-08-09 05:15:07
002081,金 螳 螂,SZ,装修装饰Ⅱ,2026-08-09 05:15:07
002082,ST万邦,SZ,化学制药,2026-08-09 05:15:07
002083,孚日股份,SZ,纺织制造,2026-08-09 05:15:07
002084,海鸥住工,SZ,家居用品,2026-08-09 05:15:07
002085,万丰奥威,SZ,汽车零部件,2026-08-09 05:15:07
002086,东方海洋,SZ,农产品加工,2026-08-09 05:15:07
002087,新纺退,SZ,-,2026-08-09 05:15:07
002088,鲁阳节能,SZ,装修建材,2026-08-09 05:15:07
002089,新海退,SZ,-,2026-08-09 05:15:07
002090,金智科技,SZ,电网设备,2026-08-09 05:15:07
002091,江苏国泰,SZ,贸易Ⅱ,2026-08-09 05:15:07
002092,中泰化学,SZ,化学原料,2026-08-09 05:15:07
002093,国脉科技,SZ,教育,2026-08-09 05:15:07
002094,青岛金王,SZ,家居用品,2026-08-09 05:15:07
002095,生 意 宝,SZ,数字媒体,2026-08-09 05:15:07
002096,易普力,SZ,化学制品,2026-08-09 05:15:07
002097,山河智能,SZ,工程机械,2026-08-09 05:15:07
002098,浔兴股份,SZ,纺织制造,2026-08-09 05:15:07
002099,海翔药业,SZ,化学制药,2026-08-09 05:15:07
002100,天康生物,SZ,养殖业,2026-08-09 05:15:07
002101,广东鸿图,SZ,汽车零部件,2026-08-09 05:15:07
002102,ST能特,SZ,化学制药,2026-08-09 05:15:07
002103,广博股份,SZ,文娱用品,2026-08-09 05:15:07
002104,恒宝股份,SZ,通信设备,2026-08-09 05:15:07
002105,信隆健康,SZ,摩托车及其他,2026-08-09 05:15:07
002106,莱宝高科,SZ,光学光电子,2026-08-09 05:15:07
002107,沃华医药,SZ,中药Ⅱ,2026-08-09 05:15:07
002108,沧州明珠,SZ,塑料,2026-08-09 05:15:07
002109,ST兴化,SZ,化学原料,2026-08-09 05:15:07
002110,三钢闽光,SZ,普钢,2026-08-09 05:15:07
002111,威海广泰,SZ,航空装备Ⅱ,2026-08-09 05:15:07
002112,三变科技,SZ,电网设备,2026-08-09 05:15:07
002113,*ST天润,SZ,-,2026-08-09 05:15:07
002114,罗平锌电,SZ,工业金属,2026-08-09 05:15:07
002115,三维通信,SZ,通信服务,2026-08-09 05:15:07
002116,中国海诚,SZ,专业工程,2026-08-09 05:15:07
002117,东港股份,SZ,包装印刷,2026-08-09 05:15:07
002118,*ST紫鑫,SZ,-,2026-08-09 05:15:07
002119,康强电子,SZ,半导体,2026-08-09 05:15:07
002120,韵达股份,SZ,物流,2026-08-09 05:15:07
002121,科陆电子,SZ,电网设备,2026-08-09 05:15:07
002122,ST汇洲,SZ,通用设备,2026-08-09 05:15:07
002123,梦网科技,SZ,通信服务,2026-08-09 05:15:07
002124,天邦食品,SZ,养殖业,2026-08-09 05:15:07
002125,湘潭电化,SZ,电池,2026-08-09 05:15:07
002126,银轮股份,SZ,汽车零部件,2026-08-09 05:15:07
002127,南极电商,SZ,互联网电商,2026-08-09 05:15:07
002128,电投能源,SZ,煤炭开采,2026-08-09 05:15:07
002129,TCL中环,SZ,光伏设备,2026-08-09 05:15:07
002130,沃尔核材,SZ,其他电子Ⅱ,2026-08-09 05:15:07
002131,利欧股份,SZ,通用设备,2026-08-09 05:15:07
002132,恒星科技,SZ,通用设备,2026-08-09 05:15:07
002133,广宇集团,SZ,房地产开发,2026-08-09 05:15:07
002134,天津普林,SZ,元件,2026-08-09 05:15:07
002135,东南网架,SZ,专业工程,2026-08-09 05:15:07
002136,安 纳 达,SZ,化学原料,2026-08-09 05:15:07
002137,实益达,SZ,光学光电子,2026-08-09 05:15:07
002138,顺络电子,SZ,元件,2026-08-09 05:15:07
002139,拓邦股份,SZ,消费电子,2026-08-09 05:15:07
002140,东华科技,SZ,专业工程,2026-08-09 05:15:07
002141,贤丰控股,SZ,元件,2026-08-09 05:15:07
002142,宁波银行,SZ,银行Ⅱ,2026-08-09 05:15:07
002143,印纪退,SZ,-,2026-08-09 05:15:07
002144,宏达高科,SZ,纺织制造,2026-08-09 05:15:07
002145,钛能化学,SZ,化学原料,2026-08-09 05:15:07
002146,荣盛发展,SZ,房地产开发,2026-08-09 05:15:07
002147,新光退,SZ,-,2026-08-09 05:15:07
002148,北纬科技,SZ,通信服务,2026-08-09 05:15:07
002149,西部材料,SZ,小金属,2026-08-09 05:15:07
002150,正泰电源,SZ,光伏设备,2026-08-09 05:15:07
002151,北斗星通,SZ,军工电子Ⅱ,2026-08-09 05:15:07
002152,广电运通,SZ,计算机设备,2026-08-09 05:15:07
002153,石基信息,SZ,软件开发,2026-08-09 05:15:07
002154,报 喜 鸟,SZ,服装家纺,2026-08-09 05:15:07
002155,湖南黄金,SZ,贵金属,2026-08-09 05:15:07
002156,通富微电,SZ,半导体,2026-08-09 05:15:07
002157,正邦科技,SZ,养殖业,2026-08-09 05:15:07
002158,汉钟精机,SZ,通用设备,2026-08-09 05:15:07
002159,三特索道,SZ,旅游及景区,2026-08-09 05:15:07
002160,常铝股份,SZ,工业金属,2026-08-09 05:15:07
002161,远 望 谷,SZ,其他电子Ⅱ,2026-08-09 05:15:07
002162,悦心健康,SZ,家居用品,2026-08-09 05:15:07
002163,海南发展,SZ,装修装饰Ⅱ,2026-08-09 05:15:07
002164,宁波东力,SZ,通用设备,2026-08-09 05:15:07
002165,红 宝 丽,SZ,化学制品,2026-08-09 05:15:07
002166,莱茵生物,SZ,化学制品,2026-08-09 05:15:07
002167,东方锆业,SZ,小金属,2026-08-09 05:15:07
002168,ST惠程,SZ,电网设备,2026-08-09 05:15:07
002169,智光电气,SZ,电网设备,2026-08-09 05:15:07
002170,芭田股份,SZ,农化制品,2026-08-09 05:15:07
002171,楚江新材,SZ,工业金属,2026-08-09 05:15:07
002172,澳洋健康,SZ,医疗服务,2026-08-09 05:15:07
002173,创新医疗,SZ,医疗服务,2026-08-09 05:15:07
002174,游族网络,SZ,游戏Ⅱ,2026-08-09 05:15:07
002175,*ST东智,SZ,通用设备,2026-08-09 05:15:07
002176,江特电机,SZ,电机Ⅱ,2026-08-09 05:15:07
002177,御银股份,SZ,一般零售,2026-08-09 05:15:07
002178,延华智能,SZ,软件开发,2026-08-09 05:15:07
002179,中航光电,SZ,军工电子Ⅱ,2026-08-09 05:15:07
002180,奔图科技,SZ,计算机设备,2026-08-09 05:15:07
002181,粤 传 媒,SZ,出版,2026-08-09 05:15:07
002182,宝武镁业,SZ,小金属,2026-08-09 05:15:07
002183,怡 亚 通,SZ,贸易Ⅱ,2026-08-09 05:15:07
002184,海得控制,SZ,自动化设备,2026-08-09 05:15:07
002185,华天科技,SZ,半导体,2026-08-09 05:15:07
002186,全 聚 德,SZ,酒店餐饮,2026-08-09 05:15:07
002187,广百股份,SZ,一般零售,2026-08-09 05:15:07
002188,中天服务,SZ,房地产服务,2026-08-09 05:15:07
002189,中光学,SZ,军工电子Ⅱ,2026-08-09 05:15:07
002190,成飞集成,SZ,汽车零部件,2026-08-09 05:15:07
002191,劲嘉股份,SZ,包装印刷,2026-08-09 05:15:07
002192,融捷股份,SZ,能源金属,2026-08-09 05:15:07
002193,ST如意,SZ,服装家纺,2026-08-09 05:15:07
002194,武汉凡谷,SZ,通信设备,2026-08-09 05:15:07
002195,岩山科技,SZ,IT服务Ⅱ,2026-08-09 05:15:07
002196,方正电机,SZ,电机Ⅱ,2026-08-09 05:15:07
002197,证通电子,SZ,计算机设备,2026-08-09 05:15:07
002198,ST嘉应,SZ,中药Ⅱ,2026-08-09 05:15:07
002199,东晶电子,SZ,元件,2026-08-09 05:15:07
002200,交投生态,SZ,基础建设,2026-08-09 05:15:07
002201,九鼎新材,SZ,玻璃玻纤,2026-08-09 05:15:07
002202,金风科技,SZ,风电设备,2026-08-09 05:15:07
002203,海亮股份,SZ,工业金属,2026-08-09 05:15:07
002204,大连重工,SZ,专用设备,2026-08-09 05:15:07
002205,国统股份,SZ,水泥,2026-08-09 05:15:07
002206,海 利 得,SZ,化学纤维,2026-08-09 05:15:07
002207,*ST准油,SZ,油服工程,2026-08-09 05:15:07
002208,合肥城建,SZ,房地产开发,2026-08-09 05:15:07
002209,达 意 隆,SZ,专用设备,2026-08-09 05:15:07
002210,飞马国际,SZ,环境治理,2026-08-09 05:15:07
002211,ST宏达,SZ,化学制品,2026-08-09 05:15:07
002212,天融信,SZ,软件开发,2026-08-09 05:15:07
002213,大为股份,SZ,半导体,2026-08-09 05:15:07
002214,大立科技,SZ,军工电子Ⅱ,2026-08-09 05:15:07
002215,诺 普 信,SZ,农化制品,2026-08-09 05:15:07
002216,三全食品,SZ,食品加工,2026-08-09 05:15:07
002217,ST合力泰,SZ,光学光电子,2026-08-09 05:15:07
002218,拓日新能,SZ,电力,2026-08-09 05:15:07
002219,新里程,SZ,医疗服务,2026-08-09 05:15:07
002220,天宝退,SZ,-,2026-08-09 05:15:07
002221,东华能源,SZ,炼化及贸易,2026-08-09 05:15:07
002222,福晶科技,SZ,光学光电子,2026-08-09 05:15:07
002223,鱼跃医疗,SZ,医疗器械,2026-08-09 05:15:07
002224,三 力 士,SZ,橡胶,2026-08-09 05:15:07
002225,濮耐股份,SZ,装修建材,2026-08-09 05:15:07
002226,江南化工,SZ,化学制品,2026-08-09 05:15:07
002227,*ST特迅,SZ,其他电源设备Ⅱ,2026-08-09 05:15:07
002228,合兴包装,SZ,包装印刷,2026-08-09 05:15:07
002229,鸿博股份,SZ,IT服务Ⅱ,2026-08-09 05:15:07
002230,科大讯飞,SZ,软件开发,2026-08-09 05:15:07
002231,*ST奥维,SZ,-,2026-08-09 05:15:07
002232,启明信息,SZ,IT服务Ⅱ,2026-08-09 05:15:07
002233,塔牌集团,SZ,水泥,2026-08-09 05:15:07
002234,民和股份,SZ,养殖业,2026-08-09 05:15:07
002235,安妮股份,SZ,造纸,2026-08-09 05:15:07
002236,大华股份,SZ,计算机设备,2026-08-09 05:15:07
002237,恒邦股份,SZ,贵金属,2026-08-09 05:15:07
002238,天威视讯,SZ,电视广播Ⅱ,2026-08-09 05:15:07
002239,奥特佳,SZ,汽车零部件,2026-08-09 05:15:07
002240,盛新锂能,SZ,能源金属,2026-08-09 05:15:07
002241,歌尔股份,SZ,消费电子,2026-08-09 05:15:07
002242,九阳股份,SZ,小家电,2026-08-09 05:15:07
002243,力合科创,SZ,化妆品,2026-08-09 05:15:07
002244,滨江集团,SZ,房地产开发,2026-08-09 05:15:07
002245,蔚蓝锂芯,SZ,电池,2026-08-09 05:15:07
002246,北化股份,SZ,化学制品,2026-08-09 05:15:07
002247,聚力文化,SZ,装修建材,2026-08-09 05:15:07
002248,华东数控,SZ,通用设备,2026-08-09 05:15:07
002249,大洋电机,SZ,电机Ⅱ,2026-08-09 05:15:07
002250,联化科技,SZ,农化制品,2026-08-09 05:15:07
002251,步步高,SZ,一般零售,2026-08-09 05:15:07
002252,上海莱士,SZ,生物制品,2026-08-09 05:15:07
002253,川大智胜,SZ,软件开发,2026-08-09 05:15:07
002254,泰和新材,SZ,化学纤维,2026-08-09 05:15:07
002255,海陆重工,SZ,其他电源设备Ⅱ,2026-08-09 05:15:07
002256,兆新股份,SZ,电力,2026-08-09 05:15:07
002258,利尔化学,SZ,农化制品,2026-08-09 05:15:07
002259,升达林业,SZ,燃气Ⅱ,2026-08-09 05:15:07
002260,德奥退,SZ,-,2026-08-09 05:15:07
002261,拓维信息,SZ,软件开发,2026-08-09 05:15:07
002262,恩华药业,SZ,化学制药,2026-08-09 05:15:07
002263,大东南,SZ,塑料,2026-08-09 05:15:07
002264,新 华 都,SZ,广告营销,2026-08-09 05:15:07
002265,建设工业,SZ,汽车零部件,2026-08-09 05:15:07
002266,浙富控股,SZ,环境治理,2026-08-09 05:15:07
002267,陕天然气,SZ,燃气Ⅱ,2026-08-09 05:15:07
002268,电科网安,SZ,计算机设备,2026-08-09 05:15:07
002269,美邦服饰,SZ,服装家纺,2026-08-09 05:15:07
002270,华明装备,SZ,电网设备,2026-08-09 05:15:07
002271,东方雨虹,SZ,装修建材,2026-08-09 05:15:07
002272,川润股份,SZ,通用设备,2026-08-09 05:15:07
002273,水晶光电,SZ,光学光电子,2026-08-09 05:15:07
002274,华昌化工,SZ,化学原料,2026-08-09 05:15:07
002275,桂林三金,SZ,中药Ⅱ,2026-08-09 05:15:07
002276,万马股份,SZ,电网设备,2026-08-09 05:15:07
002277,友阿股份,SZ,一般零售,2026-08-09 05:15:07
002278,神开股份,SZ,专用设备,2026-08-09 05:15:07
002279,久其软件,SZ,软件开发,2026-08-09 05:15:07
002280,ST联络,SZ,-,2026-08-09 05:15:07
002281,光迅科技,SZ,通信设备,2026-08-09 05:15:07
002282,博深股份,SZ,通用设备,2026-08-09 05:15:07
002283,天润工业,SZ,汽车零部件,2026-08-09 05:15:07
002284,亚太股份,SZ,汽车零部件,2026-08-09 05:15:07
002285,世联行,SZ,房地产服务,2026-08-09 05:15:07
002286,保龄宝,SZ,农产品加工,2026-08-09 05:15:07
002287,奇正藏药,SZ,中药Ⅱ,2026-08-09 05:15:07
002288,*ST超华,SZ,-,2026-08-09 05:15:07
002289,宇顺电子,SZ,光学光电子,2026-08-09 05:15:07
002290,禾盛新材,SZ,家电零部件Ⅱ,2026-08-09 05:15:07
002291,遥望科技,SZ,广告营销,2026-08-09 05:15:07
002292,奥飞娱乐,SZ,文娱用品,2026-08-09 05:15:07
002293,罗莱生活,SZ,服装家纺,2026-08-09 05:15:07
002294,信立泰,SZ,化学制药,2026-08-09 05:15:07
002295,精艺股份,SZ,工业金属,2026-08-09 05:15:07
002296,辉煌科技,SZ,通信设备,2026-08-09 05:15:07
002297,博云新材,SZ,航空装备Ⅱ,2026-08-09 05:15:07
002298,中电鑫龙,SZ,电网设备,2026-08-09 05:15:07
002299,圣农发展,SZ,养殖业,2026-08-09 05:15:07
002300,太阳电缆,SZ,电网设备,2026-08-09 05:15:07
002301,齐心集团,SZ,文娱用品,2026-08-09 05:15:07
002302,西部建设,SZ,水泥,2026-08-09 05:15:07
002303,美盈森,SZ,包装印刷,2026-08-09 05:15:07
002304,洋河股份,SZ,白酒Ⅱ,2026-08-09 05:15:07
002305,*ST南置,SZ,房地产开发,2026-08-09 05:15:07
002306,ST云网,SZ,酒店餐饮,2026-08-09 05:15:07
002307,北新路桥,SZ,基础建设,2026-08-09 05:15:07
002308,*ST威创,SZ,-,2026-08-09 05:15:07
002309,中利集团,SZ,电网设备,2026-08-09 05:15:07
002310,东方新能,SZ,电力,2026-08-09 05:15:07
002311,海大集团,SZ,饲料,2026-08-09 05:15:07
002312,川发龙蟒,SZ,农化制品,2026-08-09 05:15:07
002313,日海智能,SZ,通信设备,2026-08-09 05:15:07
002314,南山控股,SZ,房地产开发,2026-08-09 05:15:07
002315,焦点科技,SZ,互联网电商,2026-08-09 05:15:07
002316,亚联发展,SZ,综合Ⅱ,2026-08-09 05:15:07
002317,众生药业,SZ,中药Ⅱ,2026-08-09 05:15:07
002318,久立特材,SZ,特钢Ⅱ,2026-08-09 05:15:07
002319,乐通股份,SZ,化学制品,2026-08-09 05:15:07
002320,海峡股份,SZ,航运港口,2026-08-09 05:15:07
002321,华英农业,SZ,养殖业,2026-08-09 05:15:07
002322,理工能科,SZ,软件开发,2026-08-09 05:15:07
002323,*ST雅博,SZ,专业工程,2026-08-09 05:15:07
002324,普利特,SZ,塑料,2026-08-09 05:15:07
002325,*ST洪涛,SZ,-,2026-08-09 05:15:07
002326,永太科技,SZ,化学制品,2026-08-09 05:15:07
002327,富安娜,SZ,服装家纺,2026-08-09 05:15:07
002328,新朋股份,SZ,汽车零部件,2026-08-09 05:15:07
002329,皇氏集团,SZ,饮料乳品,2026-08-09 05:15:07
002330,得利斯,SZ,食品加工,2026-08-09 05:15:07
002331,皖通科技,SZ,IT服务Ⅱ,2026-08-09 05:15:07
002332,仙琚制药,SZ,化学制药,2026-08-09 05:15:07
002333,罗普斯金,SZ,装修建材,2026-08-09 05:15:07
002334,英威腾,SZ,自动化设备,2026-08-09 05:15:07
002335,科华数据,SZ,其他电源设备Ⅱ,2026-08-09 05:15:07
002336,人乐退,SZ,-,2026-08-09 05:15:07
002337,赛象科技,SZ,专用设备,2026-08-09 05:15:07
002338,奥普光电,SZ,军工电子Ⅱ,2026-08-09 05:15:07
002339,积成电子,SZ,电网设备,2026-08-09 05:15:07
002340,格林美,SZ,电池,2026-08-09 05:15:07
002341,ST新纶,SZ,-,2026-08-09 05:15:07
002342,巨力索具,SZ,通用设备,2026-08-09 05:15:07
002343,慈文传媒,SZ,影视院线,2026-08-09 05:15:07
002344,海宁皮城,SZ,一般零售,2026-08-09 05:15:07
002345,潮宏基,SZ,饰品,2026-08-09 05:15:07
002346,柘中股份,SZ,电网设备,2026-08-09 05:15:07
002347,泰尔股份,SZ,通用设备,2026-08-09 05:15:07
002348,高乐股份,SZ,文娱用品,2026-08-09 05:15:07
002349,精华制药,SZ,中药Ⅱ,2026-08-09 05:15:07
002350,北京科锐,SZ,电网设备,2026-08-09 05:15:07
002351,漫步者,SZ,消费电子,2026-08-09 05:15:07
002352,顺丰控股,SZ,物流,2026-08-09 05:15:07
002353,杰瑞股份,SZ,专用设备,2026-08-09 05:15:07
002354,天娱数科,SZ,广告营销,2026-08-09 05:15:07
002355,兴民智通,SZ,汽车零部件,2026-08-09 05:15:07
002356,鹏飞绿能,SZ,一般零售,2026-08-09 05:15:07
002357,富临运业,SZ,铁路公路,2026-08-09 05:15:07
002358,森源电气,SZ,电网设备,2026-08-09 05:15:07
002359,北讯退,SZ,-,2026-08-09 05:15:07
002360,ST同德,SZ,化学制品,2026-08-09 05:15:07
002361,神剑股份,SZ,塑料,2026-08-09 05:15:07
002362,汉王科技,SZ,软件开发,2026-08-09 05:15:07
002363,隆基机械,SZ,汽车零部件,2026-08-09 05:15:07
002364,中恒电气,SZ,其他电源设备Ⅱ,2026-08-09 05:15:07
002365,永安药业,SZ,化学制药,2026-08-09 05:15:07
002366,融发核电,SZ,其他电源设备Ⅱ,2026-08-09 05:15:07
002367,康力电梯,SZ,专用设备,2026-08-09 05:15:07
002368,太极股份,SZ,IT服务Ⅱ,2026-08-09 05:15:07
002369,卓翼科技,SZ,消费电子,2026-08-09 05:15:07
002370,亚太药业,SZ,化学制药,2026-08-09 05:15:07
002371,北方华创,SZ,半导体,2026-08-09 05:15:07
002372,伟星新材,SZ,装修建材,2026-08-09 05:15:07
002373,千方科技,SZ,IT服务Ⅱ,2026-08-09 05:15:07
002374,中锐股份,SZ,包装印刷,2026-08-09 05:15:07
002375,亚厦股份,SZ,装修装饰Ⅱ,2026-08-09 05:15:07
002376,新北洋,SZ,计算机设备,2026-08-09 05:15:07
002377,国创高新,SZ,炼化及贸易,2026-08-09 05:15:07
002378,章源钨业,SZ,小金属,2026-08-09 05:15:07
002379,宏桥控股,SZ,工业金属,2026-08-09 05:15:07
002380,科远智慧,SZ,IT服务Ⅱ,2026-08-09 05:15:07
002381,双箭股份,SZ,橡胶,2026-08-09 05:15:07
002382,蓝帆医疗,SZ,医疗器械,2026-08-09 05:15:07
002383,合众思壮,SZ,军工电子Ⅱ,2026-08-09 05:15:07
002384,东山精密,SZ,元件,2026-08-09 05:15:07
002385,大北农,SZ,饲料,2026-08-09 05:15:07
002386,天原股份,SZ,化学原料,2026-08-09 05:15:07
002387,维信诺,SZ,光学光电子,2026-08-09 05:15:07
002388,新亚制程,SZ,其他电子Ⅱ,2026-08-09 05:15:07
002389,航天彩虹,SZ,航空装备Ⅱ,2026-08-09 05:15:07
002390,信邦制药,SZ,医药商业,2026-08-09 05:15:07
002391,长青股份,SZ,农化制品,2026-08-09 05:15:07
002392,北京利尔,SZ,装修建材,2026-08-09 05:15:07
002393,力生制药,SZ,化学制药,2026-08-09 05:15:07
002394,联发股份,SZ,纺织制造,2026-08-09 05:15:07
002395,双象股份,SZ,塑料,2026-08-09 05:15:07
002396,星网锐捷,SZ,通信设备,2026-08-09 05:15:07
002397,梦洁股份,SZ,服装家纺,2026-08-09 05:15:07
002398,垒知集团,SZ,水泥,2026-08-09 05:15:07
002399,海普瑞,SZ,化学制药,2026-08-09 05:15:07
002400,省广集团,SZ,广告营销,2026-08-09 05:15:07
002401,中远海科,SZ,IT服务Ⅱ,2026-08-09 05:15:07
002402,和而泰,SZ,家电零部件Ⅱ,2026-08-09 05:15:07
002403,爱仕达,SZ,小家电,2026-08-09 05:15:07
002404,嘉欣丝绸,SZ,服装家纺,2026-08-09 05:15:07
002405,四维图新,SZ,软件开发,2026-08-09 05:15:07
002406,远东传动,SZ,汽车零部件,2026-08-09 05:15:07
002407,多氟多,SZ,化学制品,2026-08-09 05:15:07
002408,齐翔腾达,SZ,炼化及贸易,2026-08-09 05:15:07
002409,雅克科技,SZ,半导体,2026-08-09 05:15:07
002410,广联达,SZ,软件开发,2026-08-09 05:15:07
002411,必康退,SZ,-,2026-08-09 05:15:07
002412,汉森制药,SZ,中药Ⅱ,2026-08-09 05:15:07
002413,雷科防务,SZ,军工电子Ⅱ,2026-08-09 05:15:07
002414,高德红外,SZ,军工电子Ⅱ,2026-08-09 05:15:07
002415,海康威视,SZ,计算机设备,2026-08-09 05:15:07
002416,爱施德,SZ,专业连锁Ⅱ,2026-08-09 05:15:07
002417,深南退,SZ,-,2026-08-09 05:15:07
002418,康盛股份,SZ,家电零部件Ⅱ,2026-08-09 05:15:07
002419,天虹股份,SZ,一般零售,2026-08-09 05:15:07
002420,毅昌科技,SZ,综合Ⅱ,2026-08-09 05:15:07
002421,达实智能,SZ,IT服务Ⅱ,2026-08-09 05:15:07
002422,科伦药业,SZ,化学制药,2026-08-09 05:15:07
002423,中粮资本,SZ,多元金融,2026-08-09 05:15:07
002424,ST百灵,SZ,中药Ⅱ,2026-08-09 05:15:07
002425,凯撒文化,SZ,游戏Ⅱ,2026-08-09 05:15:07
002426,胜利精密,SZ,消费电子,2026-08-09 05:15:07
002427,尤夫股份,SZ,化学纤维,2026-08-09 05:15:07
002428,云南锗业,SZ,小金属,2026-08-09 05:15:07
002429,兆驰股份,SZ,黑色家电,2026-08-09 05:15:07
002430,杭氧股份,SZ,化学制品,2026-08-09 05:15:07
002431,ST棕榈,SZ,基础建设,2026-08-09 05:15:07
002432,九安医疗,SZ,医疗器械,2026-08-09 05:15:07
002433,太安退,SZ,-,2026-08-09 05:15:07
002434,万里扬,SZ,汽车零部件,2026-08-09 05:15:07
002435,ST长康,SZ,-,2026-08-09 05:15:07
002436,兴森科技,SZ,元件,2026-08-09 05:15:07
002437,誉衡药业,SZ,化学制药,2026-08-09 05:15:07
002438,江苏神通,SZ,通用设备,2026-08-09 05:15:07
002439,启明星辰,SZ,软件开发,2026-08-09 05:15:07
002440,闰土股份,SZ,化学制品,2026-08-09 05:15:07
002441,众业达,SZ,电网设备,2026-08-09 05:15:07
002442,龙星科技,SZ,橡胶,2026-08-09 05:15:07
002443,金洲管道,SZ,特钢Ⅱ,2026-08-09 05:15:07
002444,巨星科技,SZ,通用设备,2026-08-09 05:15:07
002445,中南文化,SZ,通用设备,2026-08-09 05:15:07
002446,盛路通信,SZ,军工电子Ⅱ,2026-08-09 05:15:07
002447,晨鑫退,SZ,-,2026-08-09 05:15:07
002448,中原内配,SZ,汽车零部件,2026-08-09 05:15:07
002449,国星光电,SZ,光学光电子,2026-08-09 05:15:07
002450,康得退,SZ,-,2026-08-09 05:15:07
002451,摩恩电气,SZ,电网设备,2026-08-09 05:15:07
002452,长高电气,SZ,电网设备,2026-08-09 05:15:07
002453,华软科技,SZ,化学制品,2026-08-09 05:15:07
002454,松芝股份,SZ,汽车零部件,2026-08-09 05:15:07
002455,百川股份,SZ,化学制品,2026-08-09 05:15:07
002456,欧菲光,SZ,光学光电子,2026-08-09 05:15:07
002457,青龙管业,SZ,装修建材,2026-08-09 05:15:07
002458,益生股份,SZ,养殖业,2026-08-09 05:15:07
002459,晶澳科技,SZ,光伏设备,2026-08-09 05:15:07
002460,赣锋锂业,SZ,能源金属,2026-08-09 05:15:07
002461,珠江啤酒,SZ,非白酒,2026-08-09 05:15:07
002462,嘉事堂,SZ,医药商业,2026-08-09 05:15:07
002463,沪电股份,SZ,元件,2026-08-09 05:15:07
002464,众应退,SZ,-,2026-08-09 05:15:07
002465,海格通信,SZ,军工电子Ⅱ,2026-08-09 05:15:07
002466,天齐锂业,SZ,能源金属,2026-08-09 05:15:07
002467,二六三,SZ,通信服务,2026-08-09 05:15:07
002468,申通快递,SZ,物流,2026-08-09 05:15:07
002469,三维化学,SZ,化学原料,2026-08-09 05:15:07
002470,金正大,SZ,农化制品,2026-08-09 05:15:07
002471,中超控股,SZ,电网设备,2026-08-09 05:15:07
002472,双环传动,SZ,汽车零部件,2026-08-09 05:15:07
002473,圣莱退,SZ,-,2026-08-09 05:15:07
002474,榕基软件,SZ,IT服务Ⅱ,2026-08-09 05:15:07
002475,立讯精密,SZ,消费电子,2026-08-09 05:15:07
002476,新叶股份,SZ,炼化及贸易,2026-08-09 05:15:07
002477,雏鹰退,SZ,-,2026-08-09 05:15:07
002478,常宝股份,SZ,特钢Ⅱ,2026-08-09 05:15:07
002479,富春环保,SZ,电力,2026-08-09 05:15:07
002480,新筑股份,SZ,电力,2026-08-09 05:15:07
002481,双塔食品,SZ,农产品加工,2026-08-09 05:15:07
002482,广田集团,SZ,装修装饰Ⅱ,2026-08-09 05:15:07
002483,润邦股份,SZ,专用设备,2026-08-09 05:15:07
002484,江海股份,SZ,元件,2026-08-09 05:15:07
002485,ST雪发,SZ,服装家纺,2026-08-09 05:15:07
002486,嘉麟杰,SZ,服装家纺,2026-08-09 05:15:07
002487,大金重工,SZ,风电设备,2026-08-09 05:15:07
002488,金固股份,SZ,汽车零部件,2026-08-09 05:15:07
002489,浙江永强,SZ,家居用品,2026-08-09 05:15:07
002490,山东墨龙,SZ,专用设备,2026-08-09 05:15:07
002491,通鼎互联,SZ,通信设备,2026-08-09 05:15:07
002492,恒基达鑫,SZ,物流,2026-08-09 05:15:07
002493,荣盛石化,SZ,炼化及贸易,2026-08-09 05:15:07
002494,华斯股份,SZ,服装家纺,2026-08-09 05:15:07
002495,佳隆股份,SZ,调味发酵品Ⅱ,2026-08-09 05:15:07
002496,辉丰股份,SZ,农化制品,2026-08-09 05:15:07
002497,雅化集团,SZ,化学制品,2026-08-09 05:15:07
002498,汉缆股份,SZ,电网设备,2026-08-09 05:15:07
002499,科林退,SZ,-,2026-08-09 05:15:07
002500,山西证券,SZ,证券Ⅱ,2026-08-09 05:15:07
002501,*ST利源,SZ,工业金属,2026-08-09 05:15:07
002502,ST鼎龙,SZ,-,2026-08-09 05:15:07
002503,*ST搜特,SZ,-,2026-08-09 05:15:07
002504,*ST弘高,SZ,-,2026-08-09 05:15:07
002505,鹏都农牧,SZ,-,2026-08-09 05:15:07
002506,协鑫集成,SZ,光伏设备,2026-08-09 05:15:07
002507,涪陵榨菜,SZ,调味发酵品Ⅱ,2026-08-09 05:15:07
002508,老板电器,SZ,厨卫电器,2026-08-09 05:15:07
002509,天茂退,SZ,-,2026-08-09 05:15:07
002510,天汽模,SZ,汽车零部件,2026-08-09 05:15:07
002511,中顺洁柔,SZ,个护用品,2026-08-09 05:15:07
002512,ST达华,SZ,计算机设备,2026-08-09 05:15:07
002513,蓝丰生化,SZ,农化制品,2026-08-09 05:15:07
002514,*ST宝馨,SZ,通用设备,2026-08-09 05:15:07
002515,金字火腿,SZ,食品加工,2026-08-09 05:15:07
002516,旷达科技,SZ,汽车零部件,2026-08-09 05:15:07
002517,恺英网络,SZ,游戏Ⅱ,2026-08-09 05:15:07
002518,科士达,SZ,其他电源设备Ⅱ,2026-08-09 05:15:07
002519,银河电子,SZ,地面兵装Ⅱ,2026-08-09 05:15:07
002520,日发精机,SZ,通用设备,2026-08-09 05:15:07
002521,齐峰新材,SZ,造纸,2026-08-09 05:15:07
002522,浙江众成,SZ,塑料,2026-08-09 05:15:07
002523,天桥起重,SZ,专用设备,2026-08-09 05:15:07
002524,光正眼科,SZ,医疗服务,2026-08-09 05:15:07
002526,山东矿机,SZ,专用设备,2026-08-09 05:15:07
002527,新时达,SZ,专用设备,2026-08-09 05:15:07
002528,*ST英飞,SZ,计算机设备,2026-08-09 05:15:07
002529,海源复材,SZ,专用设备,2026-08-09 05:15:07
002530,金财互联,SZ,通用设备,2026-08-09 05:15:07
002531,天顺风能,SZ,风电设备,2026-08-09 05:15:07
002532,天山铝业,SZ,工业金属,2026-08-09 05:15:07
002533,金杯电工,SZ,电网设备,2026-08-09 05:15:07
002534,西子洁能,SZ,其他电源设备Ⅱ,2026-08-09 05:15:07
002535,林州重机,SZ,专用设备,2026-08-09 05:15:07
002536,飞龙股份,SZ,汽车零部件,2026-08-09 05:15:07
002537,海联金汇,SZ,汽车零部件,2026-08-09 05:15:07
002538,ST司特,SZ,农化制品,2026-08-09 05:15:07
002539,云图控股,SZ,农化制品,2026-08-09 05:15:07
002540,亚太科技,SZ,工业金属,2026-08-09 05:15:07
002541,鸿路钢构,SZ,专业工程,2026-08-09 05:15:07
002542,*ST中岩,SZ,专业工程,2026-08-09 05:15:07
002543,万和电气,SZ,厨卫电器,2026-08-09 05:15:07
002544,普天科技,SZ,通信服务,2026-08-09 05:15:07
002545,东方铁塔,SZ,农化制品,2026-08-09 05:15:07
002546,新联电子,SZ,电网设备,2026-08-09 05:15:07
002547,*ST春兴,SZ,汽车零部件,2026-08-09 05:15:07
002548,金新农,SZ,饲料,2026-08-09 05:15:07
002549,凯美特气,SZ,化学制品,2026-08-09 05:15:07
002550,千红制药,SZ,化学制药,2026-08-09 05:15:07
002551,尚荣医疗,SZ,医疗器械,2026-08-09 05:15:07
002552,宝鼎科技,SZ,元件,2026-08-09 05:15:07
002553,南方精工,SZ,汽车零部件,2026-08-09 05:15:07
002554,惠博普,SZ,油服工程,2026-08-09 05:15:07
002555,三七互娱,SZ,游戏Ⅱ,2026-08-09 05:15:07
002556,辉隆股份,SZ,农业综合Ⅱ,2026-08-09 05:15:07
002557,洽洽食品,SZ,休闲食品,2026-08-09 05:15:07
002558,巨人网络,SZ,游戏Ⅱ,2026-08-09 05:15:07
002559,亚威股份,SZ,通用设备,2026-08-09 05:15:07
002560,通达股份,SZ,电网设备,2026-08-09 05:15:07
002561,徐家汇,SZ,一般零售,2026-08-09 05:15:07
002562,兄弟科技,SZ,化学制品,2026-08-09 05:15:07
002563,森马服饰,SZ,服装家纺,2026-08-09 05:15:07
002564,天沃科技,SZ,专用设备,2026-08-09 05:15:07
002565,顺灏股份,SZ,包装印刷,2026-08-09 05:15:07
002566,益盛药业,SZ,中药Ⅱ,2026-08-09 05:15:07
002567,唐人神,SZ,饲料,2026-08-09 05:15:07
002568,百润股份,SZ,非白酒,2026-08-09 05:15:07
002569,*ST步森,SZ,服装家纺,2026-08-09 05:15:07
002570,贝因美,SZ,饮料乳品,2026-08-09 05:15:07
002571,德力股份,SZ,家居用品,2026-08-09 05:15:07
002572,索菲亚,SZ,家居用品,2026-08-09 05:15:07
002573,清新环境,SZ,环境治理,2026-08-09 05:15:07
002574,明牌珠宝,SZ,饰品,2026-08-09 05:15:07
002575,群兴玩具,SZ,综合Ⅱ,2026-08-09 05:15:07
002576,通达动力,SZ,电机Ⅱ,2026-08-09 05:15:07
002577,雷柏科技,SZ,计算机设备,2026-08-09 05:15:07
002578,闽发铝业,SZ,工业金属,2026-08-09 05:15:07
002579,中京电子,SZ,元件,2026-08-09 05:15:07
002580,圣阳股份,SZ,电池,2026-08-09 05:15:07
002581,*ST未名,SZ,生物制品,2026-08-09 05:15:07
002582,好想你,SZ,休闲食品,2026-08-09 05:15:07
002583,海能达,SZ,通信设备,2026-08-09 05:15:07
002584,西陇科学,SZ,电子化学品Ⅱ,2026-08-09 05:15:07
002585,双星新材,SZ,塑料,2026-08-09 05:15:07
002586,ST围海,SZ,基础建设,2026-08-09 05:15:07
002587,奥拓电子,SZ,光学光电子,2026-08-09 05:15:07
002588,史丹利,SZ,农化制品,2026-08-09 05:15:07
002589,瑞康医药,SZ,医药商业,2026-08-09 05:15:07
002590,万安科技,SZ,汽车零部件,2026-08-09 05:15:07
002591,恒大高新,SZ,化学制品,2026-08-09 05:15:07
002592,ST八菱,SZ,汽车零部件,2026-08-09 05:15:07
002593,日上集团,SZ,专业工程,2026-08-09 05:15:07
002594,比亚迪,SZ,乘用车,2026-08-09 05:15:07
002595,豪迈科技,SZ,专用设备,2026-08-09 05:15:07
002596,海南瑞泽,SZ,水泥,2026-08-09 05:15:07
002597,金禾实业,SZ,化学制品,2026-08-09 05:15:07
002598,ST章鼓,SZ,通用设备,2026-08-09 05:15:07
002599,盛通股份,SZ,包装印刷,2026-08-09 05:15:07
002600,领益智造,SZ,消费电子,2026-08-09 05:15:07
002601,龙佰集团,SZ,化学原料,2026-08-09 05:15:07
002602,世纪华通,SZ,游戏Ⅱ,2026-08-09 05:15:07
002603,以岭药业,SZ,中药Ⅱ,2026-08-09 05:15:07
002604,龙力退,SZ,-,2026-08-09 05:15:07
002605,姚记科技,SZ,游戏Ⅱ,2026-08-09 05:15:07
002606,大连电瓷,SZ,电网设备,2026-08-09 05:15:07
002607,中公教育,SZ,教育,2026-08-09 05:15:07
002608,江苏国信,SZ,电力,2026-08-09 05:15:07
002609,捷顺科技,SZ,IT服务Ⅱ,2026-08-09 05:15:07
002610,ST爱康,SZ,-,2026-08-09 05:15:07
002611,东方精工,SZ,专用设备,2026-08-09 05:15:07
002612,朗姿股份,SZ,服装家纺,2026-08-09 05:15:07
002613,北玻股份,SZ,玻璃玻纤,2026-08-09 05:15:07
002614,奥佳华,SZ,其他家电Ⅱ,2026-08-09 05:15:07
002615,哈尔斯,SZ,家居用品,2026-08-09 05:15:07
002616,长青集团,SZ,电力,2026-08-09 05:15:07
002617,露笑科技,SZ,电力,2026-08-09 05:15:07
002618,丹邦退,SZ,-,2026-08-09 05:15:07
002619,*ST艾格,SZ,-,2026-08-09 05:15:07
002620,*ST瑞和,SZ,装修装饰Ⅱ,2026-08-09 05:15:07
002621,*ST美吉,SZ,-,2026-08-09 05:15:07
002622,皓宸医疗,SZ,医疗服务,2026-08-09 05:15:07
002623,亚玛顿,SZ,光伏设备,2026-08-09 05:15:07
002624,完美世界,SZ,游戏Ⅱ,2026-08-09 05:15:07
002625,光启技术,SZ,航空装备Ⅱ,2026-08-09 05:15:07
002626,金达威,SZ,食品加工,2026-08-09 05:15:07
002627,三峡旅游,SZ,旅游及景区,2026-08-09 05:15:07
002628,成都路桥,SZ,基础建设,2026-08-09 05:15:07
002629,仁智股份,SZ,油服工程,2026-08-09 05:15:07
002630,*ST华西,SZ,其他电源设备Ⅱ,2026-08-09 05:15:07
002631,德尔未来,SZ,家居用品,2026-08-09 05:15:07
002632,道明光学,SZ,塑料,2026-08-09 05:15:07
002633,申科股份,SZ,通用设备,2026-08-09 05:15:07
002634,*ST棒杰,SZ,服装家纺,2026-08-09 05:15:07
002635,安洁科技,SZ,消费电子,2026-08-09 05:15:07
002636,金安国纪,SZ,元件,2026-08-09 05:15:07
002637,赞宇科技,SZ,化学制品,2026-08-09 05:15:07
002638,勤上股份,SZ,照明设备Ⅱ,2026-08-09 05:15:07
002639,雪人集团,SZ,通用设备,2026-08-09 05:15:07
002640,跨境通,SZ,互联网电商,2026-08-09 05:15:07
002641,公元股份,SZ,装修建材,2026-08-09 05:15:07
002642,荣联科技,SZ,IT服务Ⅱ,2026-08-09 05:15:07
002643,万润股份,SZ,电子化学品Ⅱ,2026-08-09 05:15:07
002644,佛慈制药,SZ,中药Ⅱ,2026-08-09 05:15:07
002645,华宏科技,SZ,环保设备Ⅱ,2026-08-09 05:15:07
002646,天佑德酒,SZ,白酒Ⅱ,2026-08-09 05:15:07
002647,仁东控股,SZ,多元金融,2026-08-09 05:15:07
002648,卫星化学,SZ,化学原料,2026-08-09 05:15:07
002649,博彦科技,SZ,IT服务Ⅱ,2026-08-09 05:15:07
002650,ST加加,SZ,调味发酵品Ⅱ,2026-08-09 05:15:07
002651,利君股份,SZ,航空装备Ⅱ,2026-08-09 05:15:07
002652,扬子新材,SZ,装修建材,2026-08-09 05:15:07
002653,海思科,SZ,化学制药,2026-08-09 05:15:07
002654,万润科技,SZ,光学光电子,2026-08-09 05:15:07
002655,共达电声,SZ,消费电子,2026-08-09 05:15:07
002656,摩登大道,SZ,服装家纺,2026-08-09 05:15:07
002657,中科金财,SZ,IT服务Ⅱ,2026-08-09 05:15:07
002658,雪迪龙,SZ,环保设备Ⅱ,2026-08-09 05:15:07
002659,凯文教育,SZ,教育,2026-08-09 05:15:07
002660,茂硕电源,SZ,消费电子,2026-08-09 05:15:07
002661,克明食品,SZ,食品加工,2026-08-09 05:15:07
002662,峰璟股份,SZ,汽车零部件,2026-08-09 05:15:07
002663,普邦股份,SZ,基础建设,2026-08-09 05:15:07
002664,信质集团,SZ,汽车零部件,2026-08-09 05:15:07
002665,ST航高,SZ,-,2026-08-09 05:15:07
002666,德联集团,SZ,化学制品,2026-08-09 05:15:07
002667,*ST威领,SZ,专用设备,2026-08-09 05:15:07
002668,TCL智家,SZ,白色家电,2026-08-09 05:15:07
002669,康达新材,SZ,化学制品,2026-08-09 05:15:07
002670,国盛证券,SZ,证券Ⅱ,2026-08-09 05:15:07
002671,龙泉股份,SZ,水泥,2026-08-09 05:15:07
002672,东江环保,SZ,环境治理,2026-08-09 05:15:07
002673,西部证券,SZ,证券Ⅱ,2026-08-09 05:15:07
002674,兴业科技,SZ,纺织制造,2026-08-09 05:15:07
002675,东诚药业,SZ,化学制药,2026-08-09 05:15:07
002676,顺威股份,SZ,家电零部件Ⅱ,2026-08-09 05:15:07
002677,浙江美大,SZ,厨卫电器,2026-08-09 05:15:07
002678,珠江钢琴,SZ,文娱用品,2026-08-09 05:15:07
002679,福建金森,SZ,林业Ⅱ,2026-08-09 05:15:07
002680,长生退,SZ,-,2026-08-09 05:15:07
002681,奋达科技,SZ,消费电子,2026-08-09 05:15:07
002682,龙洲股份,SZ,物流,2026-08-09 05:15:07
002683,广东宏大,SZ,化学制品,2026-08-09 05:15:07
002684,猛狮退,SZ,-,2026-08-09 05:15:07
002685,华东重机,SZ,工程机械,2026-08-09 05:15:07
002686,亿利达,SZ,通用设备,2026-08-09 05:15:07
002687,乔治白,SZ,服装家纺,2026-08-09 05:15:07
002688,金河生物,SZ,动物保健Ⅱ,2026-08-09 05:15:07
002689,ST远智,SZ,专用设备,2026-08-09 05:15:07
002690,美亚光电,SZ,专用设备,2026-08-09 05:15:07
002691,*ST冀凯,SZ,专用设备,2026-08-09 05:15:07
002692,远程股份,SZ,电网设备,2026-08-09 05:15:07
002693,双成药业,SZ,化学制药,2026-08-09 05:15:07
002694,*ST顾地,SZ,装修建材,2026-08-09 05:15:07
002695,煌上煌,SZ,休闲食品,2026-08-09 05:15:07
002696,百洋股份,SZ,饲料,2026-08-09 05:15:07
002697,红旗连锁,SZ,一般零售,2026-08-09 05:15:07
002698,博实股份,SZ,自动化设备,2026-08-09 05:15:07
002699,*ST美盛,SZ,-,2026-08-09 05:15:07
002700,万憬能源,SZ,燃气Ⅱ,2026-08-09 05:15:07
002701,奥瑞金,SZ,包装印刷,2026-08-09 05:15:07
002702,海欣食品,SZ,食品加工,2026-08-09 05:15:07
002703,浙江世宝,SZ,汽车零部件,2026-08-09 05:15:07
002705,新宝股份,SZ,小家电,2026-08-09 05:15:07
002706,良信股份,SZ,电网设备,2026-08-09 05:15:07
002707,众信旅游,SZ,旅游及景区,2026-08-09 05:15:07
002708,光洋股份,SZ,汽车零部件,2026-08-09 05:15:07
002709,天赐材料,SZ,电池,2026-08-09 05:15:07
002711,欧浦退,SZ,-,2026-08-09 05:15:07
002712,思美传媒,SZ,广告营销,2026-08-09 05:15:07
002713,东易日盛,SZ,装修装饰Ⅱ,2026-08-09 05:15:07
002714,牧原股份,SZ,养殖业,2026-08-09 05:15:07
002715,登云股份,SZ,汽车零部件,2026-08-09 05:15:07
002716,湖南白银,SZ,贵金属,2026-08-09 05:15:07
002717,*ST岭南,SZ,基础建设,2026-08-09 05:15:07
002718,友邦吊顶,SZ,装修建材,2026-08-09 05:15:07
002719,ST麦趣,SZ,休闲食品,2026-08-09 05:15:07
002721,金一文化,SZ,饰品,2026-08-09 05:15:07
002722,物产金轮,SZ,专用设备,2026-08-09 05:15:07
002723,小崧股份,SZ,照明设备Ⅱ,2026-08-09 05:15:07
002724,海洋王,SZ,照明设备Ⅱ,2026-08-09 05:15:07
002725,跃岭股份,SZ,汽车零部件,2026-08-09 05:15:07
002726,ST龙大,SZ,食品加工,2026-08-09 05:15:07
002727,一心堂,SZ,医药商业,2026-08-09 05:15:07
002728,特一药业,SZ,中药Ⅱ,2026-08-09 05:15:07
002729,好利科技,SZ,其他电子Ⅱ,2026-08-09 05:15:07
002730,电光科技,SZ,专用设备,2026-08-09 05:15:07
002731,*ST萃华,SZ,饰品,2026-08-09 05:15:07
002732,燕塘乳业,SZ,饮料乳品,2026-08-09 05:15:07
002733,雄韬股份,SZ,电池,2026-08-09 05:15:07
002734,利民股份,SZ,农化制品,2026-08-09 05:15:07
002735,王子新材,SZ,包装印刷,2026-08-09 05:15:07
002736,国信证券,SZ,证券Ⅱ,2026-08-09 05:15:07
002737,葵花药业,SZ,中药Ⅱ,2026-08-09 05:15:07
002738,中矿资源,SZ,能源金属,2026-08-09 05:15:07
002739,儒意电影,SZ,影视院线,2026-08-09 05:15:07
002740,*ST爱迪,SZ,-,2026-08-09 05:15:07
002741,光华科技,SZ,电子化学品Ⅱ,2026-08-09 05:15:07
002742,冀衡医药,SZ,化学制药,2026-08-09 05:15:07
002743,富煌钢构,SZ,专业工程,2026-08-09 05:15:07
002745,木林森,SZ,光学光电子,2026-08-09 05:15:07
002746,仙坛股份,SZ,养殖业,2026-08-09 05:15:07
002747,埃斯顿,SZ,自动化设备,2026-08-09 05:15:07
002748,世龙实业,SZ,化学原料,2026-08-09 05:15:07
002749,国光股份,SZ,农化制品,2026-08-09 05:15:07
002750,龙津退,SZ,-,2026-08-09 05:15:07
002751,易尚退,SZ,-,2026-08-09 05:15:07
002752,昇兴股份,SZ,包装印刷,2026-08-09 05:15:07
002753,永东股份,SZ,橡胶,2026-08-09 05:15:07
002755,奥赛康,SZ,化学制药,2026-08-09 05:15:07
002756,永兴材料,SZ,能源金属,2026-08-09 05:15:07
002757,南兴股份,SZ,专用设备,2026-08-09 05:15:07
002758,浙农股份,SZ,综合Ⅱ,2026-08-09 05:15:07
002759,ST天际,SZ,电池,2026-08-09 05:15:07
002760,凤形股份,SZ,通用设备,2026-08-09 05:15:07
002761,浙江建投,SZ,房屋建设Ⅱ,2026-08-09 05:15:07
002762,金发拉比,SZ,服装家纺,2026-08-09 05:15:07
002763,汇洁股份,SZ,服装家纺,2026-08-09 05:15:07
002765,蓝黛科技,SZ,汽车零部件,2026-08-09 05:15:07
002766,索菱股份,SZ,汽车零部件,2026-08-09 05:15:07
002767,先锋电子,SZ,通用设备,2026-08-09 05:15:07
002768,国恩股份,SZ,塑料,2026-08-09 05:15:07
002769,普路通,SZ,物流,2026-08-09 05:15:07
002770,科迪退,SZ,-,2026-08-09 05:15:07
002771,真视通,SZ,IT服务Ⅱ,2026-08-09 05:15:07
002772,众兴菌业,SZ,种植业,2026-08-09 05:15:07
002773,康弘药业,SZ,生物制品,2026-08-09 05:15:07
002774,快意电梯,SZ,专用设备,2026-08-09 05:15:07
002775,文科股份,SZ,基础建设,2026-08-09 05:15:07
002776,*ST柏龙,SZ,-,2026-08-09 05:15:07
002777,久远银海,SZ,IT服务Ⅱ,2026-08-09 05:15:07
002778,中晟高科,SZ,环境治理,2026-08-09 05:15:07
002779,中坚科技,SZ,专用设备,2026-08-09 05:15:07
002780,三夫户外,SZ,服装家纺,2026-08-09 05:15:07
002781,奇信退,SZ,-,2026-08-09 05:15:07
002782,可立克,SZ,其他电子Ⅱ,2026-08-09 05:15:07
002783,凯龙股份,SZ,化学制品,2026-08-09 05:15:07
002785,万里石,SZ,装修建材,2026-08-09 05:15:07
002786,银宝山新,SZ,专用设备,2026-08-09 05:15:07
002787,华源控股,SZ,包装印刷,2026-08-09 05:15:07
002788,鹭燕医药,SZ,医药商业,2026-08-09 05:15:07
002789,*ST建艺,SZ,装修装饰Ⅱ,2026-08-09 05:15:07
002790,瑞尔特,SZ,家居用品,2026-08-09 05:15:07
002791,坚朗五金,SZ,装修建材,2026-08-09 05:15:07
002792,通宇通讯,SZ,通信设备,2026-08-09 05:15:07
002793,罗欣药业,SZ,化学制药,2026-08-09 05:15:07
002795,永和智控,SZ,通用设备,2026-08-09 05:15:07
002796,世嘉科技,SZ,通信设备,2026-08-09 05:15:07
002797,第一创业,SZ,证券Ⅱ,2026-08-09 05:15:07
002798,帝欧水华,SZ,家居用品,2026-08-09 05:15:07
002799,环球印务,SZ,包装印刷,2026-08-09 05:15:07
002800,天顺股份,SZ,物流,2026-08-09 05:15:07
002801,微光股份,SZ,电机Ⅱ,2026-08-09 05:15:07
002802,洪汇新材,SZ,化学制品,2026-08-09 05:15:07
002803,吉宏股份,SZ,互联网电商,2026-08-09 05:15:07
002805,丰元股份,SZ,电池,2026-08-09 05:15:07
002806,华锋股份,SZ,汽车零部件,2026-08-09 05:15:07
002807,江阴银行,SZ,银行Ⅱ,2026-08-09 05:15:07
002808,恒久退,SZ,-,2026-08-09 05:15:07
002809,红墙股份,SZ,化学制品,2026-08-09 05:15:07
002810,山东赫达,SZ,化学制品,2026-08-09 05:15:07
002811,郑中设计,SZ,装修装饰Ⅱ,2026-08-09 05:15:07
002812,恩捷股份,SZ,电池,2026-08-09 05:15:07
002813,路畅科技,SZ,汽车零部件,2026-08-09 05:15:07
002815,崇达技术,SZ,元件,2026-08-09 05:15:07
002816,*ST和科,SZ,专用设备,2026-08-09 05:15:07
002817,黄山胶囊,SZ,化学制药,2026-08-09 05:15:07
002818,富森美,SZ,一般零售,2026-08-09 05:15:07
002819,东方中科,SZ,通用设备,2026-08-09 05:15:07
002820,桂发祥,SZ,休闲食品,2026-08-09 05:15:07
002821,凯莱英,SZ,医疗服务,2026-08-09 05:15:07
002822,ST中装,SZ,房地产服务,2026-08-09 05:15:07
002823,凯中精密,SZ,电机Ⅱ,2026-08-09 05:15:07
002824,和胜股份,SZ,工业金属,2026-08-09 05:15:07
002825,纳尔股份,SZ,塑料,2026-08-09 05:15:07
002826,易明医药,SZ,化学制药,2026-08-09 05:15:07
002827,高争民爆,SZ,化学制品,2026-08-09 05:15:07
002828,贝肯能源,SZ,油服工程,2026-08-09 05:15:07
002829,星网宇达,SZ,航天装备Ⅱ,2026-08-09 05:15:07
002830,名雕股份,SZ,装修装饰Ⅱ,2026-08-09 05:15:07
002831,裕同科技,SZ,包装印刷,2026-08-09 05:15:07
002832,比音勒芬,SZ,服装家纺,2026-08-09 05:15:07
002833,弘亚数控,SZ,专用设备,2026-08-09 05:15:07
002835,同为股份,SZ,计算机设备,2026-08-09 05:15:07
002836,新宏泽,SZ,包装印刷,2026-08-09 05:15:07
002837,英维克,SZ,专用设备,2026-08-09 05:15:07
002838,道恩股份,SZ,塑料,2026-08-09 05:15:07
002839,张家港行,SZ,银行Ⅱ,2026-08-09 05:15:07
002840,华统股份,SZ,食品加工,2026-08-09 05:15:07
002841,视源股份,SZ,消费电子,2026-08-09 05:15:07
002842,翔鹭钨业,SZ,小金属,2026-08-09 05:15:07
002843,泰嘉股份,SZ,通用设备,2026-08-09 05:15:07
002845,同兴达,SZ,光学光电子,2026-08-09 05:15:07
002846,英联股份,SZ,包装印刷,2026-08-09 05:15:07
002847,盐津铺子,SZ,休闲食品,2026-08-09 05:15:07
002848,高斯贝尔,SZ,黑色家电,2026-08-09 05:15:07
002849,威星智能,SZ,通用设备,2026-08-09 05:15:07
002850,科达利,SZ,电池,2026-08-09 05:15:07
002851,麦格米特,SZ,其他电源设备Ⅱ,2026-08-09 05:15:07
002852,道道全,SZ,农产品加工,2026-08-09 05:15:07
002853,皮阿诺,SZ,家居用品,2026-08-09 05:15:07
002855,捷荣技术,SZ,消费电子,2026-08-09 05:15:07
002856,*ST美芝,SZ,装修装饰Ⅱ,2026-08-09 05:15:07
002857,三晖电气,SZ,电网设备,2026-08-09 05:15:07
002858,力盛体育,SZ,体育Ⅱ,2026-08-09 05:15:07
002859,洁美科技,SZ,其他电子Ⅱ,2026-08-09 05:15:07
002860,星帅尔,SZ,家电零部件Ⅱ,2026-08-09 05:15:07
002861,瀛通通讯,SZ,消费电子,2026-08-09 05:15:07
002862,实丰文化,SZ,文娱用品,2026-08-09 05:15:07
002863,今飞凯达,SZ,汽车零部件,2026-08-09 05:15:07
002864,盘龙药业,SZ,中药Ⅱ,2026-08-09 05:15:07
002865,钧达股份,SZ,光伏设备,2026-08-09 05:15:07
002866,传艺科技,SZ,消费电子,2026-08-09 05:15:07
002867,周大生,SZ,饰品,2026-08-09 05:15:07
002868,绿康生化,SZ,动物保健Ⅱ,2026-08-09 05:15:07
002869,金溢科技,SZ,计算机设备,2026-08-09 05:15:07
002870,香山股份,SZ,汽车零部件,2026-08-09 05:15:07
002871,伟隆股份,SZ,通用设备,2026-08-09 05:15:07
002872,ST天圣,SZ,化学制药,2026-08-09 05:15:07
002873,新天药业,SZ,中药Ⅱ,2026-08-09 05:15:07
002875,安奈儿,SZ,服装家纺,2026-08-09 05:15:07
002876,三利谱,SZ,光学光电子,2026-08-09 05:15:07
002877,智能自控,SZ,通用设备,2026-08-09 05:15:07
002878,元隆雅图,SZ,广告营销,2026-08-09 05:15:07
002879,长缆科技,SZ,电网设备,2026-08-09 05:15:07
002880,卫光生物,SZ,生物制品,2026-08-09 05:15:07
002881,美格智能,SZ,通信设备,2026-08-09 05:15:07
002882,金龙羽,SZ,电网设备,2026-08-09 05:15:07
002883,*ST中设,SZ,工程咨询服务Ⅱ,2026-08-09 05:15:07
002884,凌霄泵业,SZ,通用设备,2026-08-09 05:15:07
002885,京泉华,SZ,其他电子Ⅱ,2026-08-09 05:15:07
002886,沃特股份,SZ,塑料,2026-08-09 05:15:07
002887,绿茵生态,SZ,环境治理,2026-08-09 05:15:07
002888,惠威科技,SZ,消费电子,2026-08-09 05:15:07
002889,东方嘉盛,SZ,物流,2026-08-09 05:15:07
002890,弘宇股份,SZ,专用设备,2026-08-09 05:15:07
002891,中宠股份,SZ,饲料,2026-08-09 05:15:07
002892,科力尔,SZ,电机Ⅱ,2026-08-09 05:15:07
002893,京能热力,SZ,电力,2026-08-09 05:15:07
002895,川恒股份,SZ,农化制品,2026-08-09 05:15:07
002896,中大力德,SZ,通用设备,2026-08-09 05:15:07
002897,意华股份,SZ,通信设备,2026-08-09 05:15:07
002898,赛隆退,SZ,-,2026-08-09 05:15:07
002899,英派斯,SZ,文娱用品,2026-08-09 05:15:07
002900,哈三联,SZ,化学制药,2026-08-09 05:15:07
002901,大博医疗,SZ,医疗器械,2026-08-09 05:15:07
002902,铭普光磁,SZ,通信设备,2026-08-09 05:15:07
002903,宇环数控,SZ,通用设备,2026-08-09 05:15:07
002905,金逸影视,SZ,影视院线,2026-08-09 05:15:07
002906,华阳集团,SZ,汽车零部件,2026-08-09 05:15:07
002907,华森制药,SZ,中药Ⅱ,2026-08-09 05:15:07
002908,德生科技,SZ,IT服务Ⅱ,2026-08-09 05:15:07
002909,集泰股份,SZ,化学制品,2026-08-09 05:15:07
002910,庄园牧场,SZ,饮料乳品,2026-08-09 05:15:07
002911,佛燃能源,SZ,燃气Ⅱ,2026-08-09 05:15:07
002912,中新赛克,SZ,计算机设备,2026-08-09 05:15:07
002913,奥士康,SZ,元件,2026-08-09 05:15:07
002915,中欣氟材,SZ,化学制品,2026-08-09 05:15:07
002916,深南电路,SZ,元件,2026-08-09 05:15:07
002917,金奥博,SZ,化学制品,2026-08-09 05:15:07
002918,蒙娜丽莎,SZ,家居用品,2026-08-09 05:15:07
002919,名臣健康,SZ,游戏Ⅱ,2026-08-09 05:15:07
002920,德赛西威,SZ,汽车零部件,2026-08-09 05:15:07
002921,联诚精密,SZ,汽车零部件,2026-08-09 05:15:07
002922,伊戈尔,SZ,其他电子Ⅱ,2026-08-09 05:15:07
002923,润都股份,SZ,化学制药,2026-08-09 05:15:07
002925,盈趣科技,SZ,消费电子,2026-08-09 05:15:07
002926,华西证券,SZ,证券Ⅱ,2026-08-09 05:15:07
002927,泰永长征,SZ,电网设备,2026-08-09 05:15:07
002928,华夏航空,SZ,航空机场,2026-08-09 05:15:07
002929,润建股份,SZ,通信服务,2026-08-09 05:15:07
002930,宏川智慧,SZ,物流,2026-08-09 05:15:07
002931,锋龙股份,SZ,通用设备,2026-08-09 05:15:07
002932,*ST明德,SZ,医疗器械,2026-08-09 05:15:07
002933,新兴装备,SZ,航空装备Ⅱ,2026-08-09 05:15:07
002935,天奥电子,SZ,军工电子Ⅱ,2026-08-09 05:15:07
002936,郑州银行,SZ,银行Ⅱ,2026-08-09 05:15:07
002937,兴瑞科技,SZ,汽车零部件,2026-08-09 05:15:07
002938,鹏鼎控股,SZ,元件,2026-08-09 05:15:07
002939,长城证券,SZ,证券Ⅱ,2026-08-09 05:15:07
002940,昂利康,SZ,化学制药,2026-08-09 05:15:07
002941,新疆交建,SZ,基础建设,2026-08-09 05:15:07
002942,新农股份,SZ,农化制品,2026-08-09 05:15:07
002943,宇晶股份,SZ,通用设备,2026-08-09 05:15:07
002945,华林证券,SZ,证券Ⅱ,2026-08-09 05:15:07
002946,新乳业,SZ,饮料乳品,2026-08-09 05:15:07
002947,恒铭达,SZ,消费电子,2026-08-09 05:15:07
002948,青岛银行,SZ,银行Ⅱ,2026-08-09 05:15:07
002949,华阳国际,SZ,工程咨询服务Ⅱ,2026-08-09 05:15:07
002950,奥美医疗,SZ,医疗器械,2026-08-09 05:15:07
002951,金时科技,SZ,其他电源设备Ⅱ,2026-08-09 05:15:07
002952,亚世光电,SZ,光学光电子,2026-08-09 05:15:07
002953,日丰股份,SZ,电网设备,2026-08-09 05:15:07
002955,鸿合科技,SZ,光学光电子,2026-08-09 05:15:07
002956,西麦食品,SZ,休闲食品,2026-08-09 05:15:07
002957,科瑞技术,SZ,自动化设备,2026-08-09 05:15:07
002958,青农商行,SZ,银行Ⅱ,2026-08-09 05:15:07
002959,小熊电器,SZ,小家电,2026-08-09 05:15:07
002960,青鸟智控,SZ,专用设备,2026-08-09 05:15:07
002961,瑞达期货,SZ,多元金融,2026-08-09 05:15:07
002962,五方光电,SZ,光学光电子,2026-08-09 05:15:07
002963,豪尔赛,SZ,装修装饰Ⅱ,2026-08-09 05:15:07
002965,祥鑫科技,SZ,汽车零部件,2026-08-09 05:15:07
002966,苏州银行,SZ,银行Ⅱ,2026-08-09 05:15:07
002967,广电计量,SZ,专业服务,2026-08-09 05:15:07
002968,新大正,SZ,房地产服务,2026-08-09 05:15:07
002969,嘉美包装,SZ,包装印刷,2026-08-09 05:15:07
002970,锐明技术,SZ,计算机设备,2026-08-09 05:15:07
002971,和远气体,SZ,化学制品,2026-08-09 05:15:07
002972,科安达,SZ,轨交设备Ⅱ,2026-08-09 05:15:07
002973,侨银股份,SZ,环境治理,2026-08-09 05:15:07
002975,博杰股份,SZ,自动化设备,2026-08-09 05:15:07
002976,瑞玛精密,SZ,汽车零部件,2026-08-09 05:15:07
002977,*ST天箭,SZ,军工电子Ⅱ,2026-08-09 05:15:07
002978,安宁股份,SZ,小金属,2026-08-09 05:15:07
002979,雷赛智能,SZ,自动化设备,2026-08-09 05:15:07
002980,华盛昌,SZ,电网设备,2026-08-09 05:15:07
002981,朝阳科技,SZ,消费电子,2026-08-09 05:15:07
002982,湘佳股份,SZ,养殖业,2026-08-09 05:15:07
002983,芯瑞达,SZ,光学光电子,2026-08-09 05:15:07
002984,森麒麟,SZ,汽车零部件,2026-08-09 05:15:07
002985,北摩高科,SZ,航空装备Ⅱ,2026-08-09 05:15:07
002986,宇新股份,SZ,炼化及贸易,2026-08-09 05:15:07
002987,京北方,SZ,软件开发,2026-08-09 05:15:07
002988,豪美新材,SZ,工业金属,2026-08-09 05:15:07
002989,中天精装,SZ,装修装饰Ⅱ,2026-08-09 05:15:07
002990,盛视科技,SZ,计算机设备,2026-08-09 05:15:07
002991,甘源食品,SZ,休闲食品,2026-08-09 05:15:07
002992,宝明科技,SZ,光学光电子,2026-08-09 05:15:07
002993,奥海科技,SZ,消费电子,2026-08-09 05:15:07
002995,天地在线,SZ,广告营销,2026-08-09 05:15:07
002996,顺博合金,SZ,工业金属,2026-08-09 05:15:07
002997,瑞鹄模具,SZ,汽车零部件,2026-08-09 05:15:07
002998,优彩资源,SZ,化学纤维,2026-08-09 05:15:07
002999,天禾股份,SZ,农化制品,2026-08-09 05:15:07
003000,劲仔食品,SZ,休闲食品,2026-08-09 05:15:07
003001,中岩大地,SZ,专业工程,2026-08-09 05:15:07
003002,壶化股份,SZ,化学制品,2026-08-09 05:15:07
003003,天元股份,SZ,包装印刷,2026-08-09 05:15:07
003004,声迅股份,SZ,计算机设备,2026-08-09 05:15:07
003005,竞业达,SZ,IT服务Ⅱ,2026-08-09 05:15:07
003006,百亚股份,SZ,个护用品,2026-08-09 05:15:07
003007,直真科技,SZ,软件开发,2026-08-09 05:15:07
003008,开普检测,SZ,专业服务,2026-08-09 05:15:07
003009,中天火箭,SZ,航天装备Ⅱ,2026-08-09 05:15:07
003010,若羽臣,SZ,互联网电商,2026-08-09 05:15:07
003011,海象新材,SZ,家居用品,2026-08-09 05:15:07
003012,东鹏控股,SZ,家居用品,2026-08-09 05:15:07
003013,地铁设计,SZ,工程咨询服务Ⅱ,2026-08-09 05:15:07
003015,日久光电,SZ,光学光电子,2026-08-09 05:15:07
003016,欣贺股份,SZ,服装家纺,2026-08-09 05:15:07
003017,大洋生物,SZ,化学原料,2026-08-09 05:15:07
003018,金富科技,SZ,包装印刷,2026-08-09 05:15:07
003019,宸展光电,SZ,光学光电子,2026-08-09 05:15:07
003020,立方制药,SZ,化学制药,2026-08-09 05:15:07
003021,兆威机电,SZ,电机Ⅱ,2026-08-09 05:15:07
003022,联泓新科,SZ,光伏设备,2026-08-09 05:15:07
003023,彩虹集团,SZ,小家电,2026-08-09 05:15:07
003025,思进智能,SZ,通用设备,2026-08-09 05:15:07
003026,中晶科技,SZ,半导体,2026-08-09 05:15:07
003027,同兴科技,SZ,环境治理,2026-08-09 05:15:07
003028,振邦智能,SZ,家电零部件Ⅱ,2026-08-09 05:15:07
003029,吉大正元,SZ,软件开发,2026-08-09 05:15:07
003030,祖名股份,SZ,农产品加工,2026-08-09 05:15:07
003031,中瓷电子,SZ,通信设备,2026-08-09 05:15:07
003032,传智教育,SZ,教育,2026-08-09 05:15:07
003033,征和工业,SZ,摩托车及其他,2026-08-09 05:15:07
003035,南网能源,SZ,电力,2026-08-09 05:15:07
003036,泰坦股份,SZ,专用设备,2026-08-09 05:15:07
003037,三和管桩,SZ,水泥,2026-08-09 05:15:07
003038,鑫铂股份,SZ,工业金属,2026-08-09 05:15:07
003039,顺控发展,SZ,环境治理,2026-08-09 05:15:07
003040,楚天龙,SZ,通信设备,2026-08-09 05:15:07
003041,真爱美家,SZ,服装家纺,2026-08-09 05:15:07
003042,中农联合,SZ,农化制品,2026-08-09 05:15:07
003043,华亚智能,SZ,半导体,2026-08-09 05:15:07
003816,中国广核,SZ,电力,2026-08-09 05:15:07
300001,特锐德,SZ,电网设备,2026-08-09 05:15:07
300002,神州泰岳,SZ,游戏Ⅱ,2026-08-09 05:15:07
300003,乐普医疗,SZ,医疗器械,2026-08-09 05:15:07
300004,南风股份,SZ,专用设备,2026-08-09 05:15:07
300005,探路者,SZ,服装家纺,2026-08-09 05:15:07
300006,莱美药业,SZ,化学制药,2026-08-09 05:15:07
300007,汉威科技,SZ,通用设备,2026-08-09 05:15:07
300008,天海防务,SZ,航海装备Ⅱ,2026-08-09 05:15:07
300009,安科生物,SZ,生物制品,2026-08-09 05:15:07
300010,ST豆神,SZ,教育,2026-08-09 05:15:07
300011,鼎汉技术,SZ,轨交设备Ⅱ,2026-08-09 05:15:07
300012,华测检测,SZ,专业服务,2026-08-09 05:15:07
300013,新宁物流,SZ,物流,2026-08-09 05:15:07
300014,亿纬锂能,SZ,电池,2026-08-09 05:15:07
300015,爱尔眼科,SZ,医疗服务,2026-08-09 05:15:07
300016,北陆药业,SZ,化学制药,2026-08-09 05:15:07
300017,网宿科技,SZ,IT服务Ⅱ,2026-08-09 05:15:07
300018,中元股份,SZ,电网设备,2026-08-09 05:15:07
300019,硅宝科技,SZ,化学制品,2026-08-09 05:15:07
300020,ST银江,SZ,IT服务Ⅱ,2026-08-09 05:15:07
300021,大禹节水,SZ,农业综合Ⅱ,2026-08-09 05:15:07
300022,吉峰科技,SZ,专业连锁Ⅱ,2026-08-09 05:15:07
300023,宝德退,SZ,-,2026-08-09 05:15:07
300024,机器人,SZ,自动化设备,2026-08-09 05:15:07
300025,华星创业,SZ,通信服务,2026-08-09 05:15:07
300026,红日药业,SZ,中药Ⅱ,2026-08-09 05:15:07
300027,ST华谊,SZ,影视院线,2026-08-09 05:15:07
300028,金亚退,SZ,-,2026-08-09 05:15:07
300029,天龙退,SZ,-,2026-08-09 05:15:07
300030,阳普医疗,SZ,医疗器械,2026-08-09 05:15:07
300031,宝通科技,SZ,游戏Ⅱ,2026-08-09 05:15:07
300032,金龙机电,SZ,消费电子,2026-08-09 05:15:07
300033,同花顺,SZ,软件开发,2026-08-09 05:15:07
300034,钢研高纳,SZ,航空装备Ⅱ,2026-08-09 05:15:07
300035,中科电气,SZ,电池,2026-08-09 05:15:07
300036,超图软件,SZ,软件开发,2026-08-09 05:15:07
300037,新宙邦,SZ,电池,2026-08-09 05:15:07
300038,数知退,SZ,-,2026-08-09 05:15:07
300039,上海凯宝,SZ,中药Ⅱ,2026-08-09 05:15:07
300040,九洲集团,SZ,电力,2026-08-09 05:15:07
300041,回天新材,SZ,化学制品,2026-08-09 05:15:07
300042,朗科科技,SZ,计算机设备,2026-08-09 05:15:07
300043,星辉娱乐,SZ,游戏Ⅱ,2026-08-09 05:15:07
300044,*ST赛为,SZ,IT服务Ⅱ,2026-08-09 05:15:07
300045,华力创通,SZ,军工电子Ⅱ,2026-08-09 05:15:07
300046,台基股份,SZ,半导体,2026-08-09 05:15:07
300047,天源迪科,SZ,软件开发,2026-08-09 05:15:07
300048,合康新能,SZ,自动化设备,2026-08-09 05:15:07
300049,福瑞医科,SZ,医疗器械,2026-08-09 05:15:07
300050,世纪鼎利,SZ,通信服务,2026-08-09 05:15:07
300051,琏升科技,SZ,光伏设备,2026-08-09 05:15:07
300052,中青宝,SZ,IT服务Ⅱ,2026-08-09 05:15:07
300053,航宇微,SZ,半导体,2026-08-09 05:15:07
300054,鼎龙股份,SZ,电子化学品Ⅱ,2026-08-09 05:15:07
300055,万邦达,SZ,炼化及贸易,2026-08-09 05:15:07
300056,中创环保,SZ,环境治理,2026-08-09 05:15:07
300057,万顺新材,SZ,工业金属,2026-08-09 05:15:07
300058,蓝色光标,SZ,广告营销,2026-08-09 05:15:07
300059,东方财富,SZ,证券Ⅱ,2026-08-09 05:15:07
300061,旗天科技,SZ,广告营销,2026-08-09 05:15:07
300062,中能电气,SZ,电网设备,2026-08-09 05:15:07
300063,天龙集团,SZ,广告营销,2026-08-09 05:15:07
300064,金刚退,SZ,-,2026-08-09 05:15:07
300065,海兰信,SZ,航海装备Ⅱ,2026-08-09 05:15:07
300066,三川智慧,SZ,通用设备,2026-08-09 05:15:07
300067,安诺其,SZ,化学制品,2026-08-09 05:15:07
300068,ST南都,SZ,电池,2026-08-09 05:15:07
300069,金利华电,SZ,电网设备,2026-08-09 05:15:07
300070,碧水源,SZ,环境治理,2026-08-09 05:15:07
300071,福石控股,SZ,广告营销,2026-08-09 05:15:07
300072,海新能科,SZ,化学制品,2026-08-09 05:15:07
300073,当升科技,SZ,电池,2026-08-09 05:15:07
300074,华平股份,SZ,软件开发,2026-08-09 05:15:07
300075,数字政通,SZ,软件开发,2026-08-09 05:15:07
300076,*ST宁视,SZ,光学光电子,2026-08-09 05:15:07
300077,国民技术,SZ,半导体,2026-08-09 05:15:07
300078,思创智联,SZ,IT服务Ⅱ,2026-08-09 05:15:07
300079,数码视讯,SZ,IT服务Ⅱ,2026-08-09 05:15:07
300080,易成新能,SZ,光伏设备,2026-08-09 05:15:07
300081,ST恒信,SZ,通信服务,2026-08-09 05:15:07
300082,奥克股份,SZ,化学原料,2026-08-09 05:15:07
300083,创世纪,SZ,自动化设备,2026-08-09 05:15:07
300084,海默科技,SZ,专用设备,2026-08-09 05:15:07
300085,银之杰,SZ,软件开发,2026-08-09 05:15:07
300086,康芝药业,SZ,化学制药,2026-08-09 05:15:07
300087,ST荃银,SZ,种植业,2026-08-09 05:15:07
300088,长信科技,SZ,光学光电子,2026-08-09 05:15:07
300089,文化退,SZ,-,2026-08-09 05:15:07
300090,盛运退,SZ,-,2026-08-09 05:15:07
300091,*ST金灵,SZ,通用设备,2026-08-09 05:15:07
300092,科新机电,SZ,专用设备,2026-08-09 05:15:07
300093,金刚光伏,SZ,光伏设备,2026-08-09 05:15:07
300094,国联水产,SZ,渔业,2026-08-09 05:15:07
300095,华伍股份,SZ,专用设备,2026-08-09 05:15:07
300096,ST易联众,SZ,IT服务Ⅱ,2026-08-09 05:15:07
300097,智云股份,SZ,自动化设备,2026-08-09 05:15:07
300098,高新兴,SZ,通信设备,2026-08-09 05:15:07
300099,尤洛卡,SZ,专用设备,2026-08-09 05:15:07
300100,双林股份,SZ,汽车零部件,2026-08-09 05:15:07
300101,振芯科技,SZ,军工电子Ⅱ,2026-08-09 05:15:07
300102,乾照光电,SZ,光学光电子,2026-08-09 05:15:07
300103,达刚控股,SZ,专用设备,2026-08-09 05:15:07
300104,乐视退,SZ,-,2026-08-09 05:15:07
300105,龙源技术,SZ,其他电源设备Ⅱ,2026-08-09 05:15:07
300106,西部牧业,SZ,饮料乳品,2026-08-09 05:15:07
300107,建新股份,SZ,化学制品,2026-08-09 05:15:07
300108,*ST吉药,SZ,-,2026-08-09 05:15:07
300109,新开源,SZ,化学制品,2026-08-09 05:15:07
300110,华仁药业,SZ,化学制药,2026-08-09 05:15:07
300111,向日葵,SZ,化学制药,2026-08-09 05:15:07
300112,万讯自控,SZ,通用设备,2026-08-09 05:15:07
300113,顺网科技,SZ,游戏Ⅱ,2026-08-09 05:15:07
300115,长盈精密,SZ,消费电子,2026-08-09 05:15:07
300116,*ST保力,SZ,-,2026-08-09 05:15:07
300117,*ST嘉寓,SZ,-,2026-08-09 05:15:07
300118,东方日升,SZ,光伏设备,2026-08-09 05:15:07
300119,瑞普生物,SZ,动物保健Ⅱ,2026-08-09 05:15:07
300120,经纬辉开,SZ,光学光电子,2026-08-09 05:15:07
300121,阳谷华泰,SZ,橡胶,2026-08-09 05:15:07
300122,智飞生物,SZ,生物制品,2026-08-09 05:15:07
300123,ST亚光,SZ,军工电子Ⅱ,2026-08-09 05:15:07
300124,汇川技术,SZ,自动化设备,2026-08-09 05:15:07
300125,聆达股份,SZ,电力,2026-08-09 05:15:07
300126,锐奇股份,SZ,通用设备,2026-08-09 05:15:07
300127,银河磁体,SZ,金属新材料,2026-08-09 05:15:07
300128,锦富技术,SZ,消费电子,2026-08-09 05:15:07
300129,泰胜风能,SZ,风电设备,2026-08-09 05:15:07
300130,新国都,SZ,计算机设备,2026-08-09 05:15:07
300131,英唐智控,SZ,其他电子Ⅱ,2026-08-09 05:15:07
300132,青松股份,SZ,化妆品,2026-08-09 05:15:07
300133,华策影视,SZ,影视院线,2026-08-09 05:15:07
300134,大富科技,SZ,通信设备,2026-08-09 05:15:07
300135,宝利国际,SZ,炼化及贸易,2026-08-09 05:15:07
300136,信维通信,SZ,消费电子,2026-08-09 05:15:07
300137,先河环保,SZ,环保设备Ⅱ,2026-08-09 05:15:07
300138,晨光生物,SZ,农产品加工,2026-08-09 05:15:07
300139,晓程科技,SZ,贵金属,2026-08-09 05:15:07
300140,节能环境,SZ,环境治理,2026-08-09 05:15:07
300141,和顺电气,SZ,电网设备,2026-08-09 05:15:07
300142,沃森生物,SZ,生物制品,2026-08-09 05:15:07
300143,盈康生命,SZ,医疗服务,2026-08-09 05:15:07
300144,宋城演艺,SZ,旅游及景区,2026-08-09 05:15:07
300145,南方泵业,SZ,通用设备,2026-08-09 05:15:07
300146,汤臣倍健,SZ,食品加工,2026-08-09 05:15:07
300147,*ST香雪,SZ,中药Ⅱ,2026-08-09 05:15:07
300148,天舟文化,SZ,出版,2026-08-09 05:15:07
300149,睿智医药,SZ,医疗服务,2026-08-09 05:15:07
300150,世纪瑞尔,SZ,IT服务Ⅱ,2026-08-09 05:15:07
300151,昌红科技,SZ,专用设备,2026-08-09 05:15:07
300152,*ST动力,SZ,环境治理,2026-08-09 05:15:07
300153,科泰电源,SZ,其他电源设备Ⅱ,2026-08-09 05:15:07
300154,瑞凌股份,SZ,通用设备,2026-08-09 05:15:07
300155,安居宝,SZ,计算机设备,2026-08-09 05:15:07
300156,神雾退,SZ,-,2026-08-09 05:15:07
300157,新锦动力,SZ,通用设备,2026-08-09 05:15:07
300158,振东制药,SZ,中药Ⅱ,2026-08-09 05:15:07
300159,新研股份,SZ,专用设备,2026-08-09 05:15:07
300160,秀强股份,SZ,家电零部件Ⅱ,2026-08-09 05:15:07
300161,华中数控,SZ,通用设备,2026-08-09 05:15:07
300162,雷曼光电,SZ,光学光电子,2026-08-09 05:15:07
300163,先锋新材,SZ,化学制品,2026-08-09 05:15:07
300164,通源石油,SZ,油服工程,2026-08-09 05:15:07
300165,天瑞仪器,SZ,通用设备,2026-08-09 05:15:07
300166,东方国信,SZ,IT服务Ⅱ,2026-08-09 05:15:07
300167,ST迪威迅,SZ,IT服务Ⅱ,2026-08-09 05:15:07
300168,万达信息,SZ,IT服务Ⅱ,2026-08-09 05:15:07
300169,天晟新材,SZ,化学制品,2026-08-09 05:15:07
300170,汉得信息,SZ,IT服务Ⅱ,2026-08-09 05:15:07
300171,东富龙,SZ,医疗器械,2026-08-09 05:15:07
300172,中电环保,SZ,环境治理,2026-08-09 05:15:07
300173,ST福能,SZ,电池,2026-08-09 05:15:07
300174,元力股份,SZ,化学制品,2026-08-09 05:15:07
300175,朗源股份,SZ,农产品加工,2026-08-09 05:15:07
300176,鸿特科技,SZ,汽车零部件,2026-08-09 05:15:07
300177,中海达,SZ,军工电子Ⅱ,2026-08-09 05:15:07
300178,腾邦退,SZ,-,2026-08-09 05:15:07
300179,四方达,SZ,通用设备,2026-08-09 05:15:07
300180,华峰超纤,SZ,塑料,2026-08-09 05:15:07
300181,佐力药业,SZ,中药Ⅱ,2026-08-09 05:15:07
300182,捷成股份,SZ,影视院线,2026-08-09 05:15:07
300183,东软载波,SZ,通信设备,2026-08-09 05:15:07
300184,力源信息,SZ,其他电子Ⅱ,2026-08-09 05:15:07
300185,通裕重工,SZ,风电设备,2026-08-09 05:15:07
300186,大华农,SZ,-,2026-08-09 05:15:07
300187,永清环保,SZ,环境治理,2026-08-09 05:15:07
300188,国投智能,SZ,软件开发,2026-08-09 05:15:07
300189,神农种业,SZ,种植业,2026-08-09 05:15:07
300190,维尔利,SZ,环境治理,2026-08-09 05:15:07
300191,潜能恒信,SZ,油服工程,2026-08-09 05:15:07
300192,科德教育,SZ,教育,2026-08-09 05:15:07
300193,佳士科技,SZ,通用设备,2026-08-09 05:15:07
300194,福安药业,SZ,化学制药,2026-08-09 05:15:07
300195,长荣股份,SZ,专用设备,2026-08-09 05:15:07
300196,长海股份,SZ,玻璃玻纤,2026-08-09 05:15:07
300197,节能铁汉,SZ,基础建设,2026-08-09 05:15:07
300198,*ST纳川,SZ,装修建材,2026-08-09 05:15:07
300199,翰宇药业,SZ,化学制药,2026-08-09 05:15:07
300200,高盟新材,SZ,化学制品,2026-08-09 05:15:07
300201,海伦哲,SZ,工程机械,2026-08-09 05:15:07
300202,聚龙退,SZ,-,2026-08-09 05:15:07
300203,聚光科技,SZ,通用设备,2026-08-09 05:15:07
300204,舒泰神,SZ,化学制药,2026-08-09 05:15:07
300205,*ST天喻,SZ,通信设备,2026-08-09 05:15:07
300206,理邦仪器,SZ,医疗器械,2026-08-09 05:15:07
300207,欣旺达,SZ,电池,2026-08-09 05:15:07
300208,中程退,SZ,-,2026-08-09 05:15:07
300209,行云科技,SZ,软件开发,2026-08-09 05:15:07
300210,森远股份,SZ,环保设备Ⅱ,2026-08-09 05:15:07
300211,*ST亿通,SZ,通信服务,2026-08-09 05:15:07
300212,*ST易录,SZ,IT服务Ⅱ,2026-08-09 05:15:07
300213,佳讯飞鸿,SZ,通信设备,2026-08-09 05:15:07
300214,日科化学,SZ,化学制品,2026-08-09 05:15:07
300215,电科院,SZ,专业服务,2026-08-09 05:15:07
300216,千山退,SZ,-,2026-08-09 05:15:07
300217,东方电热,SZ,家电零部件Ⅱ,2026-08-09 05:15:07
300218,安利股份,SZ,塑料,2026-08-09 05:15:07
300219,鸿利智汇,SZ,光学光电子,2026-08-09 05:15:07
300220,金运激光,SZ,自动化设备,2026-08-09 05:15:07
300221,银禧科技,SZ,塑料,2026-08-09 05:15:07
300222,科大智能,SZ,电网设备,2026-08-09 05:15:07
300223,北京君正,SZ,半导体,2026-08-09 05:15:07
300224,正海磁材,SZ,金属新材料,2026-08-09 05:15:07
300225,金力泰,SZ,化学制品,2026-08-09 05:15:07
300226,上海钢联,SZ,软件开发,2026-08-09 05:15:07
300227,光韵达,SZ,自动化设备,2026-08-09 05:15:07
300228,富瑞特装,SZ,通用设备,2026-08-09 05:15:07
300229,拓尔思,SZ,软件开发,2026-08-09 05:15:07
300230,永利股份,SZ,塑料,2026-08-09 05:15:07
300231,银信科技,SZ,IT服务Ⅱ,2026-08-09 05:15:07
300232,洲明科技,SZ,光学光电子,2026-08-09 05:15:07
300233,金城医药,SZ,化学制药,2026-08-09 05:15:07
300234,开尔新材,SZ,装修建材,2026-08-09 05:15:07
300235,方直科技,SZ,软件开发,2026-08-09 05:15:07
300236,上海新阳,SZ,电子化学品Ⅱ,2026-08-09 05:15:07
300237,ST美晨,SZ,汽车零部件,2026-08-09 05:15:07
300238,冠昊生物,SZ,医疗器械,2026-08-09 05:15:07
300239,东宝生物,SZ,生物制品,2026-08-09 05:15:07
300240,飞力达,SZ,物流,2026-08-09 05:15:07
300241,瑞丰光电,SZ,光学光电子,2026-08-09 05:15:07
300242,佳云科技,SZ,广告营销,2026-08-09 05:15:07
300243,瑞丰高材,SZ,塑料,2026-08-09 05:15:07
300244,迪安诊断,SZ,医疗服务,2026-08-09 05:15:07
300245,ST天玑,SZ,IT服务Ⅱ,2026-08-09 05:15:07
300246,宝莱特,SZ,医疗器械,2026-08-09 05:15:07
300247,融捷健康,SZ,其他家电Ⅱ,2026-08-09 05:15:07
300248,新开普,SZ,计算机设备,2026-08-09 05:15:07
300249,依米康,SZ,计算机设备,2026-08-09 05:15:07
300250,初灵信息,SZ,IT服务Ⅱ,2026-08-09 05:15:07
300251,光线传媒,SZ,影视院线,2026-08-09 05:15:07
300252,金信诺,SZ,军工电子Ⅱ,2026-08-09 05:15:07
300253,卫宁健康,SZ,软件开发,2026-08-09 05:15:07
300254,仟源医药,SZ,化学制药,2026-08-09 05:15:07
300255,常山药业,SZ,化学制药,2026-08-09 05:15:07
300256,星星科技,SZ,消费电子,2026-08-09 05:15:07
300257,开山股份,SZ,通用设备,2026-08-09 05:15:07
300258,精锻科技,SZ,汽车零部件,2026-08-09 05:15:07
300259,新天科技,SZ,通用设备,2026-08-09 05:15:07
300260,新莱应材,SZ,通用设备,2026-08-09 05:15:07
300261,雅本化学,SZ,农化制品,2026-08-09 05:15:07
300262,*ST巴安,SZ,-,2026-08-09 05:15:07
300263,隆华科技,SZ,通用设备,2026-08-09 05:15:07
300264,佳创视讯,SZ,IT服务Ⅱ,2026-08-09 05:15:07
300265,通光线缆,SZ,电网设备,2026-08-09 05:15:07
300266,兴源环境,SZ,环境治理,2026-08-09 05:15:07
300267,尔康制药,SZ,化学制药,2026-08-09 05:15:07
300268,佳沃食品,SZ,农产品加工,2026-08-09 05:15:07
300269,联建光电,SZ,光学光电子,2026-08-09 05:15:07
300270,中威电子,SZ,计算机设备,2026-08-09 05:15:07
300271,华宇软件,SZ,IT服务Ⅱ,2026-08-09 05:15:07
300272,开能健康,SZ,小家电,2026-08-09 05:15:07
300273,和佳退,SZ,-,2026-08-09 05:15:07
300274,阳光电源,SZ,光伏设备,2026-08-09 05:15:07
300275,梅安森,SZ,计算机设备,2026-08-09 05:15:07
300276,三丰智能,SZ,自动化设备,2026-08-09 05:15:07
300277,汽轮科技,SZ,IT服务Ⅱ,2026-08-09 05:15:07
300278,华昌达,SZ,自动化设备,2026-08-09 05:15:07
300279,和晶科技,SZ,家电零部件Ⅱ,2026-08-09 05:15:07
300280,紫天退,SZ,-,2026-08-09 05:15:07
300281,金明精机,SZ,专用设备,2026-08-09 05:15:07
300282,三盛退,SZ,-,2026-08-09 05:15:07
300283,温州宏丰,SZ,电网设备,2026-08-09 05:15:07
300284,苏交科,SZ,工程咨询服务Ⅱ,2026-08-09 05:15:07
300285,国瓷材料,SZ,电子化学品Ⅱ,2026-08-09 05:15:07
300286,安科瑞,SZ,电网设备,2026-08-09 05:15:07
300287,飞利信,SZ,IT服务Ⅱ,2026-08-09 05:15:07
300288,朗玛信息,SZ,IT服务Ⅱ,2026-08-09 05:15:07
300289,利德曼,SZ,医疗器械,2026-08-09 05:15:07
300290,ST荣科,SZ,IT服务Ⅱ,2026-08-09 05:15:07
300291,百纳千成,SZ,影视院线,2026-08-09 05:15:07
300292,吴通控股,SZ,通信服务,2026-08-09 05:15:07
300293,蓝英装备,SZ,专用设备,2026-08-09 05:15:07
300294,博雅生物,SZ,生物制品,2026-08-09 05:15:07
300295,*ST三六,SZ,数字媒体,2026-08-09 05:15:07
300296,利亚德,SZ,光学光电子,2026-08-09 05:15:07
300297,蓝盾退,SZ,-,2026-08-09 05:15:07
300298,三诺生物,SZ,医疗器械,2026-08-09 05:15:07
300299,富春股份,SZ,游戏Ⅱ,2026-08-09 05:15:07
300300,海峡创新,SZ,IT服务Ⅱ,2026-08-09 05:15:07
300301,ST长方,SZ,光学光电子,2026-08-09 05:15:07
300302,同有科技,SZ,计算机设备,2026-08-09 05:15:07
300303,聚飞光电,SZ,光学光电子,2026-08-09 05:15:07
300304,云意电气,SZ,汽车零部件,2026-08-09 05:15:07
300305,裕兴股份,SZ,塑料,2026-08-09 05:15:07
300306,远方信息,SZ,通用设备,2026-08-09 05:15:07
300307,慈星股份,SZ,专用设备,2026-08-09 05:15:07
300308,中际旭创,SZ,通信设备,2026-08-09 05:15:07
300309,吉艾退,SZ,-,2026-08-09 05:15:07
300310,宜通世纪,SZ,通信服务,2026-08-09 05:15:07
300311,任子行,SZ,软件开发,2026-08-09 05:15:07
300312,邦讯退,SZ,-,2026-08-09 05:15:07
300313,天山生物,SZ,养殖业,2026-08-09 05:15:07
300314,戴维医疗,SZ,医疗器械,2026-08-09 05:15:07
300315,掌趣科技,SZ,游戏Ⅱ,2026-08-09 05:15:07
300316,晶盛机电,SZ,光伏设备,2026-08-09 05:15:07
300317,珈伟新能,SZ,电力,2026-08-09 05:15:07
300318,博晖创新,SZ,生物制品,2026-08-09 05:15:07
300319,麦捷科技,SZ,元件,2026-08-09 05:15:07
300320,海达股份,SZ,橡胶,2026-08-09 05:15:07
300321,同大股份,SZ,化学制品,2026-08-09 05:15:07
300322,硕贝德,SZ,消费电子,2026-08-09 05:15:07
300323,华灿光电,SZ,光学光电子,2026-08-09 05:15:07
300324,旋极信息,SZ,计算机设备,2026-08-09 05:15:07
300325,德威退,SZ,-,2026-08-09 05:15:07
300326,ST凯利,SZ,医疗器械,2026-08-09 05:15:07
300327,中颖电子,SZ,半导体,2026-08-09 05:15:07
300328,宜安科技,SZ,工业金属,2026-08-09 05:15:07
300329,海伦钢琴,SZ,文娱用品,2026-08-09 05:15:07
300330,计通退,SZ,-,2026-08-09 05:15:07
300331,苏大维格,SZ,光学光电子,2026-08-09 05:15:07
300332,天壕能源,SZ,燃气Ⅱ,2026-08-09 05:15:07
300333,兆日科技,SZ,计算机设备,2026-08-09 05:15:07
300334,津膜科技,SZ,环境治理,2026-08-09 05:15:07
300335,迪森股份,SZ,电力,2026-08-09 05:15:07
300336,新文退,SZ,-,2026-08-09 05:15:07
300337,银邦股份,SZ,工业金属,2026-08-09 05:15:07
300338,*ST开元,SZ,教育,2026-08-09 05:15:07
300339,润和软件,SZ,IT服务Ⅱ,2026-08-09 05:15:07
300340,科恒股份,SZ,电池,2026-08-09 05:15:07
300341,麦克奥迪,SZ,电网设备,2026-08-09 05:15:07
300342,天银机电,SZ,家电零部件Ⅱ,2026-08-09 05:15:07
300343,联创股份,SZ,化学制品,2026-08-09 05:15:07
300344,立方退,SZ,-,2026-08-09 05:15:07
300345,华民股份,SZ,光伏设备,2026-08-09 05:15:07
300346,南大光电,SZ,电子化学品Ⅱ,2026-08-09 05:15:07
300347,泰格医药,SZ,医疗服务,2026-08-09 05:15:07
300348,长亮科技,SZ,软件开发,2026-08-09 05:15:07
300349,金卡智能,SZ,通用设备,2026-08-09 05:15:07
300350,华鹏飞,SZ,物流,2026-08-09 05:15:07
300351,永贵电器,SZ,轨交设备Ⅱ,2026-08-09 05:15:07
300352,ST信源,SZ,软件开发,2026-08-09 05:15:07
300353,东土科技,SZ,通信设备,2026-08-09 05:15:07
300354,东华测试,SZ,通用设备,2026-08-09 05:15:07
300355,蒙草生态,SZ,基础建设,2026-08-09 05:15:07
300356,光一退,SZ,-,2026-08-09 05:15:07
300357,我武生物,SZ,生物制品,2026-08-09 05:15:07
300358,楚天科技,SZ,医疗器械,2026-08-09 05:15:07
300359,全通教育,SZ,教育,2026-08-09 05:15:07
300360,炬华科技,SZ,电网设备,2026-08-09 05:15:07
300362,天翔退,SZ,-,2026-08-09 05:15:07
300363,博腾股份,SZ,医疗服务,2026-08-09 05:15:07
300364,中文在线,SZ,数字媒体,2026-08-09 05:15:07
300365,恒华科技,SZ,软件开发,2026-08-09 05:15:07
300366,ST创意,SZ,软件开发,2026-08-09 05:15:07
300367,网力退,SZ,-,2026-08-09 05:15:07
300368,汇金股份,SZ,计算机设备,2026-08-09 05:15:07
300369,绿盟科技,SZ,软件开发,2026-08-09 05:15:07
300370,安控科技,SZ,通用设备,2026-08-09 05:15:07
300371,汇中股份,SZ,通用设备,2026-08-09 05:15:07
300372,欣泰退,SZ,-,2026-08-09 05:15:07
300373,扬杰科技,SZ,半导体,2026-08-09 05:15:07
300374,中铁装配,SZ,基础建设,2026-08-09 05:15:07
300375,鹏翎股份,SZ,汽车零部件,2026-08-09 05:15:07
300376,易事特,SZ,其他电源设备Ⅱ,2026-08-09 05:15:07
300377,赢时胜,SZ,软件开发,2026-08-09 05:15:07
300378,鼎捷数智,SZ,软件开发,2026-08-09 05:15:07
300379,东通退,SZ,-,2026-08-09 05:15:07
300380,安硕信息,SZ,软件开发,2026-08-09 05:15:07
300381,溢多利,SZ,化学制药,2026-08-09 05:15:07
300382,斯莱克,SZ,专用设备,2026-08-09 05:15:07
300383,光环新网,SZ,通信服务,2026-08-09 05:15:07
300384,三联虹普,SZ,专业工程,2026-08-09 05:15:07
300385,ST雪浪,SZ,环境治理,2026-08-09 05:15:07
300386,飞天诚信,SZ,计算机设备,2026-08-09 05:15:07
300387,富邦科技,SZ,农化制品,2026-08-09 05:15:07
300388,节能国祯,SZ,环境治理,2026-08-09 05:15:07
300389,艾比森,SZ,光学光电子,2026-08-09 05:15:07
300390,天华新能,SZ,电池,2026-08-09 05:15:07
300391,长药退,SZ,-,2026-08-09 05:15:07
300392,腾信退,SZ,-,2026-08-09 05:15:07
300393,中来股份,SZ,光伏设备,2026-08-09 05:15:07
300394,天孚通信,SZ,通信设备,2026-08-09 05:15:07
300395,菲利华,SZ,航空装备Ⅱ,2026-08-09 05:15:07
300396,ST迪瑞,SZ,医疗器械,2026-08-09 05:15:07
300397,天和防务,SZ,军工电子Ⅱ,2026-08-09 05:15:07
300398,飞凯材料,SZ,电子化学品Ⅱ,2026-08-09 05:15:07
300399,天利科技,SZ,IT服务Ⅱ,2026-08-09 05:15:07
300400,劲拓股份,SZ,自动化设备,2026-08-09 05:15:07
300401,花园生物,SZ,化学制药,2026-08-09 05:15:07
300402,宝色股份,SZ,通用设备,2026-08-09 05:15:07
300403,汉宇集团,SZ,家电零部件Ⅱ,2026-08-09 05:15:07
300404,博济医药,SZ,医疗服务,2026-08-09 05:15:07
300405,科隆股份,SZ,化学制品,2026-08-09 05:15:07
300406,九强生物,SZ,医疗器械,2026-08-09 05:15:07
300407,凯发电气,SZ,电网设备,2026-08-09 05:15:07
300408,三环集团,SZ,元件,2026-08-09 05:15:07
300409,道氏技术,SZ,电池,2026-08-09 05:15:07
300410,正业科技,SZ,电池,2026-08-09 05:15:07
300411,金盾股份,SZ,专用设备,2026-08-09 05:15:07
300412,迦南科技,SZ,专用设备,2026-08-09 05:15:07
300413,芒果超媒,SZ,数字媒体,2026-08-09 05:15:07
300414,中光防雷,SZ,通信设备,2026-08-09 05:15:07
300415,伊之密,SZ,专用设备,2026-08-09 05:15:07
300416,苏试试验,SZ,专业服务,2026-08-09 05:15:07
300417,南华仪器,SZ,通用设备,2026-08-09 05:15:07
300418,昆仑万维,SZ,数字媒体,2026-08-09 05:15:07
300419,ST浩丰,SZ,IT服务Ⅱ,2026-08-09 05:15:07
300420,五洋自控,SZ,通用设备,2026-08-09 05:15:07
300421,力星股份,SZ,通用设备,2026-08-09 05:15:07
300422,博世科,SZ,环境治理,2026-08-09 05:15:07
300423,昇辉科技,SZ,电网设备,2026-08-09 05:15:07
300424,航新科技,SZ,航空装备Ⅱ,2026-08-09 05:15:07
300425,中建环能,SZ,环境治理,2026-08-09 05:15:07
300426,华智数媒,SZ,影视院线,2026-08-09 05:15:07
300427,红相股份,SZ,电网设备,2026-08-09 05:15:07
300428,立中集团,SZ,汽车零部件,2026-08-09 05:15:07
300429,强力新材,SZ,电子化学品Ⅱ,2026-08-09 05:15:07
300430,*ST益通,SZ,医疗器械,2026-08-09 05:15:07
300431,暴风退,SZ,-,2026-08-09 05:15:07
300432,富临精工,SZ,电池,2026-08-09 05:15:07
300433,蓝思科技,SZ,消费电子,2026-08-09 05:15:07
300434,金石亚药,SZ,化学制药,2026-08-09 05:15:07
300435,中泰股份,SZ,专用设备,2026-08-09 05:15:07
300436,广生堂,SZ,化学制药,2026-08-09 05:15:07
300437,清水源,SZ,环境治理,2026-08-09 05:15:07
300438,鹏辉能源,SZ,电池,2026-08-09 05:15:07
300439,美康生物,SZ,医疗器械,2026-08-09 05:15:07
300440,运达科技,SZ,IT服务Ⅱ,2026-08-09 05:15:07
300441,鲍斯股份,SZ,通用设备,2026-08-09 05:15:07
300442,润泽科技,SZ,通信服务,2026-08-09 05:15:07
300443,金雷股份,SZ,风电设备,2026-08-09 05:15:07
300444,双杰电气,SZ,电网设备,2026-08-09 05:15:07
300445,康斯特,SZ,通用设备,2026-08-09 05:15:07
300446,航天智造,SZ,汽车零部件,2026-08-09 05:15:07
300447,全信股份,SZ,军工电子Ⅱ,2026-08-09 05:15:07
300448,浩云科技,SZ,IT服务Ⅱ,2026-08-09 05:15:07
300449,汉邦高科,SZ,计算机设备,2026-08-09 05:15:07
300450,先导智能,SZ,电池,2026-08-09 05:15:07
300451,创业慧康,SZ,软件开发,2026-08-09 05:15:07
300452,山河药辅,SZ,化学制药,2026-08-09 05:15:07
300453,三鑫医疗,SZ,医疗器械,2026-08-09 05:15:07
300454,深信服,SZ,软件开发,2026-08-09 05:15:07
300455,航天智装,SZ,计算机设备,2026-08-09 05:15:07
300456,赛微电子,SZ,半导体,2026-08-09 05:15:07
300457,赢合科技,SZ,电池,2026-08-09 05:15:07
300458,全志科技,SZ,半导体,2026-08-09 05:15:07
300459,汤姆猫,SZ,游戏Ⅱ,2026-08-09 05:15:07
300460,ST惠伦,SZ,元件,2026-08-09 05:15:07
300461,田中精机,SZ,自动化设备,2026-08-09 05:15:07
300462,ST华铭,SZ,计算机设备,2026-08-09 05:15:07
300463,迈克生物,SZ,医疗器械,2026-08-09 05:15:07
300464,星徽股份,SZ,互联网电商,2026-08-09 05:15:07
300465,高伟达,SZ,软件开发,2026-08-09 05:15:07
300466,赛摩智能,SZ,通用设备,2026-08-09 05:15:07
300467,迅游科技,SZ,游戏Ⅱ,2026-08-09 05:15:07
300468,四方精创,SZ,软件开发,2026-08-09 05:15:07
300469,信息发展,SZ,软件开发,2026-08-09 05:15:07
300470,中密控股,SZ,通用设备,2026-08-09 05:15:07
300471,厚普股份,SZ,专用设备,2026-08-09 05:15:07
300472,*ST新元,SZ,专用设备,2026-08-09 05:15:07
300473,德尔股份,SZ,汽车零部件,2026-08-09 05:15:07
300474,景嘉微,SZ,军工电子Ⅱ,2026-08-09 05:15:07
300475,香农芯创,SZ,其他电子Ⅱ,2026-08-09 05:15:07
300476,胜宏科技,SZ,元件,2026-08-09 05:15:07
300477,ST合纵,SZ,电池,2026-08-09 05:15:07
300478,杭州高新,SZ,塑料,2026-08-09 05:15:07
300479,神思电子,SZ,计算机设备,2026-08-09 05:15:07
300480,光力科技,SZ,专用设备,2026-08-09 05:15:07
300481,濮阳惠成,SZ,电子化学品Ⅱ,2026-08-09 05:15:07
300482,万孚生物,SZ,医疗器械,2026-08-09 05:15:07
300483,首华燃气,SZ,燃气Ⅱ,2026-08-09 05:15:07
300484,蓝海华腾,SZ,自动化设备,2026-08-09 05:15:07
300485,赛升药业,SZ,生物制品,2026-08-09 05:15:07
300486,东杰智能,SZ,自动化设备,2026-08-09 05:15:07
300487,蓝晓科技,SZ,塑料,2026-08-09 05:15:07
300488,恒锋工具,SZ,通用设备,2026-08-09 05:15:07
300489,光智科技,SZ,光学光电子,2026-08-09 05:15:07
300490,华自科技,SZ,电网设备,2026-08-09 05:15:07
300491,通合科技,SZ,其他电源设备Ⅱ,2026-08-09 05:15:07
300492,华图山鼎,SZ,教育,2026-08-09 05:15:07
300493,润欣科技,SZ,其他电子Ⅱ,2026-08-09 05:15:07
300494,盛天网络,SZ,游戏Ⅱ,2026-08-09 05:15:07
300495,*ST美尚,SZ,-,2026-08-09 05:15:07
300496,中科创达,SZ,IT服务Ⅱ,2026-08-09 05:15:07
300497,富祥股份,SZ,化学制药,2026-08-09 05:15:07
300498,温氏股份,SZ,养殖业,2026-08-09 05:15:07
300499,高澜股份,SZ,专用设备,2026-08-09 05:15:07
300500,启迪设计,SZ,工程咨询服务Ⅱ,2026-08-09 05:15:07
300501,海顺新材,SZ,包装印刷,2026-08-09 05:15:07
300502,新易盛,SZ,通信设备,2026-08-09 05:15:07
300503,昊志机电,SZ,通用设备,2026-08-09 05:15:07
300504,天邑股份,SZ,通信设备,2026-08-09 05:15:07
300505,川金诺,SZ,农化制品,2026-08-09 05:15:07
300506,名家汇,SZ,装修装饰Ⅱ,2026-08-09 05:15:07
300507,苏奥传感,SZ,汽车零部件,2026-08-09 05:15:07
300508,维宏股份,SZ,计算机设备,2026-08-09 05:15:07
300509,新美星,SZ,专用设备,2026-08-09 05:15:07
300510,金冠股份,SZ,电网设备,2026-08-09 05:15:07
300511,雪榕生物,SZ,种植业,2026-08-09 05:15:07
300512,中亚股份,SZ,专用设备,2026-08-09 05:15:07
300513,恒实科技,SZ,通信服务,2026-08-09 05:15:07
300514,友讯达,SZ,电网设备,2026-08-09 05:15:07
300515,三德科技,SZ,通用设备,2026-08-09 05:15:07
300516,久之洋,SZ,其他电子Ⅱ,2026-08-09 05:15:07
300517,海波重科,SZ,专业工程,2026-08-09 05:15:07
300518,新迅达,SZ,互联网电商,2026-08-09 05:15:07
300519,新光药业,SZ,中药Ⅱ,2026-08-09 05:15:07
300520,科大国创,SZ,软件开发,2026-08-09 05:15:07
300521,爱司凯,SZ,专用设备,2026-08-09 05:15:07
300522,世名科技,SZ,化学制品,2026-08-09 05:15:07
300523,辰安科技,SZ,IT服务Ⅱ,2026-08-09 05:15:07
300525,博思软件,SZ,软件开发,2026-08-09 05:15:07
300526,中潜退,SZ,-,2026-08-09 05:15:07
300527,ST应急,SZ,地面兵装Ⅱ,2026-08-09 05:15:07
300528,幸福蓝海,SZ,影视院线,2026-08-09 05:15:07
300529,健帆生物,SZ,医疗器械,2026-08-09 05:15:07
300530,领湃科技,SZ,电池,2026-08-09 05:15:07
300531,优博讯,SZ,计算机设备,2026-08-09 05:15:07
300532,今天国际,SZ,IT服务Ⅱ,2026-08-09 05:15:07
300533,冰川网络,SZ,游戏Ⅱ,2026-08-09 05:15:07
300534,陇神戎发,SZ,中药Ⅱ,2026-08-09 05:15:07
300535,达威股份,SZ,化学制品,2026-08-09 05:15:07
300536,农尚环境,SZ,IT服务Ⅱ,2026-08-09 05:15:07
300537,广信材料,SZ,电子化学品Ⅱ,2026-08-09 05:15:07
300538,同益股份,SZ,塑料,2026-08-09 05:15:07
300539,横河精密,SZ,塑料,2026-08-09 05:15:07
300540,蜀道装备,SZ,专用设备,2026-08-09 05:15:07
300541,先进数通,SZ,IT服务Ⅱ,2026-08-09 05:15:07
300542,新晨科技,SZ,软件开发,2026-08-09 05:15:07
300543,朗科智能,SZ,家电零部件Ⅱ,2026-08-09 05:15:07
300545,联得装备,SZ,光学光电子,2026-08-09 05:15:07
300546,雄帝科技,SZ,计算机设备,2026-08-09 05:15:07
300547,川环科技,SZ,汽车零部件,2026-08-09 05:15:07
300548,长芯博创,SZ,通信设备,2026-08-09 05:15:07
300549,优德精密,SZ,专用设备,2026-08-09 05:15:07
300550,和仁科技,SZ,软件开发,2026-08-09 05:15:07
300551,古鳌科技,SZ,计算机设备,2026-08-09 05:15:07
300552,万集科技,SZ,计算机设备,2026-08-09 05:15:07
300553,集智股份,SZ,通用设备,2026-08-09 05:15:07
300554,三超新材,SZ,通用设备,2026-08-09 05:15:07
300555,ST路通,SZ,通信设备,2026-08-09 05:15:07
300556,丝路视觉,SZ,软件开发,2026-08-09 05:15:07
300557,理工光科,SZ,通用设备,2026-08-09 05:15:07
300558,贝达药业,SZ,化学制药,2026-08-09 05:15:07
300559,佳发教育,SZ,软件开发,2026-08-09 05:15:07
300560,中富通,SZ,通信服务,2026-08-09 05:15:07
300561,汇金科技,SZ,软件开发,2026-08-09 05:15:07
300562,乐心医疗,SZ,医疗器械,2026-08-09 05:15:07
300563,神宇股份,SZ,通信设备,2026-08-09 05:15:07
300564,筑博设计,SZ,工程咨询服务Ⅱ,2026-08-09 05:15:07
300565,科信技术,SZ,通信设备,2026-08-09 05:15:07
300566,激智科技,SZ,光学光电子,2026-08-09 05:15:07
300567,精测电子,SZ,通用设备,2026-08-09 05:15:07
300568,星源材质,SZ,电池,2026-08-09 05:15:07
300569,天能重工,SZ,风电设备,2026-08-09 05:15:07
300570,太辰光,SZ,通信设备,2026-08-09 05:15:07
300571,平治信息,SZ,通信服务,2026-08-09 05:15:07
300572,安车检测,SZ,通用设备,2026-08-09 05:15:07
300573,兴齐眼药,SZ,化学制药,2026-08-09 05:15:07
300575,中旗股份,SZ,农化制品,2026-08-09 05:15:07
300576,容大感光,SZ,电子化学品Ⅱ,2026-08-09 05:15:07
300577,开润股份,SZ,服装家纺,2026-08-09 05:15:07
300578,会畅科技,SZ,通信服务,2026-08-09 05:15:07
300579,数字认证,SZ,软件开发,2026-08-09 05:15:07
300580,贝斯特,SZ,汽车零部件,2026-08-09 05:15:07
300581,晨曦航空,SZ,航空装备Ⅱ,2026-08-09 05:15:07
300582,英飞特,SZ,光学光电子,2026-08-09 05:15:07
300583,赛托生物,SZ,化学制药,2026-08-09 05:15:07
300584,海辰药业,SZ,化学制药,2026-08-09 05:15:07
300585,奥联电子,SZ,汽车零部件,2026-08-09 05:15:07
300586,美联新材,SZ,塑料,2026-08-09 05:15:07
300587,天铁科技,SZ,橡胶,2026-08-09 05:15:07
300588,熙菱信息,SZ,计算机设备,2026-08-09 05:15:07
300589,江龙船艇,SZ,航海装备Ⅱ,2026-08-09 05:15:07
300590,移为通信,SZ,通信设备,2026-08-09 05:15:07
300591,万里马,SZ,服装家纺,2026-08-09 05:15:07
300592,华凯易佰,SZ,互联网电商,2026-08-09 05:15:07
300593,新雷能,SZ,其他电源设备Ⅱ,2026-08-09 05:15:07
300594,ST朗进,SZ,轨交设备Ⅱ,2026-08-09 05:15:07
300595,欧普康视,SZ,医疗器械,2026-08-09 05:15:07
300596,利安隆,SZ,化学制品,2026-08-09 05:15:07
300597,吉大通信,SZ,通信服务,2026-08-09 05:15:07
300598,诚迈科技,SZ,软件开发,2026-08-09 05:15:07
300599,雄塑科技,SZ,装修建材,2026-08-09 05:15:07
300600,国瑞科技,SZ,航海装备Ⅱ,2026-08-09 05:15:07
300601,康泰生物,SZ,生物制品,2026-08-09 05:15:07
300602,飞荣达,SZ,消费电子,2026-08-09 05:15:07
300603,立昂技术,SZ,通信服务,2026-08-09 05:15:07
300604,长川科技,SZ,半导体,2026-08-09 05:15:07
300605,恒锋信息,SZ,软件开发,2026-08-09 05:15:07
300606,金太阳,SZ,通用设备,2026-08-09 05:15:07
300607,拓斯达,SZ,自动化设备,2026-08-09 05:15:07
300608,思特奇,SZ,软件开发,2026-08-09 05:15:07
300609,汇纳科技,SZ,IT服务Ⅱ,2026-08-09 05:15:07
300610,晨化股份,SZ,化学制品,2026-08-09 05:15:07
300611,美力科技,SZ,汽车零部件,2026-08-09 05:15:07
300612,宣亚国际,SZ,广告营销,2026-08-09 05:15:07
300613,富瀚微,SZ,半导体,2026-08-09 05:15:07
300614,百川畅银,SZ,环境治理,2026-08-09 05:15:07
300615,欣天科技,SZ,通信设备,2026-08-09 05:15:07
300616,尚品宅配,SZ,家居用品,2026-08-09 05:15:07
300617,安靠智电,SZ,电网设备,2026-08-09 05:15:07
300618,寒锐钴业,SZ,能源金属,2026-08-09 05:15:07
300619,金银河,SZ,电池,2026-08-09 05:15:07
300620,光库科技,SZ,通信设备,2026-08-09 05:15:07
300621,维业股份,SZ,装修装饰Ⅱ,2026-08-09 05:15:07
300622,博士眼镜,SZ,专业连锁Ⅱ,2026-08-09 05:15:07
300623,捷捷微电,SZ,半导体,2026-08-09 05:15:07
300624,万兴科技,SZ,软件开发,2026-08-09 05:15:07
300625,三雄极光,SZ,照明设备Ⅱ,2026-08-09 05:15:07
300626,华瑞股份,SZ,电机Ⅱ,2026-08-09 05:15:07
300627,华测导航,SZ,通信设备,2026-08-09 05:15:07
300628,亿联网络,SZ,通信设备,2026-08-09 05:15:07
300629,新劲刚,SZ,军工电子Ⅱ,2026-08-09 05:15:07
300630,普利退,SZ,-,2026-08-09 05:15:07
300631,久吾高科,SZ,环保设备Ⅱ,2026-08-09 05:15:07
300632,光莆股份,SZ,光学光电子,2026-08-09 05:15:07
300633,开立医疗,SZ,医疗器械,2026-08-09 05:15:07
300634,彩讯股份,SZ,IT服务Ⅱ,2026-08-09 05:15:07
300635,中达安,SZ,工程咨询服务Ⅱ,2026-08-09 05:15:07
300636,同和药业,SZ,化学制药,2026-08-09 05:15:07
300637,扬帆新材,SZ,化学制品,2026-08-09 05:15:07
300638,广和通,SZ,通信设备,2026-08-09 05:15:07
300639,凯普生物,SZ,医疗器械,2026-08-09 05:15:07
300640,德艺文创,SZ,家居用品,2026-08-09 05:15:07
300641,正丹股份,SZ,化学制品,2026-08-09 05:15:07
300642,透景生命,SZ,医疗器械,2026-08-09 05:15:07
300643,万通智控,SZ,汽车零部件,2026-08-09 05:15:07
300644,南京聚隆,SZ,塑料,2026-08-09 05:15:07
300645,正元智慧,SZ,计算机设备,2026-08-09 05:15:07
300647,超频三,SZ,消费电子,2026-08-09 05:15:07
300648,星云股份,SZ,电池,2026-08-09 05:15:07
300649,杭州园林,SZ,基础建设,2026-08-09 05:15:07
300650,太龙股份,SZ,其他电子Ⅱ,2026-08-09 05:15:07
300651,金陵体育,SZ,文娱用品,2026-08-09 05:15:07
300652,雷迪克,SZ,汽车零部件,2026-08-09 05:15:07
300653,正海生物,SZ,医疗器械,2026-08-09 05:15:07
300654,世纪天鸿,SZ,出版,2026-08-09 05:15:07
300655,晶瑞电材,SZ,电子化学品Ⅱ,2026-08-09 05:15:07
300656,民德电子,SZ,其他电子Ⅱ,2026-08-09 05:15:07
300657,弘信电子,SZ,元件,2026-08-09 05:15:07
300658,延江股份,SZ,个护用品,2026-08-09 05:15:07
300659,中孚信息,SZ,计算机设备,2026-08-09 05:15:07
300660,江苏雷利,SZ,电机Ⅱ,2026-08-09 05:15:07
300661,圣邦股份,SZ,半导体,2026-08-09 05:15:07
300662,科锐国际,SZ,专业服务,2026-08-09 05:15:07
300663,科蓝软件,SZ,软件开发,2026-08-09 05:15:07
300664,鹏鹞环保,SZ,环境治理,2026-08-09 05:15:07
300665,飞鹿股份,SZ,化学制品,2026-08-09 05:15:07
300666,江丰电子,SZ,半导体,2026-08-09 05:15:07
300667,必创科技,SZ,通用设备,2026-08-09 05:15:07
300668,杰恩股份,SZ,工程咨询服务Ⅱ,2026-08-09 05:15:07
300669,沪宁股份,SZ,专用设备,2026-08-09 05:15:07
300670,大烨智能,SZ,电网设备,2026-08-09 05:15:07
300671,富满微,SZ,半导体,2026-08-09 05:15:07
300672,国科微,SZ,半导体,2026-08-09 05:15:07
300673,佩蒂股份,SZ,饲料,2026-08-09 05:15:07
300674,宇信科技,SZ,IT服务Ⅱ,2026-08-09 05:15:07
300675,建科院,SZ,工程咨询服务Ⅱ,2026-08-09 05:15:07
300676,华大基因,SZ,医疗服务,2026-08-09 05:15:07
300677,英科医疗,SZ,医疗器械,2026-08-09 05:15:07
300678,中科信息,SZ,IT服务Ⅱ,2026-08-09 05:15:07
300679,电连技术,SZ,消费电子,2026-08-09 05:15:07
300680,隆盛科技,SZ,汽车零部件,2026-08-09 05:15:07
300681,英搏尔,SZ,汽车零部件,2026-08-09 05:15:07
300682,朗新科技,SZ,IT服务Ⅱ,2026-08-09 05:15:07
300683,海特生物,SZ,医疗服务,2026-08-09 05:15:07
300684,中石科技,SZ,电子化学品Ⅱ,2026-08-09 05:15:07
300685,艾德生物,SZ,医疗器械,2026-08-09 05:15:07
300686,智动力,SZ,消费电子,2026-08-09 05:15:07
300687,赛意信息,SZ,IT服务Ⅱ,2026-08-09 05:15:07
300688,创业黑马,SZ,教育,2026-08-09 05:15:07
300689,澄天伟业,SZ,通信设备,2026-08-09 05:15:07
300690,双一科技,SZ,风电设备,2026-08-09 05:15:07
300691,联合光电,SZ,计算机设备,2026-08-09 05:15:07
300692,中赋科技,SZ,环境治理,2026-08-09 05:15:07
300693,盛弘股份,SZ,其他电源设备Ⅱ,2026-08-09 05:15:07
300694,蠡湖股份,SZ,汽车零部件,2026-08-09 05:15:07
300695,兆丰股份,SZ,汽车零部件,2026-08-09 05:15:07
300696,爱乐达,SZ,航空装备Ⅱ,2026-08-09 05:15:07
300697,电工合金,SZ,工业金属,2026-08-09 05:15:07
300698,万马科技,SZ,通信设备,2026-08-09 05:15:07
300699,光威复材,SZ,航空装备Ⅱ,2026-08-09 05:15:07
300700,岱勒新材,SZ,通用设备,2026-08-09 05:15:07
300701,森霸传感,SZ,光学光电子,2026-08-09 05:15:07
300702,天宇股份,SZ,化学制药,2026-08-09 05:15:07
300703,创源股份,SZ,文娱用品,2026-08-09 05:15:07
300705,九典制药,SZ,化学制药,2026-08-09 05:15:07
300706,阿石创,SZ,半导体,2026-08-09 05:15:07
300707,威唐工业,SZ,汽车零部件,2026-08-09 05:15:07
300708,聚灿光电,SZ,光学光电子,2026-08-09 05:15:07
300709,精研科技,SZ,消费电子,2026-08-09 05:15:07
300710,万隆光电,SZ,通信设备,2026-08-09 05:15:07
300711,广哈通信,SZ,通信设备,2026-08-09 05:15:07
300712,永福股份,SZ,专业工程,2026-08-09 05:15:07
300713,英可瑞,SZ,其他电源设备Ⅱ,2026-08-09 05:15:07
300715,凯伦股份,SZ,装修建材,2026-08-09 05:15:07
300716,*ST泉为,SZ,塑料,2026-08-09 05:15:07
300717,华信新材,SZ,塑料,2026-08-09 05:15:07
300718,长盛轴承,SZ,通用设备,2026-08-09 05:15:07
300719,安达维尔,SZ,航空装备Ⅱ,2026-08-09 05:15:07
300720,海川智能,SZ,通用设备,2026-08-09 05:15:07
300721,怡达股份,SZ,化学制品,2026-08-09 05:15:07
300722,新余国科,SZ,航天装备Ⅱ,2026-08-09 05:15:07
300723,一品红,SZ,化学制药,2026-08-09 05:15:07
300724,捷佳伟创,SZ,光伏设备,2026-08-09 05:15:07
300725,药石科技,SZ,医疗服务,2026-08-09 05:15:07
300726,宏达电子,SZ,军工电子Ⅱ,2026-08-09 05:15:07
300727,润禾材料,SZ,化学制品,2026-08-09 05:15:07
300729,乐歌股份,SZ,家居用品,2026-08-09 05:15:07
300730,科创信息,SZ,软件开发,2026-08-09 05:15:07
300731,科创新源,SZ,橡胶,2026-08-09 05:15:07
300732,设研院,SZ,工程咨询服务Ⅱ,2026-08-09 05:15:07
300733,西菱动力,SZ,汽车零部件,2026-08-09 05:15:07
300735,光弘科技,SZ,消费电子,2026-08-09 05:15:07
300736,百邦科技,SZ,其他电子Ⅱ,2026-08-09 05:15:07
300737,科顺股份,SZ,装修建材,2026-08-09 05:15:07
300738,奥飞数据,SZ,通信服务,2026-08-09 05:15:07
300739,明阳电路,SZ,元件,2026-08-09 05:15:07
300740,水羊股份,SZ,化妆品,2026-08-09 05:15:07
300741,华宝股份,SZ,化学制品,2026-08-09 05:15:07
300742,越博退,SZ,-,2026-08-09 05:15:07
300743,天地数码,SZ,计算机设备,2026-08-09 05:15:07
300745,欣锐科技,SZ,汽车零部件,2026-08-09 05:15:07
300746,汉嘉数智,SZ,工程咨询服务Ⅱ,2026-08-09 05:15:07
300747,锐科激光,SZ,自动化设备,2026-08-09 05:15:07
300748,金力永磁,SZ,金属新材料,2026-08-09 05:15:07
300749,顶固集创,SZ,家居用品,2026-08-09 05:15:07
300750,宁德时代,SZ,电池,2026-08-09 05:15:07
300751,迈为股份,SZ,光伏设备,2026-08-09 05:15:07
300752,隆利科技,SZ,光学光电子,2026-08-09 05:15:07
300753,爱朋医疗,SZ,医疗器械,2026-08-09 05:15:07
300755,华致酒行,SZ,专业连锁Ⅱ,2026-08-09 05:15:07
300756,金马游乐,SZ,专用设备,2026-08-09 05:15:07
300757,罗博特科,SZ,自动化设备,2026-08-09 05:15:07
300758,七彩化学,SZ,化学制品,2026-08-09 05:15:07
300759,康龙化成,SZ,医疗服务,2026-08-09 05:15:07
300760,迈瑞医疗,SZ,医疗器械,2026-08-09 05:15:07
300761,立华股份,SZ,养殖业,2026-08-09 05:15:07
300762,上海瀚讯,SZ,军工电子Ⅱ,2026-08-09 05:15:07
300763,锦浪科技,SZ,光伏设备,2026-08-09 05:15:07
300765,石药创新,SZ,化学制药,2026-08-09 05:15:07
300766,每日互动,SZ,软件开发,2026-08-09 05:15:07
300767,震安科技,SZ,橡胶,2026-08-09 05:15:07
300768,迪普科技,SZ,软件开发,2026-08-09 05:15:07
300769,德方纳米,SZ,电池,2026-08-09 05:15:07
300770,新媒股份,SZ,电视广播Ⅱ,2026-08-09 05:15:07
300771,智莱科技,SZ,计算机设备,2026-08-09 05:15:07
300772,运达股份,SZ,风电设备,2026-08-09 05:15:07
300773,拉卡拉,SZ,多元金融,2026-08-09 05:15:07
300774,倍杰特,SZ,环境治理,2026-08-09 05:15:07
300775,三角防务,SZ,航空装备Ⅱ,2026-08-09 05:15:07
300776,帝尔激光,SZ,光伏设备,2026-08-09 05:15:07
300777,中简科技,SZ,航空装备Ⅱ,2026-08-09 05:15:07
300778,新城市,SZ,工程咨询服务Ⅱ,2026-08-09 05:15:07
300779,惠城环保,SZ,环境治理,2026-08-09 05:15:07
300780,德恩精工,SZ,通用设备,2026-08-09 05:15:07
300781,因赛集团,SZ,广告营销,2026-08-09 05:15:07
300782,卓胜微,SZ,半导体,2026-08-09 05:15:07
300783,三只松鼠,SZ,休闲食品,2026-08-09 05:15:07
300784,利安科技,SZ,消费电子,2026-08-09 05:15:07
300785,值得买,SZ,数字媒体,2026-08-09 05:15:07
300786,国林科技,SZ,环保设备Ⅱ,2026-08-09 05:15:07
300787,海能实业,SZ,消费电子,2026-08-09 05:15:07
300788,中信出版,SZ,出版,2026-08-09 05:15:07
300789,唐源电气,SZ,计算机设备,2026-08-09 05:15:07
300790,宇瞳光学,SZ,计算机设备,2026-08-09 05:15:07
300791,仙乐健康,SZ,食品加工,2026-08-09 05:15:07
300792,壹网壹创,SZ,互联网电商,2026-08-09 05:15:07
300793,佳禾智能,SZ,消费电子,2026-08-09 05:15:07
300795,米奥会展,SZ,专业服务,2026-08-09 05:15:07
300796,贝斯美,SZ,农化制品,2026-08-09 05:15:07
300797,钢研纳克,SZ,专业服务,2026-08-09 05:15:07
300798,锦鸡股份,SZ,化学制品,2026-08-09 05:15:07
300799,左江退,SZ,-,2026-08-09 05:15:07
300800,力合科技,SZ,环保设备Ⅱ,2026-08-09 05:15:07
300801,泰和科技,SZ,化学制品,2026-08-09 05:15:07
300802,矩子科技,SZ,自动化设备,2026-08-09 05:15:07
300803,指南针,SZ,软件开发,2026-08-09 05:15:07
300804,广康生化,SZ,农化制品,2026-08-09 05:15:07
300805,电声股份,SZ,广告营销,2026-08-09 05:15:07
300806,斯迪克,SZ,塑料,2026-08-09 05:15:07
300807,天迈科技,SZ,计算机设备,2026-08-09 05:15:07
300808,久量股份,SZ,光学光电子,2026-08-09 05:15:07
300809,华辰装备,SZ,通用设备,2026-08-09 05:15:07
300810,中科海讯,SZ,航海装备Ⅱ,2026-08-09 05:15:07
300811,铂科新材,SZ,金属新材料,2026-08-09 05:15:07
300812,易天股份,SZ,消费电子,2026-08-09 05:15:07
300813,泰林生物,SZ,专用设备,2026-08-09 05:15:07
300814,中富电路,SZ,元件,2026-08-09 05:15:07
300815,玉禾田,SZ,环境治理,2026-08-09 05:15:07
300816,艾可蓝,SZ,汽车零部件,2026-08-09 05:15:07
300817,双飞集团,SZ,通用设备,2026-08-09 05:15:07
300818,耐普矿机,SZ,通用设备,2026-08-09 05:15:07
300819,聚杰微纤,SZ,纺织制造,2026-08-09 05:15:07
300820,英杰电气,SZ,其他电源设备Ⅱ,2026-08-09 05:15:07
300821,东岳硅材,SZ,化学制品,2026-08-09 05:15:07
300822,贝仕达克,SZ,消费电子,2026-08-09 05:15:07
300823,建科智能,SZ,专用设备,2026-08-09 05:15:07
300824,北鼎股份,SZ,小家电,2026-08-09 05:15:07
300825,阿尔特,SZ,汽车服务,2026-08-09 05:15:07
300826,测绘股份,SZ,工程咨询服务Ⅱ,2026-08-09 05:15:07
300827,上能电气,SZ,光伏设备,2026-08-09 05:15:07
300828,锐新科技,SZ,通用设备,2026-08-09 05:15:07
300829,金丹科技,SZ,化学制品,2026-08-09 05:15:07
300830,金现代,SZ,软件开发,2026-08-09 05:15:07
300831,ST派瑞,SZ,半导体,2026-08-09 05:15:07
300832,新产业,SZ,医疗器械,2026-08-09 05:15:07
300833,浩洋股份,SZ,专用设备,2026-08-09 05:15:07
300834,星辉环材,SZ,塑料,2026-08-09 05:15:07
300835,龙磁科技,SZ,金属新材料,2026-08-09 05:15:07
300836,佰奥智能,SZ,专用设备,2026-08-09 05:15:07
300837,浙矿股份,SZ,专用设备,2026-08-09 05:15:07
300838,浙江力诺,SZ,通用设备,2026-08-09 05:15:07
300839,博汇股份,SZ,炼化及贸易,2026-08-09 05:15:07
300840,酷特智能,SZ,服装家纺,2026-08-09 05:15:07
300841,康华生物,SZ,生物制品,2026-08-09 05:15:07
300842,帝科股份,SZ,光伏设备,2026-08-09 05:15:07
300843,胜蓝股份,SZ,消费电子,2026-08-09 05:15:07
300844,山水比德,SZ,工程咨询服务Ⅱ,2026-08-09 05:15:07
300845,捷安高科,SZ,计算机设备,2026-08-09 05:15:07
300846,首都在线,SZ,IT服务Ⅱ,2026-08-09 05:15:07
300847,中船汉光,SZ,计算机设备,2026-08-09 05:15:07
300848,美瑞新材,SZ,化学制品,2026-08-09 05:15:07
300849,锦盛新材,SZ,化妆品,2026-08-09 05:15:07
300850,新强联,SZ,风电设备,2026-08-09 05:15:07
300851,交大思诺,SZ,轨交设备Ⅱ,2026-08-09 05:15:07
300852,四会富仕,SZ,元件,2026-08-09 05:15:07
300853,申昊科技,SZ,电网设备,2026-08-09 05:15:07
300854,中兰环保,SZ,环境治理,2026-08-09 05:15:07
300855,图南股份,SZ,金属新材料,2026-08-09 05:15:07
300856,科思股份,SZ,化妆品,2026-08-09 05:15:07
300857,协创数据,SZ,消费电子,2026-08-09 05:15:07
300858,科拓生物,SZ,化学制品,2026-08-09 05:15:07
300859,西域旅游,SZ,旅游及景区,2026-08-09 05:15:07
300860,锋尚文化,SZ,专业服务,2026-08-09 05:15:07
300861,美畅股份,SZ,通用设备,2026-08-09 05:15:07
300862,蓝盾光电,SZ,通用设备,2026-08-09 05:15:07
300863,卡倍亿,SZ,汽车零部件,2026-08-09 05:15:07
300864,南大环境,SZ,环境治理,2026-08-09 05:15:07
300865,大宏立,SZ,专用设备,2026-08-09 05:15:07
300866,安克创新,SZ,消费电子,2026-08-09 05:15:07
300867,圣元环保,SZ,环境治理,2026-08-09 05:15:07
300868,杰美特,SZ,消费电子,2026-08-09 05:15:07
300869,康泰医学,SZ,医疗器械,2026-08-09 05:15:07
300870,欧陆通,SZ,其他电源设备Ⅱ,2026-08-09 05:15:07
300871,回盛生物,SZ,动物保健Ⅱ,2026-08-09 05:15:07
300872,天阳科技,SZ,IT服务Ⅱ,2026-08-09 05:15:07
300873,海晨股份,SZ,物流,2026-08-09 05:15:07
300875,捷强装备,SZ,地面兵装Ⅱ,2026-08-09 05:15:07
300876,蒙泰高新,SZ,化学纤维,2026-08-09 05:15:07
300877,金春股份,SZ,纺织制造,2026-08-09 05:15:07
300878,维康药业,SZ,中药Ⅱ,2026-08-09 05:15:07
300879,大叶股份,SZ,专用设备,2026-08-09 05:15:07
300880,迦南智能,SZ,电网设备,2026-08-09 05:15:07
300881,盛德鑫泰,SZ,特钢Ⅱ,2026-08-09 05:15:07
300882,万胜智能,SZ,电网设备,2026-08-09 05:15:07
300883,龙利得,SZ,包装印刷,2026-08-09 05:15:07
300884,狄耐克,SZ,计算机设备,2026-08-09 05:15:07
300885,海昌新材,SZ,通用设备,2026-08-09 05:15:07
300886,华业香料,SZ,化学制品,2026-08-09 05:15:07
300887,谱尼测试,SZ,专业服务,2026-08-09 05:15:07
300888,稳健医疗,SZ,个护用品,2026-08-09 05:15:07
300889,爱克股份,SZ,光学光电子,2026-08-09 05:15:07
300890,翔丰华,SZ,电池,2026-08-09 05:15:07
300891,惠云钛业,SZ,化学原料,2026-08-09 05:15:07
300892,品渥食品,SZ,饮料乳品,2026-08-09 05:15:07
300893,松原安全,SZ,汽车零部件,2026-08-09 05:15:07
300894,火星人,SZ,厨卫电器,2026-08-09 05:15:07
300895,铜牛信息,SZ,IT服务Ⅱ,2026-08-09 05:15:07
300896,爱美客,SZ,医疗美容,2026-08-09 05:15:07
300897,山科智能,SZ,通用设备,2026-08-09 05:15:07
300898,熊猫乳品,SZ,饮料乳品,2026-08-09 05:15:07
300899,上海凯鑫,SZ,环境治理,2026-08-09 05:15:07
300900,广联航空,SZ,航空装备Ⅱ,2026-08-09 05:15:07
300901,中胤时尚,SZ,服装家纺,2026-08-09 05:15:07
300902,国安达,SZ,专用设备,2026-08-09 05:15:07
300903,科翔股份,SZ,元件,2026-08-09 05:15:07
300904,威力传动,SZ,风电设备,2026-08-09 05:15:07
300905,宝丽迪,SZ,化学纤维,2026-08-09 05:15:07
300906,日月明,SZ,通用设备,2026-08-09 05:15:07
300907,康平科技,SZ,电机Ⅱ,2026-08-09 05:15:07
300908,仲景食品,SZ,调味发酵品Ⅱ,2026-08-09 05:15:07
300909,汇创达,SZ,光学光电子,2026-08-09 05:15:07
300910,瑞丰新材,SZ,化学制品,2026-08-09 05:15:07
300911,亿田智能,SZ,厨卫电器,2026-08-09 05:15:07
300912,凯龙高科,SZ,汽车零部件,2026-08-09 05:15:07
300913,兆龙互连,SZ,通信设备,2026-08-09 05:15:07
300915,海融科技,SZ,饮料乳品,2026-08-09 05:15:07
300916,朗特智能,SZ,消费电子,2026-08-09 05:15:07
300917,特发服务,SZ,房地产服务,2026-08-09 05:15:07
300918,南山智尚,SZ,纺织制造,2026-08-09 05:15:07
300919,中伟新材,SZ,电池,2026-08-09 05:15:07
300920,润阳科技,SZ,塑料,2026-08-09 05:15:07
300921,南凌科技,SZ,通信服务,2026-08-09 05:15:07
300922,天秦装备,SZ,地面兵装Ⅱ,2026-08-09 05:15:07
300923,研奥股份,SZ,轨交设备Ⅱ,2026-08-09 05:15:07
300925,法本信息,SZ,软件开发,2026-08-09 05:15:07
300926,博俊科技,SZ,汽车零部件,2026-08-09 05:15:07
300927,江天化学,SZ,化学原料,2026-08-09 05:15:07
300928,华安鑫创,SZ,汽车零部件,2026-08-09 05:15:07
300929,华骐环保,SZ,环境治理,2026-08-09 05:15:07
300930,屹通新材,SZ,金属新材料,2026-08-09 05:15:07
300931,通用电梯,SZ,专用设备,2026-08-09 05:15:07
300932,三友联众,SZ,电网设备,2026-08-09 05:15:07
300933,中辰股份,SZ,电网设备,2026-08-09 05:15:07
300935,盈建科,SZ,软件开发,2026-08-09 05:15:07
300936,中英科技,SZ,元件,2026-08-09 05:15:07
300937,药易购,SZ,医药商业,2026-08-09 05:15:07
300938,信测标准,SZ,专业服务,2026-08-09 05:15:07
300939,秋田微,SZ,光学光电子,2026-08-09 05:15:07
300940,南极光,SZ,光学光电子,2026-08-09 05:15:07
300941,创识科技,SZ,计算机设备,2026-08-09 05:15:07
300942,易瑞生物,SZ,医疗器械,2026-08-09 05:15:07
300943,春晖智控,SZ,通用设备,2026-08-09 05:15:07
300945,曼卡龙,SZ,饰品,2026-08-09 05:15:07
300946,恒而达,SZ,通用设备,2026-08-09 05:15:07
300947,德必集团,SZ,一般零售,2026-08-09 05:15:07
300948,冠中生态,SZ,基础建设,2026-08-09 05:15:07
300949,奥雅股份,SZ,基础建设,2026-08-09 05:15:07
300950,德固特,SZ,专用设备,2026-08-09 05:15:07
300951,博硕科技,SZ,消费电子,2026-08-09 05:15:07
300952,恒辉安防,SZ,服装家纺,2026-08-09 05:15:07
300953,震裕科技,SZ,电池,2026-08-09 05:15:07
300955,嘉亨家化,SZ,化妆品,2026-08-09 05:15:07
300956,英力股份,SZ,消费电子,2026-08-09 05:15:07
300957,贝泰妮,SZ,化妆品,2026-08-09 05:15:07
300958,建工修复,SZ,环境治理,2026-08-09 05:15:07
300959,线上线下,SZ,通信服务,2026-08-09 05:15:07
300960,通业科技,SZ,轨交设备Ⅱ,2026-08-09 05:15:07
300961,深水海纳,SZ,环境治理,2026-08-09 05:15:07
300962,中金辐照,SZ,专业服务,2026-08-09 05:15:07
300963,中洲特材,SZ,金属新材料,2026-08-09 05:15:07
300964,本川智能,SZ,元件,2026-08-09 05:15:07
300965,恒宇信通,SZ,航空装备Ⅱ,2026-08-09 05:15:07
300966,共同药业,SZ,化学制药,2026-08-09 05:15:07
300967,晓鸣股份,SZ,养殖业,2026-08-09 05:15:07
300968,格林精密,SZ,消费电子,2026-08-09 05:15:07
300969,恒帅股份,SZ,汽车零部件,2026-08-09 05:15:07
300970,华绿生物,SZ,种植业,2026-08-09 05:15:07
300971,博亚精工,SZ,专用设备,2026-08-09 05:15:07
300972,万辰集团,SZ,休闲食品,2026-08-09 05:15:07
300973,立高食品,SZ,休闲食品,2026-08-09 05:15:07
300975,商络电子,SZ,元件,2026-08-09 05:15:07
300976,达瑞电子,SZ,消费电子,2026-08-09 05:15:07
300977,深圳瑞捷,SZ,工程咨询服务Ⅱ,2026-08-09 05:15:07
300978,东箭科技,SZ,汽车零部件,2026-08-09 05:15:07
300979,华利集团,SZ,纺织制造,2026-08-09 05:15:07
300980,祥源新材,SZ,塑料,2026-08-09 05:15:07
300981,中红医疗,SZ,医疗器械,2026-08-09 05:15:07
300982,苏文电能,SZ,基础建设,2026-08-09 05:15:07
300983,尤安设计,SZ,工程咨询服务Ⅱ,2026-08-09 05:15:07
300984,金沃股份,SZ,通用设备,2026-08-09 05:15:07
300985,致远新能,SZ,通用设备,2026-08-09 05:15:07
300986,志特新材,SZ,专业工程,2026-08-09 05:15:07
300987,川网传媒,SZ,数字媒体,2026-08-09 05:15:07
300988,津荣天宇,SZ,专用设备,2026-08-09 05:15:07
300989,蕾奥规划,SZ,工程咨询服务Ⅱ,2026-08-09 05:15:07
300990,同飞股份,SZ,通用设备,2026-08-09 05:15:07
300991,创益通,SZ,其他电子Ⅱ,2026-08-09 05:15:07
300992,泰福泵业,SZ,通用设备,2026-08-09 05:15:07
300993,玉马科技,SZ,家居用品,2026-08-09 05:15:07
300994,久祺股份,SZ,摩托车及其他,2026-08-09 05:15:07
300995,奇德新材,SZ,塑料,2026-08-09 05:15:07
300996,普联软件,SZ,软件开发,2026-08-09 05:15:07
300997,欢乐家,SZ,饮料乳品,2026-08-09 05:15:07
300998,宁波方正,SZ,汽车零部件,2026-08-09 05:15:07
300999,金龙鱼,SZ,农产品加工,2026-08-09 05:15:07
301000,肇民科技,SZ,汽车零部件,2026-08-09 05:15:07
301001,凯淳股份,SZ,互联网电商,2026-08-09 05:15:07
301002,崧盛股份,SZ,电网设备,2026-08-09 05:15:07
301003,江苏博云,SZ,塑料,2026-08-09 05:15:07
301004,嘉益股份,SZ,家居用品,2026-08-09 05:15:07
301005,超捷股份,SZ,汽车零部件,2026-08-09 05:15:07
301006,迈拓股份,SZ,通用设备,2026-08-09 05:15:07
301007,德迈仕,SZ,汽车零部件,2026-08-09 05:15:07
301008,宏昌科技,SZ,家电零部件Ⅱ,2026-08-09 05:15:07
301009,可靠股份,SZ,个护用品,2026-08-09 05:15:07
301010,晶雪节能,SZ,装修建材,2026-08-09 05:15:07
301011,华立科技,SZ,文娱用品,2026-08-09 05:15:07
301012,扬电科技,SZ,电网设备,2026-08-09 05:15:07
301013,利和兴,SZ,专用设备,2026-08-09 05:15:07
301015,百洋医药,SZ,医药商业,2026-08-09 05:15:07
301016,雷尔伟,SZ,轨交设备Ⅱ,2026-08-09 05:15:07
301017,漱玉平民,SZ,医药商业,2026-08-09 05:15:07
301018,申菱环境,SZ,通用设备,2026-08-09 05:15:07
301019,宁波色母,SZ,塑料,2026-08-09 05:15:07
301020,密封科技,SZ,汽车零部件,2026-08-09 05:15:07
301021,英诺激光,SZ,自动化设备,2026-08-09 05:15:07
301022,海泰科,SZ,汽车零部件,2026-08-09 05:15:07
301023,奕帆传动,SZ,电机Ⅱ,2026-08-09 05:15:07
301024,霍普股份,SZ,工程咨询服务Ⅱ,2026-08-09 05:15:07
301025,读客文化,SZ,出版,2026-08-09 05:15:07
301026,浩通科技,SZ,小金属,2026-08-09 05:15:07
301027,华蓝集团,SZ,工程咨询服务Ⅱ,2026-08-09 05:15:07
301028,鼎熔岩,SZ,通用设备,2026-08-09 05:15:07
301029,怡合达,SZ,自动化设备,2026-08-09 05:15:07
301030,*ST仕净,SZ,环保设备Ⅱ,2026-08-09 05:15:07
301031,中熔电气,SZ,其他电子Ⅱ,2026-08-09 05:15:07
301032,新柴股份,SZ,通用设备,2026-08-09 05:15:07
301033,迈普医学,SZ,医疗器械,2026-08-09 05:15:07
301035,润丰股份,SZ,农化制品,2026-08-09 05:15:07
301036,双乐股份,SZ,化学制品,2026-08-09 05:15:07
301037,保立佳,SZ,化学制品,2026-08-09 05:15:07
301038,深水规院,SZ,工程咨询服务Ⅱ,2026-08-09 05:15:07
301039,中集车辆,SZ,商用车,2026-08-09 05:15:07
301040,中环海陆,SZ,风电设备,2026-08-09 05:15:07
301041,金百泽,SZ,元件,2026-08-09 05:15:07
301042,安联锐视,SZ,计算机设备,2026-08-09 05:15:07
301043,绿岛风,SZ,通用设备,2026-08-09 05:15:07
301045,天禄科技,SZ,光学光电子,2026-08-09 05:15:07
301046,能辉科技,SZ,专业工程,2026-08-09 05:15:07
301047,义翘神州,SZ,生物制品,2026-08-09 05:15:07
301048,金鹰重工,SZ,轨交设备Ⅱ,2026-08-09 05:15:07
301049,超越科技,SZ,环境治理,2026-08-09 05:15:07
301050,雷电微力,SZ,军工电子Ⅱ,2026-08-09 05:15:07
301051,信濠光电,SZ,消费电子,2026-08-09 05:15:07
301052,果麦文化,SZ,出版,2026-08-09 05:15:07
301053,远信工业,SZ,专用设备,2026-08-09 05:15:07
301055,张小泉,SZ,家居用品,2026-08-09 05:15:07
301056,森赫股份,SZ,专用设备,2026-08-09 05:15:07
301057,汇隆新材,SZ,化学纤维,2026-08-09 05:15:07
301058,中粮科工,SZ,工程咨询服务Ⅱ,2026-08-09 05:15:07
301059,金三江,SZ,化学制品,2026-08-09 05:15:07
301060,兰卫医学,SZ,医疗服务,2026-08-09 05:15:07
301061,匠心家居,SZ,家居用品,2026-08-09 05:15:07
301062,上海艾录,SZ,包装印刷,2026-08-09 05:15:07
301063,海锅股份,SZ,专用设备,2026-08-09 05:15:07
301065,本立科技,SZ,化学制药,2026-08-09 05:15:07
301066,万事利,SZ,纺织制造,2026-08-09 05:15:07
301067,显盈科技,SZ,消费电子,2026-08-09 05:15:07
301068,大地海洋,SZ,环境治理,2026-08-09 05:15:07
301069,凯盛新材,SZ,化学原料,2026-08-09 05:15:07
301070,开勒股份,SZ,通用设备,2026-08-09 05:15:07
301071,力量钻石,SZ,非金属材料Ⅱ,2026-08-09 05:15:07
301072,中捷精工,SZ,汽车零部件,2026-08-09 05:15:07
301073,君亭酒店,SZ,酒店餐饮,2026-08-09 05:15:07
301075,多瑞医药,SZ,化学制药,2026-08-09 05:15:07
301076,新瀚新材,SZ,化学制品,2026-08-09 05:15:07
301077,星华新材,SZ,化学制品,2026-08-09 05:15:07
301078,孩子王,SZ,专业连锁Ⅱ,2026-08-09 05:15:07
301079,邵阳液压,SZ,工程机械,2026-08-09 05:15:07
301080,百普赛斯,SZ,生物制品,2026-08-09 05:15:07
301081,严牌股份,SZ,环保设备Ⅱ,2026-08-09 05:15:07
301082,久盛电气,SZ,电网设备,2026-08-09 05:15:07
301083,百胜智能,SZ,专用设备,2026-08-09 05:15:07
301085,亚康股份,SZ,IT服务Ⅱ,2026-08-09 05:15:07
301086,鸿富瀚,SZ,消费电子,2026-08-09 05:15:07
301087,可孚医疗,SZ,医疗器械,2026-08-09 05:15:07
301088,戎美股份,SZ,服装家纺,2026-08-09 05:15:07
301089,拓新药业,SZ,化学制药,2026-08-09 05:15:07
301090,华润材料,SZ,塑料,2026-08-09 05:15:07
301091,深城交,SZ,工程咨询服务Ⅱ,2026-08-09 05:15:07
301092,争光股份,SZ,塑料,2026-08-09 05:15:07
301093,华兰股份,SZ,医疗器械,2026-08-09 05:15:07
301095,广立微,SZ,软件开发,2026-08-09 05:15:07
301096,百诚医药,SZ,医疗服务,2026-08-09 05:15:07
301097,天益医疗,SZ,医疗器械,2026-08-09 05:15:07
301098,金埔园林,SZ,基础建设,2026-08-09 05:15:07
301099,雅创电子,SZ,其他电子Ⅱ,2026-08-09 05:15:07
301100,风光股份,SZ,化学制品,2026-08-09 05:15:07
301101,明月镜片,SZ,文娱用品,2026-08-09 05:15:07
301102,兆讯传媒,SZ,广告营销,2026-08-09 05:15:07
301103,何氏眼科,SZ,医疗服务,2026-08-09 05:15:07
301105,鸿铭股份,SZ,专用设备,2026-08-09 05:15:07
301106,骏成科技,SZ,光学光电子,2026-08-09 05:15:07
301107,瑜欣电子,SZ,通用设备,2026-08-09 05:15:07
301108,洁雅股份,SZ,个护用品,2026-08-09 05:15:07
301109,军信股份,SZ,环境治理,2026-08-09 05:15:07
301110,青木科技,SZ,互联网电商,2026-08-09 05:15:07
301111,粤万年青,SZ,中药Ⅱ,2026-08-09 05:15:07
301112,信邦智能,SZ,自动化设备,2026-08-09 05:15:07
301113,雅艺科技,SZ,家居用品,2026-08-09 05:15:07
301115,联检科技,SZ,专业服务,2026-08-09 05:15:07
301116,益客食品,SZ,养殖业,2026-08-09 05:15:07
301117,佳缘科技,SZ,计算机设备,2026-08-09 05:15:07
301118,恒光股份,SZ,化学原料,2026-08-09 05:15:07
301119,正强股份,SZ,汽车零部件,2026-08-09 05:15:07
301120,新特电气,SZ,电网设备,2026-08-09 05:15:07
301121,紫建电子,SZ,电池,2026-08-09 05:15:07
301122,采纳股份,SZ,医疗器械,2026-08-09 05:15:07
301123,奕东电子,SZ,消费电子,2026-08-09 05:15:07
301125,腾亚精工,SZ,通用设备,2026-08-09 05:15:07
301126,达嘉维康,SZ,医药商业,2026-08-09 05:15:07
301127,武汉天源,SZ,环境治理,2026-08-09 05:15:07
301128,强瑞技术,SZ,专用设备,2026-08-09 05:15:07
301129,瑞纳智能,SZ,通用设备,2026-08-09 05:15:07
301130,西点药业,SZ,化学制药,2026-08-09 05:15:07
301131,聚赛龙,SZ,塑料,2026-08-09 05:15:07
301132,满坤科技,SZ,元件,2026-08-09 05:15:07
301133,金钟股份,SZ,汽车零部件,2026-08-09 05:15:07
301135,瑞德智能,SZ,家电零部件Ⅱ,2026-08-09 05:15:07
301136,招标股份,SZ,工程咨询服务Ⅱ,2026-08-09 05:15:07
301137,哈焊华通,SZ,通用设备,2026-08-09 05:15:07
301138,华研精机,SZ,专用设备,2026-08-09 05:15:07
301139,*ST元道,SZ,通信服务,2026-08-09 05:15:07
301141,中科磁业,SZ,金属新材料,2026-08-09 05:15:07
301148,嘉戎技术,SZ,环境治理,2026-08-09 05:15:07
301149,隆华新材,SZ,化学制品,2026-08-09 05:15:07
301150,中一科技,SZ,电池,2026-08-09 05:15:07
301151,冠龙节能,SZ,通用设备,2026-08-09 05:15:07
301152,天力锂能,SZ,电池,2026-08-09 05:15:07
301153,中科江南,SZ,软件开发,2026-08-09 05:15:07
301155,海力风电,SZ,风电设备,2026-08-09 05:15:07
301156,美农生物,SZ,化学制品,2026-08-09 05:15:07
301157,华塑科技,SZ,其他电源设备Ⅱ,2026-08-09 05:15:07
301158,德石股份,SZ,专用设备,2026-08-09 05:15:07
301159,三维天地,SZ,软件开发,2026-08-09 05:15:07
301160,翔楼新材,SZ,通用设备,2026-08-09 05:15:07
301161,唯万密封,SZ,工程机械,2026-08-09 05:15:07
301162,国能日新,SZ,软件开发,2026-08-09 05:15:07
301163,宏德股份,SZ,风电设备,2026-08-09 05:15:07
301165,锐捷网络,SZ,通信设备,2026-08-09 05:15:07
301166,优宁维,SZ,生物制品,2026-08-09 05:15:07
301167,建研设计,SZ,工程咨询服务Ⅱ,2026-08-09 05:15:07
301168,通灵股份,SZ,光伏设备,2026-08-09 05:15:07
301169,零点有数,SZ,专业服务,2026-08-09 05:15:07
301170,锡南科技,SZ,汽车零部件,2026-08-09 05:15:07
301171,易点天下,SZ,广告营销,2026-08-09 05:15:07
301172,君逸数码,SZ,IT服务Ⅱ,2026-08-09 05:15:07
301173,毓恬冠佳,SZ,汽车零部件,2026-08-09 05:15:07
301175,中科环保,SZ,环境治理,2026-08-09 05:15:07
301176,逸豪新材,SZ,元件,2026-08-09 05:15:07
301177,迪阿股份,SZ,饰品,2026-08-09 05:15:07
301178,天亿马,SZ,IT服务Ⅱ,2026-08-09 05:15:07
301179,泽宇智能,SZ,电网设备,2026-08-09 05:15:07
301180,万祥科技,SZ,消费电子,2026-08-09 05:15:07
301181,标榜股份,SZ,汽车零部件,2026-08-09 05:15:07
301182,凯旺科技,SZ,计算机设备,2026-08-09 05:15:07
301183,东田微,SZ,光学光电子,2026-08-09 05:15:07
301185,鸥玛软件,SZ,IT服务Ⅱ,2026-08-09 05:15:07
301186,超达装备,SZ,汽车零部件,2026-08-09 05:15:07
301187,欧圣电气,SZ,小家电,2026-08-09 05:15:07
301188,力诺药包,SZ,医疗器械,2026-08-09 05:15:07
301189,奥尼电子,SZ,消费电子,2026-08-09 05:15:07
301190,善水科技,SZ,化学原料,2026-08-09 05:15:07
301191,菲菱科思,SZ,通信设备,2026-08-09 05:15:07
301192,泰祥股份,SZ,汽车零部件,2026-08-09 05:15:07
301193,家联科技,SZ,家居用品,2026-08-09 05:15:07
301195,北路智控,SZ,软件开发,2026-08-09 05:15:07
301196,唯科科技,SZ,塑料,2026-08-09 05:15:07
301197,工大科雅,SZ,通用设备,2026-08-09 05:15:07
301198,喜悦智行,SZ,包装印刷,2026-08-09 05:15:07
301199,迈赫股份,SZ,自动化设备,2026-08-09 05:15:07
301200,大族数控,SZ,专用设备,2026-08-09 05:15:07
301201,诚达药业,SZ,医疗服务,2026-08-09 05:15:07
301202,朗威股份,SZ,通信设备,2026-08-09 05:15:07
301203,国泰环保,SZ,环境治理,2026-08-09 05:15:07
301205,联特科技,SZ,通信设备,2026-08-09 05:15:07
301206,三元生物,SZ,化学制品,2026-08-09 05:15:07
301207,华兰疫苗,SZ,生物制品,2026-08-09 05:15:07
301208,中亦科技,SZ,IT服务Ⅱ,2026-08-09 05:15:07
301209,联合化学,SZ,化学制品,2026-08-09 05:15:07
301210,金杨精密,SZ,电池,2026-08-09 05:15:07
301211,亨迪药业,SZ,化学制药,2026-08-09 05:15:07
301212,联盛化学,SZ,化学制品,2026-08-09 05:15:07
301213,观想科技,SZ,军工电子Ⅱ,2026-08-09 05:15:07
301215,中汽股份,SZ,汽车服务,2026-08-09 05:15:07
301216,万凯新材,SZ,塑料,2026-08-09 05:15:07
301217,铜冠铜箔,SZ,电池,2026-08-09 05:15:07
301218,华是科技,SZ,IT服务Ⅱ,2026-08-09 05:15:07
301219,腾远钴业,SZ,能源金属,2026-08-09 05:15:07
301220,亚香股份,SZ,化学制品,2026-08-09 05:15:07
301221,光庭信息,SZ,汽车零部件,2026-08-09 05:15:07
301222,浙江恒威,SZ,电池,2026-08-09 05:15:07
301223,中荣股份,SZ,包装印刷,2026-08-09 05:15:07
301225,恒勃股份,SZ,汽车零部件,2026-08-09 05:15:07
301226,祥明智能,SZ,电机Ⅱ,2026-08-09 05:15:07
301227,森鹰窗业,SZ,家居用品,2026-08-09 05:15:07
301228,实朴检测,SZ,专业服务,2026-08-09 05:15:07
301229,纽泰格,SZ,汽车零部件,2026-08-09 05:15:07
301230,泓博医药,SZ,医疗服务,2026-08-09 05:15:07
301231,荣信文化,SZ,出版,2026-08-09 05:15:07
301232,飞沃科技,SZ,风电设备,2026-08-09 05:15:07
301233,盛帮股份,SZ,汽车零部件,2026-08-09 05:15:07
301234,五洲医疗,SZ,医疗器械,2026-08-09 05:15:07
301235,华康洁净,SZ,医疗器械,2026-08-09 05:15:07
301236,软通动力,SZ,IT服务Ⅱ,2026-08-09 05:15:07
301237,和顺科技,SZ,塑料,2026-08-09 05:15:07
301238,瑞泰新材,SZ,电池,2026-08-09 05:15:07
301239,普瑞眼科,SZ,医疗服务,2026-08-09 05:15:07
301246,宏源药业,SZ,化学制药,2026-08-09 05:15:07
301248,杰创智能,SZ,IT服务Ⅱ,2026-08-09 05:15:07
301251,威尔高,SZ,元件,2026-08-09 05:15:07
301252,同星科技,SZ,家电零部件Ⅱ,2026-08-09 05:15:07
301255,通力科技,SZ,通用设备,2026-08-09 05:15:07
301256,华融化学,SZ,化学原料,2026-08-09 05:15:07
301257,普蕊斯,SZ,医疗服务,2026-08-09 05:15:07
301258,富士莱,SZ,化学制药,2026-08-09 05:15:07
301259,艾布鲁,SZ,环境治理,2026-08-09 05:15:07
301260,格力博,SZ,专用设备,2026-08-09 05:15:07
301261,恒工精密,SZ,通用设备,2026-08-09 05:15:07
301262,海看股份,SZ,广告营销,2026-08-09 05:15:07
301263,泰恩康,SZ,化学制药,2026-08-09 05:15:07
301265,华新科技,SZ,环境治理,2026-08-09 05:15:07
301266,宇邦新材,SZ,光伏设备,2026-08-09 05:15:07
301267,华厦眼科,SZ,医疗服务,2026-08-09 05:15:07
301268,铭利达,SZ,通用设备,2026-08-09 05:15:07
301269,华大九天,SZ,软件开发,2026-08-09 05:15:07
301270,汉仪股份,SZ,软件开发,2026-08-09 05:15:07
301272,英华特,SZ,通用设备,2026-08-09 05:15:07
301273,瑞晨环保,SZ,通用设备,2026-08-09 05:15:07
301275,汉朔科技,SZ,其他电子Ⅱ,2026-08-09 05:15:07
301276,嘉曼服饰,SZ,服装家纺,2026-08-09 05:15:07
301277,新天地,SZ,化学制药,2026-08-09 05:15:07
301278,快可电子,SZ,光伏设备,2026-08-09 05:15:07
301279,金道科技,SZ,工程机械,2026-08-09 05:15:07
301280,珠城科技,SZ,家电零部件Ⅱ,2026-08-09 05:15:07
301281,科源制药,SZ,化学制药,2026-08-09 05:15:07
301282,金禄电子,SZ,元件,2026-08-09 05:15:07
301283,聚胶股份,SZ,化学制品,2026-08-09 05:15:07
301285,鸿日达,SZ,消费电子,2026-08-09 05:15:07
301286,侨源股份,SZ,化学制品,2026-08-09 05:15:07
301287,康力源,SZ,文娱用品,2026-08-09 05:15:07
301288,清研环境,SZ,环保设备Ⅱ,2026-08-09 05:15:07
301289,国缆检测,SZ,专业服务,2026-08-09 05:15:07
301290,东星医疗,SZ,医疗器械,2026-08-09 05:15:07
301291,明阳电气,SZ,电网设备,2026-08-09 05:15:07
301292,海科新源,SZ,电池,2026-08-09 05:15:07
301293,三博脑科,SZ,医疗服务,2026-08-09 05:15:07
301295,美硕科技,SZ,电网设备,2026-08-09 05:15:07
301296,新巨丰,SZ,包装印刷,2026-08-09 05:15:07
301297,富乐德,SZ,半导体,2026-08-09 05:15:07
301298,东利机械,SZ,汽车零部件,2026-08-09 05:15:07
301299,卓创资讯,SZ,数字媒体,2026-08-09 05:15:07
301300,远翔新材,SZ,橡胶,2026-08-09 05:15:07
301301,川宁生物,SZ,化学制药,2026-08-09 05:15:07
301302,华如科技,SZ,军工电子Ⅱ,2026-08-09 05:15:07
301303,真兰仪表,SZ,通用设备,2026-08-09 05:15:07
301305,朗坤科技,SZ,环境治理,2026-08-09 05:15:07
301306,西测测试,SZ,军工电子Ⅱ,2026-08-09 05:15:07
301307,美利信,SZ,通信设备,2026-08-09 05:15:07
301308,江波龙,SZ,半导体,2026-08-09 05:15:07
301309,万得凯,SZ,通用设备,2026-08-09 05:15:07
301310,鑫宏业,SZ,汽车零部件,2026-08-09 05:15:07
301311,昆船智能,SZ,通用设备,2026-08-09 05:15:07
301312,智立方,SZ,自动化设备,2026-08-09 05:15:07
301313,凡拓数创,SZ,数字媒体,2026-08-09 05:15:07
301314,科瑞思,SZ,通信设备,2026-08-09 05:15:07
301315,威士顿,SZ,软件开发,2026-08-09 05:15:07
301316,慧博云通,SZ,IT服务Ⅱ,2026-08-09 05:15:07
301317,鑫磊股份,SZ,通用设备,2026-08-09 05:15:07
301318,维海德,SZ,计算机设备,2026-08-09 05:15:07
301319,唯特偶,SZ,电子化学品Ⅱ,2026-08-09 05:15:07
301320,豪江智能,SZ,自动化设备,2026-08-09 05:15:07
301321,翰博高新,SZ,光学光电子,2026-08-09 05:15:07
301322,绿通科技,SZ,摩托车及其他,2026-08-09 05:15:07
301323,新莱福,SZ,金属新材料,2026-08-09 05:15:07
301325,曼恩斯特,SZ,电池,2026-08-09 05:15:07
301326,捷邦科技,SZ,消费电子,2026-08-09 05:15:07
301327,华宝新能,SZ,电池,2026-08-09 05:15:07
301328,维峰电子,SZ,其他电子Ⅱ,2026-08-09 05:15:07
301329,信音电子,SZ,消费电子,2026-08-09 05:15:07
301330,熵基科技,SZ,计算机设备,2026-08-09 05:15:07
301331,恩威医药,SZ,中药Ⅱ,2026-08-09 05:15:07
301332,德尔玛,SZ,小家电,2026-08-09 05:15:07
301333,诺思格,SZ,医疗服务,2026-08-09 05:15:07
301335,天元宠物,SZ,文娱用品,2026-08-09 05:15:07
301336,趣睡科技,SZ,家居用品,2026-08-09 05:15:07
301337,亚华电子,SZ,软件开发,2026-08-09 05:15:07
301338,凯格精机,SZ,专用设备,2026-08-09 05:15:07
301339,通行宝,SZ,计算机设备,2026-08-09 05:15:07
301345,涛涛车业,SZ,摩托车及其他,2026-08-09 05:15:07
301348,蓝箭电子,SZ,半导体,2026-08-09 05:15:07
301349,信德新材,SZ,电池,2026-08-09 05:15:07
301353,普莱得,SZ,通用设备,2026-08-09 05:15:07
301355,南王科技,SZ,包装印刷,2026-08-09 05:15:07
301356,天振股份,SZ,家居用品,2026-08-09 05:15:07
301357,北方长龙,SZ,地面兵装Ⅱ,2026-08-09 05:15:07
301358,湖南裕能,SZ,电池,2026-08-09 05:15:07
301359,东南电子,SZ,其他电子Ⅱ,2026-08-09 05:15:07
301360,荣旗科技,SZ,通用设备,2026-08-09 05:15:07
301361,众智科技,SZ,电网设备,2026-08-09 05:15:07
301362,民爆光电,SZ,照明设备Ⅱ,2026-08-09 05:15:07
301363,美好医疗,SZ,医疗器械,2026-08-09 05:15:07
301365,矩阵股份,SZ,工程咨询服务Ⅱ,2026-08-09 05:15:07
301366,一博科技,SZ,元件,2026-08-09 05:15:07
301367,瑞迈特,SZ,医疗器械,2026-08-09 05:15:07
301368,丰立智能,SZ,通用设备,2026-08-09 05:15:07
301369,联动科技,SZ,半导体,2026-08-09 05:15:07
301370,国科恒泰,SZ,医疗器械,2026-08-09 05:15:07
301371,敷尔佳,SZ,化妆品,2026-08-09 05:15:07
301372,科净源,SZ,环境治理,2026-08-09 05:15:07
301373,凌玮科技,SZ,化学制品,2026-08-09 05:15:07
301376,致欧科技,SZ,家居用品,2026-08-09 05:15:07
301377,鼎泰高科,SZ,通用设备,2026-08-09 05:15:07
301378,通达海,SZ,软件开发,2026-08-09 05:15:07
301379,天山电子,SZ,光学光电子,2026-08-09 05:15:07
301380,挖金客,SZ,通信服务,2026-08-09 05:15:07
301381,赛维时代,SZ,互联网电商,2026-08-09 05:15:07
301382,蜂助手,SZ,通信服务,2026-08-09 05:15:07
301383,天键股份,SZ,消费电子,2026-08-09 05:15:07
301386,未来电器,SZ,电网设备,2026-08-09 05:15:07
301387,光大同创,SZ,消费电子,2026-08-09 05:15:07
301388,欣灵电气,SZ,电网设备,2026-08-09 05:15:07
301389,隆扬电子,SZ,消费电子,2026-08-09 05:15:07
301390,经纬股份,SZ,工程咨询服务Ⅱ,2026-08-09 05:15:07
301391,卡莱特,SZ,计算机设备,2026-08-09 05:15:07
301392,汇成真空,SZ,专用设备,2026-08-09 05:15:07
301393,昊帆生物,SZ,生物制品,2026-08-09 05:15:07
301395,仁信新材,SZ,塑料,2026-08-09 05:15:07
301396,宏景科技,SZ,IT服务Ⅱ,2026-08-09 05:15:07
301397,溯联股份,SZ,汽车零部件,2026-08-09 05:15:07
301398,星源卓镁,SZ,汽车零部件,2026-08-09 05:15:07
301399,英特科技,SZ,通用设备,2026-08-09 05:15:07
301408,华人健康,SZ,医药商业,2026-08-09 05:15:07
301413,安培龙,SZ,通用设备,2026-08-09 05:15:07
301418,协昌科技,SZ,自动化设备,2026-08-09 05:15:07
301419,阿莱德,SZ,通信设备,2026-08-09 05:15:07
301421,波长光电,SZ,光学光电子,2026-08-09 05:15:07
301428,世纪恒通,SZ,通信服务,2026-08-09 05:15:07
301429,森泰股份,SZ,装修建材,2026-08-09 05:15:07
301439,泓淋电力,SZ,电网设备,2026-08-09 05:15:07
301446,福事特,SZ,工程机械,2026-08-09 05:15:07
301448,开创电气,SZ,通用设备,2026-08-09 05:15:07
301449,天溯计量,SZ,专业服务,2026-08-09 05:15:07
301456,盘古智能,SZ,风电设备,2026-08-09 05:15:07
301458,钧崴电子,SZ,元件,2026-08-09 05:15:07
301459,丰茂股份,SZ,橡胶,2026-08-09 05:15:07
301468,博盈特焊,SZ,通用设备,2026-08-09 05:15:07
301469,恒达新材,SZ,造纸,2026-08-09 05:15:07
301479,弘景光电,SZ,光学光电子,2026-08-09 05:15:07
301486,致尚科技,SZ,消费电子,2026-08-09 05:15:07
301487,盟固利,SZ,电池,2026-08-09 05:15:07
301488,豪恩汽电,SZ,汽车零部件,2026-08-09 05:15:07
301489,思泉新材,SZ,电子化学品Ⅱ,2026-08-09 05:15:07
301491,汉桑科技,SZ,消费电子,2026-08-09 05:15:07
301498,乖宝宠物,SZ,饲料,2026-08-09 05:15:07
301499,维科精密,SZ,汽车零部件,2026-08-09 05:15:07
301500,飞南资源,SZ,环境治理,2026-08-09 05:15:07
301501,恒鑫生活,SZ,家居用品,2026-08-09 05:15:07
301502,华阳智能,SZ,电机Ⅱ,2026-08-09 05:15:07
301503,智迪科技,SZ,计算机设备,2026-08-09 05:15:07
301505,苏州规划,SZ,工程咨询服务Ⅱ,2026-08-09 05:15:07
301507,民生健康,SZ,化学制药,2026-08-09 05:15:07
301508,中机认检,SZ,专业服务,2026-08-09 05:15:07
301509,金凯生科,SZ,医疗服务,2026-08-09 05:15:07
301510,固高科技,SZ,自动化设备,2026-08-09 05:15:07
301511,德福科技,SZ,电池,2026-08-09 05:15:07
301512,智信精密,SZ,自动化设备,2026-08-09 05:15:07
301513,尚水智能,SZ,电池,2026-08-09 05:15:07
301515,港通医疗,SZ,医疗器械,2026-08-09 05:15:07
301516,中远通,SZ,其他电源设备Ⅱ,2026-08-09 05:15:07
301517,陕西华达,SZ,军工电子Ⅱ,2026-08-09 05:15:07
301518,长华化学,SZ,化学制品,2026-08-09 05:15:07
301519,舜禹股份,SZ,环境治理,2026-08-09 05:15:07
301520,万邦医药,SZ,医疗服务,2026-08-09 05:15:07
301522,上大股份,SZ,金属新材料,2026-08-09 05:15:07
301525,儒竞科技,SZ,通用设备,2026-08-09 05:15:07
301526,国际复材,SZ,玻璃玻纤,2026-08-09 05:15:07
301528,多浦乐,SZ,通用设备,2026-08-09 05:15:07
301529,福赛科技,SZ,汽车零部件,2026-08-09 05:15:07
301531,春光集团,SZ,金属新材料,2026-08-09 05:15:07
301533,威马农机,SZ,专用设备,2026-08-09 05:15:07
301535,浙江华远,SZ,汽车零部件,2026-08-09 05:15:07
301536,星宸科技,SZ,半导体,2026-08-09 05:15:07
301538,骏鼎达,SZ,塑料,2026-08-09 05:15:07
301539,宏鑫科技,SZ,汽车零部件,2026-08-09 05:15:07
301548,崇德科技,SZ,通用设备,2026-08-09 05:15:07
301550,斯菱智驱,SZ,汽车零部件,2026-08-09 05:15:07
301551,无线传媒,SZ,电视广播Ⅱ,2026-08-09 05:15:07
301552,科力装备,SZ,汽车零部件,2026-08-09 05:15:07
301555,惠柏新材,SZ,塑料,2026-08-09 05:15:07
301556,托普云农,SZ,IT服务Ⅱ,2026-08-09 05:15:07
301557,常友科技,SZ,风电设备,2026-08-09 05:15:07
301558,三态股份,SZ,互联网电商,2026-08-09 05:15:07
301559,中集环科,SZ,通用设备,2026-08-09 05:15:07
301560,众捷汽车,SZ,汽车零部件,2026-08-09 05:15:07
301563,云汉芯城,SZ,其他电子Ⅱ,2026-08-09 05:15:07
301565,中仑新材,SZ,塑料,2026-08-09 05:15:07
301566,达利凯普,SZ,元件,2026-08-09 05:15:07
301567,贝隆精密,SZ,消费电子,2026-08-09 05:15:07
301568,思泰克,SZ,自动化设备,2026-08-09 05:15:07
301571,国科天成,SZ,军工电子Ⅱ,2026-08-09 05:15:07
301575,艾芬达,SZ,家居用品,2026-08-09 05:15:07
301577,美信科技,SZ,通信设备,2026-08-09 05:15:07
301578,辰奕智能,SZ,黑色家电,2026-08-09 05:15:07
301580,爱迪特,SZ,医疗器械,2026-08-09 05:15:07
301581,黄山谷捷,SZ,汽车零部件,2026-08-09 05:15:07
301583,托伦斯,SZ,半导体,2026-08-09 05:15:07
301584,建发致新,SZ,医药商业,2026-08-09 05:15:07
301585,蓝宇股份,SZ,化学制品,2026-08-09 05:15:07
301586,佳力奇,SZ,航空装备Ⅱ,2026-08-09 05:15:07
301587,中瑞股份,SZ,电池,2026-08-09 05:15:07
301588,美新科技,SZ,家居用品,2026-08-09 05:15:07
301589,诺瓦星云,SZ,计算机设备,2026-08-09 05:15:07
301590,优优绿能,SZ,其他电源设备Ⅱ,2026-08-09 05:15:07
301591,肯特股份,SZ,塑料,2026-08-09 05:15:07
301592,六九一二,SZ,军工电子Ⅱ,2026-08-09 05:15:07
301595,太力科技,SZ,家居用品,2026-08-09 05:15:07
301596,瑞迪智驱,SZ,通用设备,2026-08-09 05:15:07
301598,博科测试,SZ,专用设备,2026-08-09 05:15:07
301599,理奇智能,SZ,自动化设备,2026-08-09 05:15:07
301600,慧翰股份,SZ,计算机设备,2026-08-09 05:15:07
301601,惠通科技,SZ,专用设备,2026-08-09 05:15:07
301602,超研股份,SZ,医疗器械,2026-08-09 05:15:07
301603,乔锋智能,SZ,通用设备,2026-08-09 05:15:07
301606,绿联科技,SZ,消费电子,2026-08-09 05:15:07
301607,富特科技,SZ,汽车零部件,2026-08-09 05:15:07
301608,博实结,SZ,计算机设备,2026-08-09 05:15:07
301609,山大电力,SZ,电网设备,2026-08-09 05:15:07
301611,珂玛科技,SZ,半导体,2026-08-09 05:15:07
301613,新铝时代,SZ,汽车零部件,2026-08-09 05:15:07
301616,浙江华业,SZ,通用设备,2026-08-09 05:15:07
301617,博苑新材,SZ,化学制品,2026-08-09 05:15:07
301618,长联科技,SZ,化学制品,2026-08-09 05:15:07
301622,英思特,SZ,金属新材料,2026-08-09 05:15:07
301626,苏州天脉,SZ,消费电子,2026-08-09 05:15:07
301628,强达电路,SZ,元件,2026-08-09 05:15:07
301629,矽电股份,SZ,半导体,2026-08-09 05:15:07
301630,同宇新材,SZ,电子化学品Ⅱ,2026-08-09 05:15:07
301631,壹连科技,SZ,汽车零部件,2026-08-09 05:15:07
301632,广东建科,SZ,专业服务,2026-08-09 05:15:07
301633,港迪技术,SZ,自动化设备,2026-08-09 05:15:07
301636,泽润新能,SZ,光伏设备,2026-08-09 05:15:07
301638,南网数字,SZ,IT服务Ⅱ,2026-08-09 05:15:07
301655,绿控传动,SZ,汽车零部件,2026-08-09 05:15:07
301656,联合动力,SZ,汽车零部件,2026-08-09 05:15:07
301658,首航新能,SZ,光伏设备,2026-08-09 05:15:07
301662,宏工科技,SZ,电池,2026-08-09 05:15:07
301665,泰禾股份,SZ,农化制品,2026-08-09 05:15:07
301666,大普微-UW,SZ,计算机设备,2026-08-09 05:15:07
301667,纳百川,SZ,汽车零部件,2026-08-09 05:15:07
301668,昊创瑞通,SZ,电网设备,2026-08-09 05:15:07
301669,高特电子,SZ,其他电源设备Ⅱ,2026-08-09 05:15:07
301677,欣兴工具,SZ,通用设备,2026-08-09 05:15:07
301678,新恒汇,SZ,半导体,2026-08-09 05:15:07
301680,固德电材,SZ,汽车零部件,2026-08-09 05:15:07
301682,宏明电子,SZ,军工电子Ⅱ,2026-08-09 05:15:07
301683,慧谷新材,SZ,化学制品,2026-08-09 05:15:07
301687,新广益,SZ,塑料,2026-08-09 05:15:07
301688,格林生物,SZ,化学制品,2026-08-09 05:15:07
301696,三瑞智能,SZ,航空装备Ⅱ,2026-08-09 05:15:07
301707,N展芯,SZ,半导体,2026-08-09 05:15:07
301717,超纯应材,SZ,半导体,2026-08-09 05:15:07
302132,中航成飞,SZ,航空装备Ⅱ,2026-08-09 05:15:07
600000,浦发银行,SH,银行Ⅱ,2026-08-09 05:15:07
600001,邯郸钢铁,SH,-,2026-08-09 05:15:07
600002,齐鲁石化,SH,-,2026-08-09 05:15:07
600003,ST东北高,SH,-,2026-08-09 05:15:07
600004,白云机场,SH,航空机场,2026-08-09 05:15:07
600005,武钢股份,SH,-,2026-08-09 05:15:07
600006,东风股份,SH,商用车,2026-08-09 05:15:07
600007,中国国贸,SH,房地产开发,2026-08-09 05:15:07
600008,首创环保,SH,环境治理,2026-08-09 05:15:07
600009,上海机场,SH,航空机场,2026-08-09 05:15:07
600010,包钢股份,SH,普钢,2026-08-09 05:15:07
600011,华能国际,SH,电力,2026-08-09 05:15:07
600012,皖通高速,SH,铁路公路,2026-08-09 05:15:07
600015,华夏银行,SH,银行Ⅱ,2026-08-09 05:15:07
600016,民生银行,SH,银行Ⅱ,2026-08-09 05:15:07
600017,日照港,SH,航运港口,2026-08-09 05:15:07
600018,上港集团,SH,航运港口,2026-08-09 05:15:07
600019,宝钢股份,SH,普钢,2026-08-09 05:15:07
600020,中原高速,SH,铁路公路,2026-08-09 05:15:07
600021,上海电力,SH,电力,2026-08-09 05:15:07
600022,山东钢铁,SH,普钢,2026-08-09 05:15:07
600023,浙能电力,SH,电力,2026-08-09 05:15:07
600025,华能水电,SH,电力,2026-08-09 05:15:07
600026,中远海能,SH,航运港口,2026-08-09 05:15:07
600027,华电国际,SH,电力,2026-08-09 05:15:07
600028,中国石化,SH,炼化及贸易,2026-08-09 05:15:07
600029,南方航空,SH,航空机场,2026-08-09 05:15:07
600030,中信证券,SH,证券Ⅱ,2026-08-09 05:15:07
600031,三一重工,SH,工程机械,2026-08-09 05:15:07
600032,浙江新能,SH,电力,2026-08-09 05:15:07
600033,福建高速,SH,铁路公路,2026-08-09 05:15:07
600035,楚天高速,SH,铁路公路,2026-08-09 05:15:07
600036,招商银行,SH,银行Ⅱ,2026-08-09 05:15:07
600037,歌华有线,SH,电视广播Ⅱ,2026-08-09 05:15:07
600038,中直股份,SH,航空装备Ⅱ,2026-08-09 05:15:07
600039,四川路桥,SH,基础建设,2026-08-09 05:15:07
600048,保利发展,SH,房地产开发,2026-08-09 05:15:07
600050,中国联通,SH,通信服务,2026-08-09 05:15:07
600051,宁波联合,SH,综合Ⅱ,2026-08-09 05:15:07
600052,东望时代,SH,电力,2026-08-09 05:15:07
600053,*ST九鼎,SH,多元金融,2026-08-09 05:15:07
600054,黄山旅游,SH,旅游及景区,2026-08-09 05:15:07
600055,万东医疗,SH,医疗器械,2026-08-09 05:15:07
600056,中国医药,SH,医药商业,2026-08-09 05:15:07
600057,厦门象屿,SH,物流,2026-08-09 05:15:07
600058,五矿发展,SH,贸易Ⅱ,2026-08-09 05:15:07
600059,古越龙山,SH,非白酒,2026-08-09 05:15:07
600060,XD海信视,SH,黑色家电,2026-08-09 05:15:07
600061,国投资本,SH,多元金融,2026-08-09 05:15:07
600062,华润双鹤,SH,化学制药,2026-08-09 05:15:07
600063,皖维高新,SH,化学纤维,2026-08-09 05:15:07
600064,南京高科,SH,房地产开发,2026-08-09 05:15:07
600065,*ST联谊,SH,-,2026-08-09 05:15:07
600066,宇通客车,SH,商用车,2026-08-09 05:15:07
600067,冠城新材,SH,电网设备,2026-08-09 05:15:07
600068,葛洲坝,SH,-,2026-08-09 05:15:07
600069,退市银鸽,SH,-,2026-08-09 05:15:07
600070,*ST富润,SH,-,2026-08-09 05:15:07
600071,凤凰光学,SH,光学光电子,2026-08-09 05:15:07
600072,中船科技,SH,风电设备,2026-08-09 05:15:07
600073,光明肉业,SH,食品加工,2026-08-09 05:15:07
600074,退市保千,SH,-,2026-08-09 05:15:07
600075,新疆天业,SH,化学原料,2026-08-09 05:15:07
600076,康欣新材,SH,包装印刷,2026-08-09 05:15:07
600077,*ST宋都,SH,-,2026-08-09 05:15:07
600078,澄星股份,SH,农化制品,2026-08-09 05:15:07
600079,ST人福,SH,化学制药,2026-08-09 05:15:07
600080,ST金花,SH,中药Ⅱ,2026-08-09 05:15:07
600081,东风科技,SH,汽车零部件,2026-08-09 05:15:07
600082,ST海泰,SH,房地产开发,2026-08-09 05:15:07
600083,*ST博信,SH,-,2026-08-09 05:15:07
600084,*ST尼雅,SH,非白酒,2026-08-09 05:15:07
600085,同仁堂,SH,中药Ⅱ,2026-08-09 05:15:07
600086,退市金钰,SH,-,2026-08-09 05:15:07
600087,退市长油,SH,-,2026-08-09 05:15:07
600088,中视传媒,SH,影视院线,2026-08-09 05:15:07
600089,特变电工,SH,电网设备,2026-08-09 05:15:07
600090,退市济堂,SH,-,2026-08-09 05:15:07
600091,退市明科,SH,-,2026-08-09 05:15:07
600092,S*ST精密,SH,-,2026-08-09 05:15:07
600093,退市易见,SH,-,2026-08-09 05:15:07
600094,大名城,SH,房地产开发,2026-08-09 05:15:07
600095,湘财股份,SH,证券Ⅱ,2026-08-09 05:15:07
600096,云天化,SH,农化制品,2026-08-09 05:15:07
600097,开创国际,SH,渔业,2026-08-09 05:15:07
600098,广州发展,SH,电力,2026-08-09 05:15:07
600099,林海股份,SH,摩托车及其他,2026-08-09 05:15:07
600100,同方股份,SH,计算机设备,2026-08-09 05:15:07
600101,明星电力,SH,电力,2026-08-09 05:15:07
600102,莱钢股份,SH,-,2026-08-09 05:15:07
600103,青山纸业,SH,造纸,2026-08-09 05:15:07
600104,XD上汽集,SH,乘用车,2026-08-09 05:15:07
600105,永鼎股份,SH,通信设备,2026-08-09 05:15:07
600106,重庆路桥,SH,铁路公路,2026-08-09 05:15:07
600107,*ST尔雅,SH,服装家纺,2026-08-09 05:15:07
600108,亚盛集团,SH,种植业,2026-08-09 05:15:07
600109,国金证券,SH,证券Ⅱ,2026-08-09 05:15:07
600110,诺德股份,SH,电池,2026-08-09 05:15:07
600111,北方稀土,SH,小金属,2026-08-09 05:15:07
600112,*ST天成,SH,-,2026-08-09 05:15:07
600113,浙江东日,SH,一般零售,2026-08-09 05:15:07
600114,东睦股份,SH,通用设备,2026-08-09 05:15:07
600115,中国东航,SH,航空机场,2026-08-09 05:15:07
600116,三峡水利,SH,电力,2026-08-09 05:15:07
600117,西宁特钢,SH,特钢Ⅱ,2026-08-09 05:15:07
600118,中国卫星,SH,航天装备Ⅱ,2026-08-09 05:15:07
600119,*ST长投,SH,物流,2026-08-09 05:15:07
600120,浙江东方,SH,多元金融,2026-08-09 05:15:07
600121,郑州煤电,SH,煤炭开采,2026-08-09 05:15:07
600122,*ST宏图,SH,-,2026-08-09 05:15:07
600123,兰花科创,SH,煤炭开采,2026-08-09 05:15:07
600125,铁龙物流,SH,铁路公路,2026-08-09 05:15:07
600126,杭钢股份,SH,普钢,2026-08-09 05:15:07
600127,金健米业,SH,农产品加工,2026-08-09 05:15:07
600128,苏豪弘业,SH,贸易Ⅱ,2026-08-09 05:15:07
600129,太极集团,SH,中药Ⅱ,2026-08-09 05:15:07
600130,波导股份,SH,消费电子,2026-08-09 05:15:07
600131,国网信通,SH,IT服务Ⅱ,2026-08-09 05:15:07
600132,重庆啤酒,SH,非白酒,2026-08-09 05:15:07
600133,东湖高新,SH,环境治理,2026-08-09 05:15:07
600135,乐凯胶片,SH,塑料,2026-08-09 05:15:07
600136,ST明诚,SH,房地产服务,2026-08-09 05:15:07
600137,浪莎股份,SH,服装家纺,2026-08-09 05:15:07
600138,中青旅,SH,旅游及景区,2026-08-09 05:15:07
600139,*ST西源,SH,-,2026-08-09 05:15:07
600141,兴发集团,SH,农化制品,2026-08-09 05:15:07
600143,金发科技,SH,塑料,2026-08-09 05:15:07
600145,退市新亿,SH,-,2026-08-09 05:15:07
600146,退市环球,SH,-,2026-08-09 05:15:07
600148,长春一东,SH,汽车零部件,2026-08-09 05:15:07
600149,廊坊发展,SH,电力,2026-08-09 05:15:07
600150,中国船舶,SH,航海装备Ⅱ,2026-08-09 05:15:07
600151,航天机电,SH,汽车零部件,2026-08-09 05:15:07
600152,维科技术,SH,电池,2026-08-09 05:15:07
600153,建发股份,SH,物流,2026-08-09 05:15:07
600155,华创云信,SH,证券Ⅱ,2026-08-09 05:15:07
600156,华升股份,SH,纺织制造,2026-08-09 05:15:07
600157,永泰能源,SH,电力,2026-08-09 05:15:07
600158,中体产业,SH,体育Ⅱ,2026-08-09 05:15:07
600159,大龙地产,SH,房地产开发,2026-08-09 05:15:07
600160,巨化股份,SH,化学制品,2026-08-09 05:15:07
600161,天坛生物,SH,生物制品,2026-08-09 05:15:07
600162,香江控股,SH,房地产开发,2026-08-09 05:15:07
600163,中闽能源,SH,电力,2026-08-09 05:15:07
600165,ST宁科,SH,化学制品,2026-08-09 05:15:07
600166,福田汽车,SH,商用车,2026-08-09 05:15:07
600167,联美控股,SH,电力,2026-08-09 05:15:07
600168,武汉控股,SH,环境治理,2026-08-09 05:15:07
600169,ST太重,SH,专用设备,2026-08-09 05:15:07
600170,上海建工,SH,房屋建设Ⅱ,2026-08-09 05:15:07
600171,上海贝岭,SH,半导体,2026-08-09 05:15:07
600172,黄河旋风,SH,通用设备,2026-08-09 05:15:07
600173,卧龙新能,SH,房地产开发,2026-08-09 05:15:07
600175,退市美都,SH,-,2026-08-09 05:15:07
600176,中国巨石,SH,玻璃玻纤,2026-08-09 05:15:07
600177,雅戈尔,SH,服装家纺,2026-08-09 05:15:07
600178,东安动力,SH,汽车零部件,2026-08-09 05:15:07
600179,安通控股,SH,航运港口,2026-08-09 05:15:07
600180,*ST瑞茂,SH,物流,2026-08-09 05:15:07
600181,S*ST云大,SH,-,2026-08-09 05:15:07
600182,S佳通,SH,汽车零部件,2026-08-09 05:15:07
600183,生益科技,SH,元件,2026-08-09 05:15:07
600184,光电股份,SH,地面兵装Ⅱ,2026-08-09 05:15:07
600185,珠免集团,SH,旅游零售Ⅱ,2026-08-09 05:15:07
600186,莲花控股,SH,调味发酵品Ⅱ,2026-08-09 05:15:07
600187,*ST国中,SH,环境治理,2026-08-09 05:15:07
600188,兖矿能源,SH,煤炭开采,2026-08-09 05:15:07
600189,泉阳泉,SH,饮料乳品,2026-08-09 05:15:07
600190,退市锦港,SH,-,2026-08-09 05:15:07
600191,华资实业,SH,农产品加工,2026-08-09 05:15:07
600192,长城电工,SH,电网设备,2026-08-09 05:15:07
600193,退市创兴,SH,-,2026-08-09 05:15:07
600195,中牧股份,SH,动物保健Ⅱ,2026-08-09 05:15:07
600196,复星医药,SH,化学制药,2026-08-09 05:15:07
600197,伊力特,SH,白酒Ⅱ,2026-08-09 05:15:07
600198,大唐电信,SH,通信设备,2026-08-09 05:15:07
600199,金种子酒,SH,白酒Ⅱ,2026-08-09 05:15:07
600200,退市苏吴,SH,-,2026-08-09 05:15:07
600201,生物股份,SH,动物保健Ⅱ,2026-08-09 05:15:07
600202,哈空调,SH,通用设备,2026-08-09 05:15:07
600203,福日电子,SH,消费电子,2026-08-09 05:15:07
600205,S山东铝,SH,-,2026-08-09 05:15:07
600206,有研新材,SH,半导体,2026-08-09 05:15:07
600207,安彩高科,SH,光伏设备,2026-08-09 05:15:07
600208,衢州发展,SH,房地产开发,2026-08-09 05:15:07
600209,退市罗顿,SH,-,2026-08-09 05:15:07
600210,紫江企业,SH,包装印刷,2026-08-09 05:15:07
600211,西藏药业,SH,生物制品,2026-08-09 05:15:07
600212,绿能慧充,SH,其他电源设备Ⅱ,2026-08-09 05:15:07
600213,*ST亚星,SH,-,2026-08-09 05:15:07
600215,派斯林,SH,自动化设备,2026-08-09 05:15:07
600216,浙江医药,SH,化学制药,2026-08-09 05:15:07
600217,中再资环,SH,环境治理,2026-08-09 05:15:07
600218,全柴动力,SH,汽车零部件,2026-08-09 05:15:07
600219,南山铝业,SH,工业金属,2026-08-09 05:15:07
600220,ST阳光,SH,-,2026-08-09 05:15:07
600221,海航控股,SH,航空机场,2026-08-09 05:15:07
600222,太龙药业,SH,中药Ⅱ,2026-08-09 05:15:07
600223,福瑞达,SH,化妆品,2026-08-09 05:15:07
600225,退市卓朗,SH,-,2026-08-09 05:15:07
600226,亨通股份,SH,电力,2026-08-09 05:15:07
600227,赤天化,SH,农化制品,2026-08-09 05:15:07
600228,返利科技,SH,数字媒体,2026-08-09 05:15:07
600229,城市传媒,SH,出版,2026-08-09 05:15:07
600230,沧州大化,SH,化学制品,2026-08-09 05:15:07
600231,凌钢股份,SH,普钢,2026-08-09 05:15:07
600232,金鹰股份,SH,专用设备,2026-08-09 05:15:07
600233,圆通速递,SH,物流,2026-08-09 05:15:07
600234,科新发展,SH,装修装饰Ⅱ,2026-08-09 05:15:07
600235,民丰特纸,SH,造纸,2026-08-09 05:15:07
600236,桂冠电力,SH,电力,2026-08-09 05:15:07
600237,铜峰电子,SH,元件,2026-08-09 05:15:07
600238,ST椰岛,SH,非白酒,2026-08-09 05:15:07
600239,ST云城,SH,房地产开发,2026-08-09 05:15:07
600240,退市华业,SH,-,2026-08-09 05:15:07
600241,时代万恒,SH,电池,2026-08-09 05:15:07
600242,退市中昌,SH,-,2026-08-09 05:15:07
600243,*ST海华,SH,通用设备,2026-08-09 05:15:07
600246,万通发展,SH,房地产开发,2026-08-09 05:15:07
600247,*ST成城,SH,-,2026-08-09 05:15:07
600248,陕建股份,SH,房屋建设Ⅱ,2026-08-09 05:15:07
600249,两面针,SH,个护用品,2026-08-09 05:15:07
600250,南京商旅,SH,旅游及景区,2026-08-09 05:15:07
600251,冠农股份,SH,农产品加工,2026-08-09 05:15:07
600252,中恒集团,SH,中药Ⅱ,2026-08-09 05:15:07
600253,天方药业,SH,-,2026-08-09 05:15:07
600255,鑫科材料,SH,金属新材料,2026-08-09 05:15:07
600256,广汇能源,SH,煤炭开采,2026-08-09 05:15:07
600257,大湖股份,SH,渔业,2026-08-09 05:15:07
600258,首旅酒店,SH,酒店餐饮,2026-08-09 05:15:07
600259,中稀有色,SH,小金属,2026-08-09 05:15:07
600260,*ST凯乐,SH,-,2026-08-09 05:15:07
600261,阳光照明,SH,照明设备Ⅱ,2026-08-09 05:15:07
600262,北方股份,SH,专用设备,2026-08-09 05:15:07
600263,路桥建设,SH,-,2026-08-09 05:15:07
600265,*ST景谷,SH,林业Ⅱ,2026-08-09 05:15:07
600266,城建发展,SH,房地产开发,2026-08-09 05:15:07
600267,海正药业,SH,化学制药,2026-08-09 05:15:07
600268,国电南自,SH,电网设备,2026-08-09 05:15:07
600269,赣粤高速,SH,铁路公路,2026-08-09 05:15:07
600270,外运发展,SH,-,2026-08-09 05:15:07
600271,航天信息,SH,IT服务Ⅱ,2026-08-09 05:15:07
600272,开开实业,SH,医药商业,2026-08-09 05:15:07
600273,嘉化能源,SH,化学制品,2026-08-09 05:15:07
600275,退市昌鱼,SH,-,2026-08-09 05:15:07
600276,恒瑞医药,SH,化学制药,2026-08-09 05:15:07
600277,ST亿利,SH,-,2026-08-09 05:15:07
600278,东方创业,SH,贸易Ⅱ,2026-08-09 05:15:07
600279,重庆港,SH,航运港口,2026-08-09 05:15:07
600280,中央商场,SH,一般零售,2026-08-09 05:15:07
600281,华阳新材,SH,小金属,2026-08-09 05:15:07
600282,南钢股份,SH,普钢,2026-08-09 05:15:07
600283,钱江水利,SH,环境治理,2026-08-09 05:15:07
600284,浦东建设,SH,基础建设,2026-08-09 05:15:07
600285,羚锐制药,SH,中药Ⅱ,2026-08-09 05:15:07
600286,S*ST国瓷,SH,-,2026-08-09 05:15:07
600287,苏豪时尚,SH,贸易Ⅱ,2026-08-09 05:15:07
600288,大恒科技,SH,软件开发,2026-08-09 05:15:07
600289,ST信通,SH,通信服务,2026-08-09 05:15:07
600290,*ST华仪,SH,-,2026-08-09 05:15:07
600291,退市西水,SH,-,2026-08-09 05:15:07
600292,电投水电,SH,电力,2026-08-09 05:15:07
600293,三峡新材,SH,玻璃玻纤,2026-08-09 05:15:07
600295,鄂尔多斯,SH,冶钢原料,2026-08-09 05:15:07
600296,S兰铝,SH,-,2026-08-09 05:15:07
600297,广汇汽车,SH,-,2026-08-09 05:15:07
600298,安琪酵母,SH,调味发酵品Ⅱ,2026-08-09 05:15:07
600299,安迪苏,SH,化学制品,2026-08-09 05:15:07
600300,维维股份,SH,饮料乳品,2026-08-09 05:15:07
600301,华锡有色,SH,小金属,2026-08-09 05:15:07
600302,ST标准,SH,专用设备,2026-08-09 05:15:07
600303,曙光股份,SH,商用车,2026-08-09 05:15:07
600305,恒顺醋业,SH,调味发酵品Ⅱ,2026-08-09 05:15:07
600306,退市商城,SH,-,2026-08-09 05:15:07
600307,酒钢宏兴,SH,普钢,2026-08-09 05:15:07
600308,华泰股份,SH,造纸,2026-08-09 05:15:07
600309,万华化学,SH,化学制品,2026-08-09 05:15:07
600310,广西能源,SH,电力,2026-08-09 05:15:07
600311,*ST荣华,SH,-,2026-08-09 05:15:07
600312,平高电气,SH,电网设备,2026-08-09 05:15:07
600313,农发种业,SH,种植业,2026-08-09 05:15:07
600315,上海家化,SH,化妆品,2026-08-09 05:15:07
600316,洪都航空,SH,航空装备Ⅱ,2026-08-09 05:15:07
600317,营口港,SH,-,2026-08-09 05:15:07
600318,新力金融,SH,多元金融,2026-08-09 05:15:07
600319,亚星化学,SH,化学原料,2026-08-09 05:15:07
600320,振华重工,SH,专用设备,2026-08-09 05:15:07
600321,正源股份,SH,-,2026-08-09 05:15:07
600322,津投城开,SH,房地产开发,2026-08-09 05:15:07
600323,瀚蓝环境,SH,环境治理,2026-08-09 05:15:07
600325,华发股份,SH,房地产开发,2026-08-09 05:15:07
600326,西藏天路,SH,水泥,2026-08-09 05:15:07
600327,大东方,SH,一般零售,2026-08-09 05:15:07
600328,中盐化工,SH,化学原料,2026-08-09 05:15:07
600329,达仁堂,SH,中药Ⅱ,2026-08-09 05:15:07
600330,天通股份,SH,电子化学品Ⅱ,2026-08-09 05:15:07
600331,宏达股份,SH,农化制品,2026-08-09 05:15:07
600332,白云山,SH,中药Ⅱ,2026-08-09 05:15:07
600333,长春燃气,SH,燃气Ⅱ,2026-08-09 05:15:07
600335,国机汽车,SH,汽车服务,2026-08-09 05:15:07
600336,澳柯玛,SH,白色家电,2026-08-09 05:15:07
600337,ST美克,SH,家居用品,2026-08-09 05:15:07
600338,西藏珠峰,SH,工业金属,2026-08-09 05:15:07
600339,中油工程,SH,油服工程,2026-08-09 05:15:07
600340,*ST华幸,SH,房地产开发,2026-08-09 05:15:07
600343,航天动力,SH,通用设备,2026-08-09 05:15:07
600345,长江通信,SH,通信设备,2026-08-09 05:15:07
600346,恒力石化,SH,炼化及贸易,2026-08-09 05:15:07
600348,华阳股份,SH,煤炭开采,2026-08-09 05:15:07
600350,山东高速,SH,铁路公路,2026-08-09 05:15:07
600351,亚宝药业,SH,中药Ⅱ,2026-08-09 05:15:07
600352,浙江龙盛,SH,化学制品,2026-08-09 05:15:07
600353,旭光电子,SH,其他电子Ⅱ,2026-08-09 05:15:07
600354,敦煌种业,SH,种植业,2026-08-09 05:15:07
600355,*ST精伦,SH,-,2026-08-09 05:15:07
600356,恒丰纸业,SH,造纸,2026-08-09 05:15:07
600357,承德钒钛,SH,-,2026-08-09 05:15:07
600358,国旅联合,SH,广告营销,2026-08-09 05:15:07
600359,新农开发,SH,种植业,2026-08-09 05:15:07
600360,华微电子,SH,半导体,2026-08-09 05:15:07
600361,创新新材,SH,工业金属,2026-08-09 05:15:07
600362,江西铜业,SH,工业金属,2026-08-09 05:15:07
600363,联创光电,SH,消费电子,2026-08-09 05:15:07
600365,ST通葡,SH,非白酒,2026-08-09 05:15:07
600366,宁波韵升,SH,金属新材料,2026-08-09 05:15:07
600367,红星发展,SH,化学原料,2026-08-09 05:15:07
600368,五洲交通,SH,铁路公路,2026-08-09 05:15:07
600369,西南证券,SH,证券Ⅱ,2026-08-09 05:15:07
600370,*ST三房,SH,化学纤维,2026-08-09 05:15:07
600371,万向德农,SH,种植业,2026-08-09 05:15:07
600372,中航机载,SH,航空装备Ⅱ,2026-08-09 05:15:07
600373,中文传媒,SH,出版,2026-08-09 05:15:07
600375,汉马科技,SH,商用车,2026-08-09 05:15:07
600376,首开股份,SH,房地产开发,2026-08-09 05:15:07
600377,宁沪高速,SH,铁路公路,2026-08-09 05:15:07
600378,昊华科技,SH,化学制品,2026-08-09 05:15:07
600379,宝光股份,SH,电网设备,2026-08-09 05:15:07
600380,健康元,SH,化学制药,2026-08-09 05:15:07
600381,*ST春天,SH,食品加工,2026-08-09 05:15:07
600382,广东明珠,SH,冶钢原料,2026-08-09 05:15:07
600383,金地集团,SH,房地产开发,2026-08-09 05:15:07
600385,退市金泰,SH,-,2026-08-09 05:15:07
600386,北巴传媒,SH,汽车服务,2026-08-09 05:15:07
600387,退市海越,SH,-,2026-08-09 05:15:07
600388,龙净环保,SH,环保设备Ⅱ,2026-08-09 05:15:07
600389,江山股份,SH,农化制品,2026-08-09 05:15:07
600390,五矿资本,SH,多元金融,2026-08-09 05:15:07
600391,航发科技,SH,航空装备Ⅱ,2026-08-09 05:15:07
600392,盛和资源,SH,小金属,2026-08-09 05:15:07
600393,ST粤泰,SH,-,2026-08-09 05:15:07
600395,盘江股份,SH,煤炭开采,2026-08-09 05:15:07
600396,华电辽能,SH,电力,2026-08-09 05:15:07
600397,江钨装备,SH,专用设备,2026-08-09 05:15:07
600398,海澜之家,SH,服装家纺,2026-08-09 05:15:07
600399,抚顺特钢,SH,特钢Ⅱ,2026-08-09 05:15:07
600400,红豆股份,SH,服装家纺,2026-08-09 05:15:07
600401,退市海润,SH,-,2026-08-09 05:15:07
600403,大有能源,SH,煤炭开采,2026-08-09 05:15:07
600405,动力源,SH,其他电源设备Ⅱ,2026-08-09 05:15:07
600406,国电南瑞,SH,电网设备,2026-08-09 05:15:07
600408,安泰集团,SH,焦炭Ⅱ,2026-08-09 05:15:07
600409,三友化工,SH,化学原料,2026-08-09 05:15:07
600410,华胜天成,SH,IT服务Ⅱ,2026-08-09 05:15:07
600415,小商品城,SH,一般零售,2026-08-09 05:15:07
600416,湘电股份,SH,电机Ⅱ,2026-08-09 05:15:07
600418,江淮汽车,SH,商用车,2026-08-09 05:15:07
600419,天润乳业,SH,饮料乳品,2026-08-09 05:15:07
600420,国药现代,SH,化学制药,2026-08-09 05:15:07
600421,退市华嵘,SH,-,2026-08-09 05:15:07
600422,昆药集团,SH,中药Ⅱ,2026-08-09 05:15:07
600423,*ST柳化,SH,化学原料,2026-08-09 05:15:07
600425,青松建化,SH,水泥,2026-08-09 05:15:07
600426,华鲁恒升,SH,农化制品,2026-08-09 05:15:07
600428,中远海特,SH,航运港口,2026-08-09 05:15:07
600429,三元股份,SH,饮料乳品,2026-08-09 05:15:07
600432,退市吉恩,SH,-,2026-08-09 05:15:07
600433,冠豪高新,SH,造纸,2026-08-09 05:15:07
600435,北方导航,SH,地面兵装Ⅱ,2026-08-09 05:15:07
600436,片仔癀,SH,中药Ⅱ,2026-08-09 05:15:07
600438,通威股份,SH,光伏设备,2026-08-09 05:15:07
600439,ST瑞贝卡,SH,饰品,2026-08-09 05:15:07
600444,国机通用,SH,专用设备,2026-08-09 05:15:07
600446,金证股份,SH,IT服务Ⅱ,2026-08-09 05:15:07
600448,华纺股份,SH,纺织制造,2026-08-09 05:15:07
600449,宁夏建材,SH,水泥,2026-08-09 05:15:07
600452,涪陵电力,SH,电力,2026-08-09 05:15:07
600455,博通股份,SH,软件开发,2026-08-09 05:15:07
600456,宝钛股份,SH,小金属,2026-08-09 05:15:07
600458,时代新材,SH,综合Ⅱ,2026-08-09 05:15:07
600459,贵研铂业,SH,小金属,2026-08-09 05:15:07
600460,士兰微,SH,半导体,2026-08-09 05:15:07
600461,洪城环境,SH,环境治理,2026-08-09 05:15:07
600462,退市九有,SH,-,2026-08-09 05:15:07
600463,空港股份,SH,房地产开发,2026-08-09 05:15:07
600466,*ST蓝光,SH,-,2026-08-09 05:15:07
600467,好当家,SH,渔业,2026-08-09 05:15:07
600468,百利电气,SH,电网设备,2026-08-09 05:15:07
600469,风神股份,SH,汽车零部件,2026-08-09 05:15:07
600470,六国化工,SH,农化制品,2026-08-09 05:15:07
600472,包头铝业,SH,-,2026-08-09 05:15:07
600475,华光环能,SH,电力,2026-08-09 05:15:07
600476,*ST湘邮,SH,IT服务Ⅱ,2026-08-09 05:15:07
600477,杭萧钢构,SH,专业工程,2026-08-09 05:15:07
600478,科力远,SH,电池,2026-08-09 05:15:07
600479,千金药业,SH,中药Ⅱ,2026-08-09 05:15:07
600480,凌云股份,SH,汽车零部件,2026-08-09 05:15:07
600481,双良节能,SH,光伏设备,2026-08-09 05:15:07
600482,中国动力,SH,其他电源设备Ⅱ,2026-08-09 05:15:07
600483,福能股份,SH,电力,2026-08-09 05:15:07
600485,*ST信威,SH,-,2026-08-09 05:15:07
600486,扬农化工,SH,农化制品,2026-08-09 05:15:07
600487,亨通光电,SH,通信设备,2026-08-09 05:15:07
600488,津药药业,SH,化学制药,2026-08-09 05:15:07
600489,中金黄金,SH,贵金属,2026-08-09 05:15:07
600490,鹏欣资源,SH,工业金属,2026-08-09 05:15:07
600491,ST龙元,SH,房屋建设Ⅱ,2026-08-09 05:15:07
600493,凤竹纺织,SH,纺织制造,2026-08-09 05:15:07
600495,晋西车轴,SH,轨交设备Ⅱ,2026-08-09 05:15:07
600496,精工钢构,SH,专业工程,2026-08-09 05:15:07
600497,驰宏锌锗,SH,工业金属,2026-08-09 05:15:07
600498,烽火通信,SH,通信设备,2026-08-09 05:15:07
600499,科达制造,SH,专用设备,2026-08-09 05:15:07
600500,中化国际,SH,化学制品,2026-08-09 05:15:07
600501,航天晨光,SH,专用设备,2026-08-09 05:15:07
600502,安徽建工,SH,基础建设,2026-08-09 05:15:07
600503,华丽家族,SH,房地产开发,2026-08-09 05:15:07
600505,西昌电力,SH,电力,2026-08-09 05:15:07
600506,统一股份,SH,炼化及贸易,2026-08-09 05:15:07
600507,方大特钢,SH,特钢Ⅱ,2026-08-09 05:15:07
600508,上海能源,SH,煤炭开采,2026-08-09 05:15:07
600509,天富能源,SH,电力,2026-08-09 05:15:07
600510,黑牡丹,SH,房地产开发,2026-08-09 05:15:07
600511,国药股份,SH,医药商业,2026-08-09 05:15:07
600512,腾达建设,SH,基础建设,2026-08-09 05:15:07
600513,联环药业,SH,化学制药,2026-08-09 05:15:07
600515,海南机场,SH,航空机场,2026-08-09 05:15:07
600516,方大炭素,SH,冶钢原料,2026-08-09 05:15:07
600517,国网英大,SH,多元金融,2026-08-09 05:15:07
600518,康美药业,SH,中药Ⅱ,2026-08-09 05:15:07
600519,贵州茅台,SH,白酒Ⅱ,2026-08-09 05:15:07
600520,三佳科技,SH,半导体,2026-08-09 05:15:07
600521,华海药业,SH,化学制药,2026-08-09 05:15:07
600522,中天科技,SH,通信设备,2026-08-09 05:15:07
600523,贵航股份,SH,汽车零部件,2026-08-09 05:15:07
600525,ST长园,SH,电网设备,2026-08-09 05:15:07
600526,菲达环保,SH,环保设备Ⅱ,2026-08-09 05:15:07
600527,江南高纤,SH,纺织制造,2026-08-09 05:15:07
600528,中铁工业,SH,基础建设,2026-08-09 05:15:07
600529,山东药玻,SH,医疗器械,2026-08-09 05:15:07
600530,ST交昂,SH,食品加工,2026-08-09 05:15:07
600531,豫光金铅,SH,工业金属,2026-08-09 05:15:07
600532,退市未来,SH,-,2026-08-09 05:15:07
600533,栖霞建设,SH,房地产开发,2026-08-09 05:15:07
600535,天士力,SH,中药Ⅱ,2026-08-09 05:15:07
600536,中国软件,SH,IT服务Ⅱ,2026-08-09 05:15:07
600537,*ST亿晶,SH,光伏设备,2026-08-09 05:15:07
600538,国发股份,SH,医疗器械,2026-08-09 05:15:07
600539,狮头股份,SH,互联网电商,2026-08-09 05:15:07
600540,新赛股份,SH,种植业,2026-08-09 05:15:07
600543,*ST莫高,SH,非白酒,2026-08-09 05:15:07
600545,卓郎智能,SH,专用设备,2026-08-09 05:15:07
600546,山煤国际,SH,煤炭开采,2026-08-09 05:15:07
600547,山东黄金,SH,贵金属,2026-08-09 05:15:07
600548,深高速,SH,铁路公路,2026-08-09 05:15:07
600549,厦门钨业,SH,小金属,2026-08-09 05:15:07
600550,保变电气,SH,电网设备,2026-08-09 05:15:07
600551,时代出版,SH,出版,2026-08-09 05:15:07
600552,凯盛科技,SH,光学光电子,2026-08-09 05:15:07
600553,太行水泥,SH,-,2026-08-09 05:15:07
600555,退市海创,SH,-,2026-08-09 05:15:07
600556,天下秀,SH,广告营销,2026-08-09 05:15:07
600557,康缘药业,SH,中药Ⅱ,2026-08-09 05:15:07
600558,大西洋,SH,通用设备,2026-08-09 05:15:07
600559,老白干酒,SH,白酒Ⅱ,2026-08-09 05:15:07
600560,金自天正,SH,专用设备,2026-08-09 05:15:07
600561,江西长运,SH,铁路公路,2026-08-09 05:15:07
600562,国睿科技,SH,军工电子Ⅱ,2026-08-09 05:15:07
600563,法拉电子,SH,元件,2026-08-09 05:15:07
600565,ST迪马,SH,-,2026-08-09 05:15:07
600566,济川药业,SH,中药Ⅱ,2026-08-09 05:15:07
600567,山鹰国际,SH,造纸,2026-08-09 05:15:07
600568,ST中珠,SH,医疗服务,2026-08-09 05:15:07
600569,安阳钢铁,SH,普钢,2026-08-09 05:15:07
600570,恒生电子,SH,软件开发,2026-08-09 05:15:07
600571,信雅达,SH,IT服务Ⅱ,2026-08-09 05:15:07
600572,康恩贝,SH,中药Ⅱ,2026-08-09 05:15:07
600573,惠泉啤酒,SH,非白酒,2026-08-09 05:15:07
600575,淮河能源,SH,电力,2026-08-09 05:15:07
600576,祥源文旅,SH,旅游及景区,2026-08-09 05:15:07
600577,精达股份,SH,电网设备,2026-08-09 05:15:07
600578,京能电力,SH,电力,2026-08-09 05:15:07
600579,中化装备,SH,专用设备,2026-08-09 05:15:07
600580,卧龙电驱,SH,电机Ⅱ,2026-08-09 05:15:07
600581,*ST八钢,SH,普钢,2026-08-09 05:15:07
600582,天地科技,SH,专用设备,2026-08-09 05:15:07
600583,海油工程,SH,油服工程,2026-08-09 05:15:07
600584,长电科技,SH,半导体,2026-08-09 05:15:07
600585,海螺水泥,SH,水泥,2026-08-09 05:15:07
600586,金晶科技,SH,玻璃玻纤,2026-08-09 05:15:07
600587,新华医疗,SH,医疗器械,2026-08-09 05:15:07
600588,用友网络,SH,软件开发,2026-08-09 05:15:07
600589,大位科技,SH,IT服务Ⅱ,2026-08-09 05:15:07
600590,泰豪科技,SH,其他电源设备Ⅱ,2026-08-09 05:15:07
600591,*ST上航,SH,-,2026-08-09 05:15:07
600592,龙溪股份,SH,通用设备,2026-08-09 05:15:07
600593,大连圣亚,SH,旅游及景区,2026-08-09 05:15:07
600594,益佰制药,SH,中药Ⅱ,2026-08-09 05:15:07
600595,中孚实业,SH,工业金属,2026-08-09 05:15:07
600596,新安股份,SH,农化制品,2026-08-09 05:15:07
600597,光明乳业,SH,饮料乳品,2026-08-09 05:15:07
600598,北大荒,SH,种植业,2026-08-09 05:15:07
600599,退市熊猫,SH,-,2026-08-09 05:15:07
600600,青岛啤酒,SH,非白酒,2026-08-09 05:15:07
600601,方正科技,SH,元件,2026-08-09 05:15:07
600602,云赛智联,SH,软件开发,2026-08-09 05:15:07
600603,广汇物流,SH,物流,2026-08-09 05:15:07
600604,市北高新,SH,房地产开发,2026-08-09 05:15:07
600605,汇通能源,SH,一般零售,2026-08-09 05:15:07
600606,绿地控股,SH,房地产开发,2026-08-09 05:15:07
600607,上实医药,SH,-,2026-08-09 05:15:07
600608,退市沪科,SH,-,2026-08-09 05:15:07
600609,金杯汽车,SH,汽车零部件,2026-08-09 05:15:07
600610,中毅达,SH,化学原料,2026-08-09 05:15:07
600611,大众交通,SH,铁路公路,2026-08-09 05:15:07
600612,老凤祥,SH,饰品,2026-08-09 05:15:07
600613,神奇制药,SH,化学制药,2026-08-09 05:15:07
600614,退市鹏起,SH,-,2026-08-09 05:15:07
600615,鑫源智造,SH,工业金属,2026-08-09 05:15:07
600616,金枫酒业,SH,非白酒,2026-08-09 05:15:07
600617,国新能源,SH,燃气Ⅱ,2026-08-09 05:15:07
600618,氯碱化工,SH,化学原料,2026-08-09 05:15:07
600619,海立股份,SH,家电零部件Ⅱ,2026-08-09 05:15:07
600620,天宸股份,SH,综合Ⅱ,2026-08-09 05:15:07
600621,华鑫股份,SH,证券Ⅱ,2026-08-09 05:15:07
600622,光大嘉宝,SH,房地产开发,2026-08-09 05:15:07
600623,XD华谊集,SH,化学原料,2026-08-09 05:15:07
600624,ST复华,SH,化学制药,2026-08-09 05:15:07
600625,PT水仙,SH,-,2026-08-09 05:15:07
600626,申达股份,SH,汽车零部件,2026-08-09 05:15:07
600627,上电股份,SH,-,2026-08-09 05:15:07
600628,新世界,SH,一般零售,2026-08-09 05:15:07
600629,华建集团,SH,工程咨询服务Ⅱ,2026-08-09 05:15:07
600630,龙头股份,SH,服装家纺,2026-08-09 05:15:07
600631,百联股份,SH,-,2026-08-09 05:15:07
600632,华联商厦,SH,-,2026-08-09 05:15:07
600633,浙数文化,SH,游戏Ⅱ,2026-08-09 05:15:07
600634,退市富控,SH,-,2026-08-09 05:15:07
600635,大众公用,SH,燃气Ⅱ,2026-08-09 05:15:07
600636,退市国化,SH,-,2026-08-09 05:15:07
600637,东方明珠,SH,电视广播Ⅱ,2026-08-09 05:15:07
600638,新黄浦,SH,房地产开发,2026-08-09 05:15:07
600639,浦东金桥,SH,房地产开发,2026-08-09 05:15:07
600640,国脉文化,SH,广告营销,2026-08-09 05:15:07
600641,先导基电,SH,半导体,2026-08-09 05:15:07
600642,申能股份,SH,电力,2026-08-09 05:15:07
600643,爱建集团,SH,多元金融,2026-08-09 05:15:07
600644,乐山电力,SH,电力,2026-08-09 05:15:07
600645,中源协和,SH,生物制品,2026-08-09 05:15:07
600646,ST国嘉,SH,-,2026-08-09 05:15:07
600647,退市同达,SH,-,2026-08-09 05:15:07
600648,外高桥,SH,房地产开发,2026-08-09 05:15:07
600649,城投控股,SH,房地产开发,2026-08-09 05:15:07
600650,锦江在线,SH,铁路公路,2026-08-09 05:15:07
600651,飞乐音响,SH,汽车零部件,2026-08-09 05:15:07
600652,退市游久,SH,-,2026-08-09 05:15:07
600653,申华控股,SH,汽车服务,2026-08-09 05:15:07
600654,中安科,SH,软件开发,2026-08-09 05:15:07
600655,豫园股份,SH,一般零售,2026-08-09 05:15:07
600656,退市博元,SH,-,2026-08-09 05:15:07
600657,信达地产,SH,房地产开发,2026-08-09 05:15:07
600658,电子城,SH,房地产开发,2026-08-09 05:15:07
600659,*ST花雕,SH,-,2026-08-09 05:15:07
600660,福耀玻璃,SH,汽车零部件,2026-08-09 05:15:07
600661,昂立教育,SH,教育,2026-08-09 05:15:07
600662,外服控股,SH,专业服务,2026-08-09 05:15:07
600663,陆家嘴,SH,房地产开发,2026-08-09 05:15:07
600664,哈药股份,SH,化学制药,2026-08-09 05:15:07
600665,天地源,SH,房地产开发,2026-08-09 05:15:07
600666,奥瑞德,SH,IT服务Ⅱ,2026-08-09 05:15:07
600667,太极实业,SH,工程咨询服务Ⅱ,2026-08-09 05:15:07
600668,尖峰集团,SH,水泥,2026-08-09 05:15:07
600669,*ST鞍成,SH,-,2026-08-09 05:15:07
600670,*ST斯达,SH,-,2026-08-09 05:15:07
600671,天目药业,SH,中药Ⅱ,2026-08-09 05:15:07
600672,*ST华圣,SH,-,2026-08-09 05:15:07
600673,东阳光,SH,综合Ⅱ,2026-08-09 05:15:07
600674,川投能源,SH,电力,2026-08-09 05:15:07
600675,中华企业,SH,房地产开发,2026-08-09 05:15:07
600676,久事动娱,SH,体育Ⅱ,2026-08-09 05:15:07
600677,*ST航通,SH,-,2026-08-09 05:15:07
600678,ST金顶,SH,水泥,2026-08-09 05:15:07
600679,上海凤凰,SH,摩托车及其他,2026-08-09 05:15:07
600680,*ST上普,SH,-,2026-08-09 05:15:07
600681,百川能源,SH,燃气Ⅱ,2026-08-09 05:15:07
600682,南京新百,SH,综合Ⅱ,2026-08-09 05:15:07
600683,京投发展,SH,房地产开发,2026-08-09 05:15:07
600684,珠江股份,SH,房地产服务,2026-08-09 05:15:07
600685,中船防务,SH,航海装备Ⅱ,2026-08-09 05:15:07
600686,金龙汽车,SH,商用车,2026-08-09 05:15:07
600687,退市刚泰,SH,-,2026-08-09 05:15:07
600688,上海石化,SH,炼化及贸易,2026-08-09 05:15:07
600689,上海三毛,SH,综合Ⅱ,2026-08-09 05:15:07
600690,海尔智家,SH,白色家电,2026-08-09 05:15:07
600691,潞化科技,SH,农化制品,2026-08-09 05:15:07
600692,亚通股份,SH,房地产开发,2026-08-09 05:15:07
600693,东百集团,SH,一般零售,2026-08-09 05:15:07
600694,大商股份,SH,一般零售,2026-08-09 05:15:07
600695,退市绿庭,SH,-,2026-08-09 05:15:07
600696,退市岩石,SH,-,2026-08-09 05:15:07
600697,欧亚集团,SH,一般零售,2026-08-09 05:15:07
600698,湖南天雁,SH,汽车零部件,2026-08-09 05:15:07
600699,均胜电子,SH,汽车零部件,2026-08-09 05:15:07
600700,*ST数码,SH,-,2026-08-09 05:15:07
600701,退市工新,SH,-,2026-08-09 05:15:07
600702,舍得酒业,SH,白酒Ⅱ,2026-08-09 05:15:07
600703,三安光电,SH,光学光电子,2026-08-09 05:15:07
600704,物产中大,SH,物流,2026-08-09 05:15:07
600705,中航产融,SH,-,2026-08-09 05:15:07
600706,曲江文旅,SH,旅游及景区,2026-08-09 05:15:07
600707,彩虹股份,SH,光学光电子,2026-08-09 05:15:07
600708,光明地产,SH,房地产开发,2026-08-09 05:15:07
600709,ST生态,SH,-,2026-08-09 05:15:07
600710,苏美达,SH,贸易Ⅱ,2026-08-09 05:15:07
600711,盛屯矿业,SH,工业金属,2026-08-09 05:15:07
600712,南宁百货,SH,一般零售,2026-08-09 05:15:07
600713,南京医药,SH,医药商业,2026-08-09 05:15:07
600714,金瑞矿业,SH,化学原料,2026-08-09 05:15:07
600715,文投控股,SH,游戏Ⅱ,2026-08-09 05:15:07
600716,凤凰股份,SH,房地产开发,2026-08-09 05:15:07
600717,天津港,SH,航运港口,2026-08-09 05:15:07
600718,东软集团,SH,IT服务Ⅱ,2026-08-09 05:15:07
600719,大连热电,SH,电力,2026-08-09 05:15:07
600720,中交设计,SH,工程咨询服务Ⅱ,2026-08-09 05:15:07
600721,百花医药,SH,医疗服务,2026-08-09 05:15:07
600722,金牛化工,SH,化学原料,2026-08-09 05:15:07
600723,首商股份,SH,-,2026-08-09 05:15:07
600724,宁波富达,SH,房地产服务,2026-08-09 05:15:07
600725,云维股份,SH,贸易Ⅱ,2026-08-09 05:15:07
600726,华电能源,SH,电力,2026-08-09 05:15:07
600727,鲁北化工,SH,化学原料,2026-08-09 05:15:07
600728,佳都科技,SH,IT服务Ⅱ,2026-08-09 05:15:07
600729,重百集团,SH,一般零售,2026-08-09 05:15:07
600730,*ST高科,SH,教育,2026-08-09 05:15:07
600731,湖南海利,SH,农化制品,2026-08-09 05:15:07
600732,爱旭股份,SH,光伏设备,2026-08-09 05:15:07
600733,北汽蓝谷,SH,乘用车,2026-08-09 05:15:07
600734,*ST实达,SH,IT服务Ⅱ,2026-08-09 05:15:07
600735,ST新华锦,SH,饰品,2026-08-09 05:15:07
600736,苏州高新,SH,房地产开发,2026-08-09 05:15:07
600737,中粮糖业,SH,农产品加工,2026-08-09 05:15:07
600738,丽尚国潮,SH,一般零售,2026-08-09 05:15:07
600739,辽宁成大,SH,生物制品,2026-08-09 05:15:07
600740,山西焦化,SH,焦炭Ⅱ,2026-08-09 05:15:07
600741,华域汽车,SH,汽车零部件,2026-08-09 05:15:07
600742,富维股份,SH,汽车零部件,2026-08-09 05:15:07
600743,华远控股,SH,房地产服务,2026-08-09 05:15:07
600744,华银电力,SH,电力,2026-08-09 05:15:07
600745,*ST闻泰,SH,半导体,2026-08-09 05:15:07
600746,江苏索普,SH,化学原料,2026-08-09 05:15:07
600747,退市大控,SH,-,2026-08-09 05:15:07
600748,上实发展,SH,房地产开发,2026-08-09 05:15:07
600749,西藏旅游,SH,旅游及景区,2026-08-09 05:15:07
600750,华润江中,SH,中药Ⅱ,2026-08-09 05:15:07
600751,海航科技,SH,航运港口,2026-08-09 05:15:07
600752,*ST哈慈,SH,-,2026-08-09 05:15:07
600753,ST海钦,SH,物流,2026-08-09 05:15:07
600754,锦江酒店,SH,酒店餐饮,2026-08-09 05:15:07
600755,厦门国贸,SH,物流,2026-08-09 05:15:07
600756,浪潮软件,SH,IT服务Ⅱ,2026-08-09 05:15:07
600757,长江传媒,SH,出版,2026-08-09 05:15:07
600758,辽宁能源,SH,煤炭开采,2026-08-09 05:15:07
600759,ST洲际,SH,油气开采Ⅱ,2026-08-09 05:15:07
600760,中航沈飞,SH,航空装备Ⅱ,2026-08-09 05:15:07
600761,安徽合力,SH,工程机械,2026-08-09 05:15:07
600762,S*ST金荔,SH,-,2026-08-09 05:15:07
600763,通策医疗,SH,医疗服务,2026-08-09 05:15:07
600764,中国海防,SH,航海装备Ⅱ,2026-08-09 05:15:07
600765,中航重机,SH,航空装备Ⅱ,2026-08-09 05:15:07
600766,退市园城,SH,-,2026-08-09 05:15:07
600767,退市运盛,SH,-,2026-08-09 05:15:07
600768,宁波富邦,SH,工业金属,2026-08-09 05:15:07
600769,祥龙电业,SH,环境治理,2026-08-09 05:15:07
600770,综艺股份,SH,综合Ⅱ,2026-08-09 05:15:07
600771,广誉远,SH,中药Ⅱ,2026-08-09 05:15:07
600772,S*ST龙昌,SH,-,2026-08-09 05:15:07
600773,西藏城投,SH,房地产开发,2026-08-09 05:15:07
600774,汉商集团,SH,化学制药,2026-08-09 05:15:07
600775,南京熊猫,SH,通信设备,2026-08-09 05:15:07
600776,东方通信,SH,通信设备,2026-08-09 05:15:07
600777,新潮能源,SH,油气开采Ⅱ,2026-08-09 05:15:07
600778,友好集团,SH,一般零售,2026-08-09 05:15:07
600779,水井坊,SH,白酒Ⅱ,2026-08-09 05:15:07
600780,通宝能源,SH,电力,2026-08-09 05:15:07
600781,退市辅仁,SH,-,2026-08-09 05:15:07
600782,新钢股份,SH,普钢,2026-08-09 05:15:07
600783,鲁信创投,SH,通用设备,2026-08-09 05:15:07
600784,鲁银投资,SH,化学原料,2026-08-09 05:15:07
600785,新华百货,SH,一般零售,2026-08-09 05:15:07
600786,东方锅炉,SH,-,2026-08-09 05:15:07
600787,中储股份,SH,物流,2026-08-09 05:15:07
600788,*ST达曼,SH,-,2026-08-09 05:15:07
600789,鲁抗医药,SH,化学制药,2026-08-09 05:15:07
600790,轻纺城,SH,一般零售,2026-08-09 05:15:07
600791,京能置业,SH,房地产开发,2026-08-09 05:15:07
600792,云煤能源,SH,焦炭Ⅱ,2026-08-09 05:15:07
600793,宜宾纸业,SH,造纸,2026-08-09 05:15:07
600794,保税科技,SH,物流,2026-08-09 05:15:07
600795,国电电力,SH,电力,2026-08-09 05:15:07
600796,钱江生化,SH,环境治理,2026-08-09 05:15:07
600797,浙大网新,SH,IT服务Ⅱ,2026-08-09 05:15:07
600798,宁波海运,SH,航运港口,2026-08-09 05:15:07
600799,*ST龙科,SH,-,2026-08-09 05:15:07
600800,渤海化学,SH,炼化及贸易,2026-08-09 05:15:07
600801,华新建材,SH,水泥,2026-08-09 05:15:07
600802,福建水泥,SH,水泥,2026-08-09 05:15:07
600803,新奥股份,SH,燃气Ⅱ,2026-08-09 05:15:07
600804,退市鹏博,SH,-,2026-08-09 05:15:07
600805,悦达投资,SH,综合Ⅱ,2026-08-09 05:15:07
600806,退市昆机,SH,-,2026-08-09 05:15:07
600807,济高发展,SH,医疗器械,2026-08-09 05:15:07
600808,马钢股份,SH,普钢,2026-08-09 05:15:07
600809,山西汾酒,SH,白酒Ⅱ,2026-08-09 05:15:07
600810,神马股份,SH,化学纤维,2026-08-09 05:15:07
600811,*ST东方,SH,-,2026-08-09 05:15:07
600812,华北制药,SH,化学制药,2026-08-09 05:15:07
600813,ST鞍一工,SH,-,2026-08-09 05:15:07
600814,杭州解百,SH,一般零售,2026-08-09 05:15:07
600815,厦工股份,SH,工程机械,2026-08-09 05:15:07
600816,建元信托,SH,多元金融,2026-08-09 05:15:07
600817,宇通重工,SH,环保设备Ⅱ,2026-08-09 05:15:07
600818,ST中路,SH,摩托车及其他,2026-08-09 05:15:07
600819,耀皮玻璃,SH,玻璃玻纤,2026-08-09 05:15:07
600820,隧道股份,SH,基础建设,2026-08-09 05:15:07
600821,金开新能,SH,电力,2026-08-09 05:15:07
600822,上海物贸,SH,汽车服务,2026-08-09 05:15:07
600823,*ST世茂,SH,-,2026-08-09 05:15:07
600824,益民集团,SH,一般零售,2026-08-09 05:15:07
600825,新华传媒,SH,出版,2026-08-09 05:15:07
600826,兰生股份,SH,专业服务,2026-08-09 05:15:07
600827,百联股份,SH,一般零售,2026-08-09 05:15:07
600828,茂业商业,SH,一般零售,2026-08-09 05:15:07
600829,人民同泰,SH,医药商业,2026-08-09 05:15:07
600830,香溢融通,SH,多元金融,2026-08-09 05:15:07
600831,广电网络,SH,电视广播Ⅱ,2026-08-09 05:15:07
600832,东方明珠,SH,-,2026-08-09 05:15:07
600833,第一医药,SH,医药商业,2026-08-09 05:15:07
600834,申通地铁,SH,铁路公路,2026-08-09 05:15:07
600835,上海机电,SH,专用设备,2026-08-09 05:15:07
600836,*ST易连,SH,-,2026-08-09 05:15:07
600837,海通证券,SH,-,2026-08-09 05:15:07
600838,上海九百,SH,一般零售,2026-08-09 05:15:07
600839,XD四川长,SH,黑色家电,2026-08-09 05:15:07
600840,新湖创业,SH,-,2026-08-09 05:15:07
600841,动力新科,SH,汽车零部件,2026-08-09 05:15:07
600842,中西药业,SH,-,2026-08-09 05:15:07
600843,上工申贝,SH,专用设备,2026-08-09 05:15:07
600844,金煤科技,SH,化学原料,2026-08-09 05:15:07
600845,宝信软件,SH,IT服务Ⅱ,2026-08-09 05:15:07
600846,同济科技,SH,工程咨询服务Ⅱ,2026-08-09 05:15:07
600847,万里股份,SH,电池,2026-08-09 05:15:07
600848,上海临港,SH,房地产开发,2026-08-09 05:15:07
600849,上药转换,SH,-,2026-08-09 05:15:07
600850,电科数字,SH,IT服务Ⅱ,2026-08-09 05:15:07
600851,海欣股份,SH,化学制药,2026-08-09 05:15:07
600852,*ST中川,SH,-,2026-08-09 05:15:07
600853,龙建股份,SH,基础建设,2026-08-09 05:15:07
600854,春兰股份,SH,白色家电,2026-08-09 05:15:07
600855,航天长峰,SH,军工电子Ⅱ,2026-08-09 05:15:07
600856,退市中天,SH,-,2026-08-09 05:15:07
600857,宁波中百,SH,一般零售,2026-08-09 05:15:07
600858,银座股份,SH,一般零售,2026-08-09 05:15:07
600859,王府井,SH,一般零售,2026-08-09 05:15:07
600860,京城股份,SH,通用设备,2026-08-09 05:15:07
600861,北京人力,SH,专业服务,2026-08-09 05:15:07
600862,中航高科,SH,航空装备Ⅱ,2026-08-09 05:15:07
600863,华能蒙电,SH,电力,2026-08-09 05:15:07
600864,哈投股份,SH,证券Ⅱ,2026-08-09 05:15:07
600865,百大集团,SH,一般零售,2026-08-09 05:15:07
600866,星湖科技,SH,化学制品,2026-08-09 05:15:07
600867,通化东宝,SH,生物制品,2026-08-09 05:15:07
600868,梅雁吉祥,SH,电力,2026-08-09 05:15:07
600869,远东股份,SH,电网设备,2026-08-09 05:15:07
600870,退市厦华,SH,-,2026-08-09 05:15:07
600871,石化油服,SH,油服工程,2026-08-09 05:15:07
600872,中炬高新,SH,调味发酵品Ⅱ,2026-08-09 05:15:07
600873,梅花生物,SH,化学制品,2026-08-09 05:15:07
600874,创业环保,SH,环境治理,2026-08-09 05:15:07
600875,东方电气,SH,其他电源设备Ⅱ,2026-08-09 05:15:07
600876,凯盛新能,SH,玻璃玻纤,2026-08-09 05:15:07
600877,电科芯片,SH,半导体,2026-08-09 05:15:07
600878,*ST北科,SH,-,2026-08-09 05:15:07
600879,航天电子,SH,航天装备Ⅱ,2026-08-09 05:15:07
600880,博瑞传播,SH,教育,2026-08-09 05:15:07
600881,亚泰集团,SH,综合Ⅱ,2026-08-09 05:15:07
600882,妙可蓝多,SH,饮料乳品,2026-08-09 05:15:07
600883,博闻科技,SH,种植业,2026-08-09 05:15:07
600884,杉杉股份,SH,电池,2026-08-09 05:15:07
600885,宏发股份,SH,电网设备,2026-08-09 05:15:07
600886,XD国投电,SH,电力,2026-08-09 05:15:07
600887,伊利股份,SH,饮料乳品,2026-08-09 05:15:07
600888,新疆众和,SH,工业金属,2026-08-09 05:15:07
600889,*ST京化,SH,通用设备,2026-08-09 05:15:07
600890,退市中房,SH,-,2026-08-09 05:15:07
600891,退市秋林,SH,-,2026-08-09 05:15:07
600892,大晟文化,SH,游戏Ⅱ,2026-08-09 05:15:07
600893,航发动力,SH,航空装备Ⅱ,2026-08-09 05:15:07
600894,广日股份,SH,专用设备,2026-08-09 05:15:07
600895,张江高科,SH,房地产开发,2026-08-09 05:15:07
600896,退市海医,SH,-,2026-08-09 05:15:07
600897,厦门空港,SH,航空机场,2026-08-09 05:15:07
600898,*ST美讯,SH,-,2026-08-09 05:15:07
600899,*ST信联,SH,-,2026-08-09 05:15:07
600900,长江电力,SH,电力,2026-08-09 05:15:07
600901,江苏金租,SH,多元金融,2026-08-09 05:15:07
600903,贵州燃气,SH,燃气Ⅱ,2026-08-09 05:15:07
600905,三峡能源,SH,电力,2026-08-09 05:15:07
600906,财达证券,SH,证券Ⅱ,2026-08-09 05:15:07
600908,无锡银行,SH,银行Ⅱ,2026-08-09 05:15:07
600909,华安证券,SH,证券Ⅱ,2026-08-09 05:15:07
600916,中国黄金,SH,饰品,2026-08-09 05:15:07
600917,重庆燃气,SH,燃气Ⅱ,2026-08-09 05:15:07
600918,中泰证券,SH,证券Ⅱ,2026-08-09 05:15:07
600919,江苏银行,SH,银行Ⅱ,2026-08-09 05:15:07
600925,苏能股份,SH,煤炭开采,2026-08-09 05:15:07
600926,杭州银行,SH,银行Ⅱ,2026-08-09 05:15:07
600927,永安期货,SH,多元金融,2026-08-09 05:15:07
600928,西安银行,SH,银行Ⅱ,2026-08-09 05:15:07
600929,雪天盐业,SH,化学原料,2026-08-09 05:15:07
600930,华电新能,SH,电力,2026-08-09 05:15:07
600933,爱柯迪,SH,汽车零部件,2026-08-09 05:15:07
600935,华塑股份,SH,化学原料,2026-08-09 05:15:07
600936,北投科技,SH,IT服务Ⅱ,2026-08-09 05:15:07
600938,中国海油,SH,油气开采Ⅱ,2026-08-09 05:15:07
600939,重庆建工,SH,房屋建设Ⅱ,2026-08-09 05:15:07
600941,中国移动,SH,通信服务,2026-08-09 05:15:07
600955,维远股份,SH,化学原料,2026-08-09 05:15:07
600956,新天绿能,SH,电力,2026-08-09 05:15:07
600958,东方证券,SH,证券Ⅱ,2026-08-09 05:15:07
600959,江苏有线,SH,电视广播Ⅱ,2026-08-09 05:15:07
600960,渤海汽车,SH,汽车零部件,2026-08-09 05:15:07
600961,株冶集团,SH,工业金属,2026-08-09 05:15:07
600962,国投中鲁,SH,农产品加工,2026-08-09 05:15:07
600963,岳阳林纸,SH,造纸,2026-08-09 05:15:07
600965,*ST福成,SH,养殖业,2026-08-09 05:15:07
600966,博汇纸业,SH,造纸,2026-08-09 05:15:07
600967,内蒙一机,SH,地面兵装Ⅱ,2026-08-09 05:15:07
600968,海油发展,SH,油服工程,2026-08-09 05:15:07
600969,郴电国际,SH,电力,2026-08-09 05:15:07
600970,中材国际,SH,专业工程,2026-08-09 05:15:07
600971,恒源煤电,SH,煤炭开采,2026-08-09 05:15:07
600973,宝胜股份,SH,电网设备,2026-08-09 05:15:07
600975,新五丰,SH,养殖业,2026-08-09 05:15:07
600976,健民集团,SH,中药Ⅱ,2026-08-09 05:15:07
600977,中国电影,SH,影视院线,2026-08-09 05:15:07
600978,*ST宜生,SH,-,2026-08-09 05:15:07
600979,广安爱众,SH,电力,2026-08-09 05:15:07
600980,北矿科技,SH,专用设备,2026-08-09 05:15:07
600981,苏豪汇鸿,SH,贸易Ⅱ,2026-08-09 05:15:07
600982,宁波能源,SH,电力,2026-08-09 05:15:07
600983,惠而浦,SH,白色家电,2026-08-09 05:15:07
600984,建设机械,SH,工程机械,2026-08-09 05:15:07
600985,淮北矿业,SH,煤炭开采,2026-08-09 05:15:07
600986,浙文互联,SH,广告营销,2026-08-09 05:15:07
600987,航民股份,SH,纺织制造,2026-08-09 05:15:07
600988,赤峰黄金,SH,贵金属,2026-08-09 05:15:07
600989,宝丰能源,SH,化学原料,2026-08-09 05:15:07
600990,四创电子,SH,军工电子Ⅱ,2026-08-09 05:15:07
600991,广汽长丰,SH,-,2026-08-09 05:15:07
600992,贵绳股份,SH,通用设备,2026-08-09 05:15:07
600993,马应龙,SH,中药Ⅱ,2026-08-09 05:15:07
600995,南网储能,SH,电力,2026-08-09 05:15:07
600996,贵广网络,SH,电视广播Ⅱ,2026-08-09 05:15:07
600997,开滦股份,SH,焦炭Ⅱ,2026-08-09 05:15:07
600998,九州通,SH,医药商业,2026-08-09 05:15:07
600999,招商证券,SH,证券Ⅱ,2026-08-09 05:15:07
601000,唐山港,SH,航运港口,2026-08-09 05:15:07
601001,晋控煤业,SH,煤炭开采,2026-08-09 05:15:07
601002,晋亿实业,SH,通用设备,2026-08-09 05:15:07
601003,柳钢股份,SH,普钢,2026-08-09 05:15:07
601005,重庆钢铁,SH,普钢,2026-08-09 05:15:07
601006,大秦铁路,SH,铁路公路,2026-08-09 05:15:07
601007,金陵饭店,SH,酒店餐饮,2026-08-09 05:15:07
601008,连云港,SH,航运港口,2026-08-09 05:15:07
601009,南京银行,SH,银行Ⅱ,2026-08-09 05:15:07
601010,ST文峰,SH,一般零售,2026-08-09 05:15:07
601011,宝泰隆,SH,焦炭Ⅱ,2026-08-09 05:15:07
601012,隆基绿能,SH,光伏设备,2026-08-09 05:15:07
601015,陕西黑猫,SH,焦炭Ⅱ,2026-08-09 05:15:07
601016,节能风电,SH,电力,2026-08-09 05:15:07
601018,宁波港,SH,航运港口,2026-08-09 05:15:07
601019,山东出版,SH,出版,2026-08-09 05:15:07
601020,华钰矿业,SH,工业金属,2026-08-09 05:15:07
601021,春秋航空,SH,航空机场,2026-08-09 05:15:07
601022,宁波远洋,SH,航运港口,2026-08-09 05:15:07
601026,道生天合,SH,风电设备,2026-08-09 05:15:07
601028,玉龙股份,SH,-,2026-08-09 05:15:07
601033,永兴股份,SH,环境治理,2026-08-09 05:15:07
601038,一拖股份,SH,专用设备,2026-08-09 05:15:07
601058,赛轮轮胎,SH,汽车零部件,2026-08-09 05:15:07
601059,信达证券,SH,证券Ⅱ,2026-08-09 05:15:07
601061,中信金属,SH,贸易Ⅱ,2026-08-09 05:15:07
601065,江盐集团,SH,化学原料,2026-08-09 05:15:07
601066,中信建投,SH,证券Ⅱ,2026-08-09 05:15:07
601068,中铝国际,SH,专业工程,2026-08-09 05:15:07
601069,西部黄金,SH,贵金属,2026-08-09 05:15:07
601077,渝农商行,SH,银行Ⅱ,2026-08-09 05:15:07
601083,锦江航运,SH,航运港口,2026-08-09 05:15:07
601086,国芳集团,SH,一般零售,2026-08-09 05:15:07
601088,中国神华,SH,煤炭开采,2026-08-09 05:15:07
601089,福元医药,SH,化学制药,2026-08-09 05:15:07
601096,宏盛华源,SH,专业工程,2026-08-09 05:15:07
601098,中南传媒,SH,出版,2026-08-09 05:15:07
601099,太平洋,SH,证券Ⅱ,2026-08-09 05:15:07
601100,恒立液压,SH,工程机械,2026-08-09 05:15:07
601101,昊华能源,SH,煤炭开采,2026-08-09 05:15:07
601106,中国一重,SH,专用设备,2026-08-09 05:15:07
601107,四川成渝,SH,铁路公路,2026-08-09 05:15:07
601108,财通证券,SH,证券Ⅱ,2026-08-09 05:15:07
601111,中国国航,SH,航空机场,2026-08-09 05:15:07
601112,振石股份,SH,玻璃玻纤,2026-08-09 05:15:07
601113,华鼎股份,SH,化学纤维,2026-08-09 05:15:07
601116,三江购物,SH,一般零售,2026-08-09 05:15:07
601117,中国化学,SH,专业工程,2026-08-09 05:15:07
601118,海南橡胶,SH,种植业,2026-08-09 05:15:07
601121,宝地矿业,SH,冶钢原料,2026-08-09 05:15:07
601126,四方股份,SH,电网设备,2026-08-09 05:15:07
601127,赛力斯,SH,乘用车,2026-08-09 05:15:07
601128,常熟银行,SH,银行Ⅱ,2026-08-09 05:15:07
601133,柏诚股份,SH,专业工程,2026-08-09 05:15:07
601136,首创证券,SH,证券Ⅱ,2026-08-09 05:15:07
601137,博威合金,SH,金属新材料,2026-08-09 05:15:07
601138,工业富联,SH,消费电子,2026-08-09 05:15:07
601139,深圳燃气,SH,燃气Ⅱ,2026-08-09 05:15:07
601155,新城控股,SH,房地产开发,2026-08-09 05:15:07
601156,东航物流,SH,物流,2026-08-09 05:15:07
601158,重庆水务,SH,环境治理,2026-08-09 05:15:07
601162,天风证券,SH,证券Ⅱ,2026-08-09 05:15:07
601163,三角轮胎,SH,汽车零部件,2026-08-09 05:15:07
601166,兴业银行,SH,银行Ⅱ,2026-08-09 05:15:07
601168,西部矿业,SH,工业金属,2026-08-09 05:15:07
601169,北京银行,SH,银行Ⅱ,2026-08-09 05:15:07
601177,杭齿前进,SH,通用设备,2026-08-09 05:15:07
601179,中国西电,SH,电网设备,2026-08-09 05:15:07
601186,中国铁建,SH,基础建设,2026-08-09 05:15:07
601187,厦门银行,SH,银行Ⅱ,2026-08-09 05:15:07
601188,龙江交通,SH,铁路公路,2026-08-09 05:15:07
601198,东兴证券,SH,证券Ⅱ,2026-08-09 05:15:07
601199,江南水务,SH,环境治理,2026-08-09 05:15:07
601200,上海环境,SH,环境治理,2026-08-09 05:15:07
601208,东材科技,SH,塑料,2026-08-09 05:15:07
601211,国泰海通,SH,证券Ⅱ,2026-08-09 05:15:07
601212,白银有色,SH,工业金属,2026-08-09 05:15:07
601216,君正集团,SH,化学原料,2026-08-09 05:15:07
601218,吉鑫科技,SH,风电设备,2026-08-09 05:15:07
601222,林洋能源,SH,电网设备,2026-08-09 05:15:07
601225,陕西煤业,SH,煤炭开采,2026-08-09 05:15:07
601226,华电科工,SH,专业工程,2026-08-09 05:15:07
601228,广州港,SH,航运港口,2026-08-09 05:15:07
601229,上海银行,SH,银行Ⅱ,2026-08-09 05:15:07
601231,环旭电子,SH,消费电子,2026-08-09 05:15:07
601233,桐昆股份,SH,炼化及贸易,2026-08-09 05:15:07
601236,红塔证券,SH,证券Ⅱ,2026-08-09 05:15:07
601238,广汽集团,SH,乘用车,2026-08-09 05:15:07
601258,*ST庞大,SH,-,2026-08-09 05:15:07
601268,*ST二重,SH,-,2026-08-09 05:15:07
601279,英利汽车,SH,汽车零部件,2026-08-09 05:15:07
601288,农业银行,SH,银行Ⅱ,2026-08-09 05:15:07
601298,青岛港,SH,航运港口,2026-08-09 05:15:07
601299,中国北车,SH,-,2026-08-09 05:15:07
601311,骆驼股份,SH,电池,2026-08-09 05:15:07
601318,中国平安,SH,保险Ⅱ,2026-08-09 05:15:07
601319,中国人保,SH,保险Ⅱ,2026-08-09 05:15:07
601326,秦港股份,SH,航运港口,2026-08-09 05:15:07
601328,交通银行,SH,银行Ⅱ,2026-08-09 05:15:07
601330,绿色动力,SH,环境治理,2026-08-09 05:15:07
601333,广深铁路,SH,铁路公路,2026-08-09 05:15:07
601336,XD新华保,SH,保险Ⅱ,2026-08-09 05:15:07
601339,百隆东方,SH,纺织制造,2026-08-09 05:15:07
601360,三六零,SH,软件开发,2026-08-09 05:15:07
601366,利群股份,SH,一般零售,2026-08-09 05:15:07
601368,绿城水务,SH,环境治理,2026-08-09 05:15:07
601369,陕鼓动力,SH,专用设备,2026-08-09 05:15:07
601375,中原证券,SH,证券Ⅱ,2026-08-09 05:15:07
601377,兴业证券,SH,证券Ⅱ,2026-08-09 05:15:07
601388,怡球资源,SH,工业金属,2026-08-09 05:15:07
601390,中国中铁,SH,基础建设,2026-08-09 05:15:07
601398,工商银行,SH,银行Ⅱ,2026-08-09 05:15:07
601399,国机重装,SH,专用设备,2026-08-09 05:15:07
601456,国联民生,SH,证券Ⅱ,2026-08-09 05:15:07
601500,通用股份,SH,汽车零部件,2026-08-09 05:15:07
601512,中新集团,SH,房地产开发,2026-08-09 05:15:07
601515,衢州东峰,SH,包装印刷,2026-08-09 05:15:07
601518,吉林高速,SH,铁路公路,2026-08-09 05:15:07
601519,大智慧,SH,软件开发,2026-08-09 05:15:07
601528,瑞丰银行,SH,银行Ⅱ,2026-08-09 05:15:07
601555,XD东吴证,SH,证券Ⅱ,2026-08-09 05:15:07
601558,退市锐电,SH,-,2026-08-09 05:15:07
601566,九牧王,SH,服装家纺,2026-08-09 05:15:07
601567,三星电气,SH,电网设备,2026-08-09 05:15:07
601568,北元化工,SH,化学原料,2026-08-09 05:15:07
601577,长沙银行,SH,银行Ⅱ,2026-08-09 05:15:07
601579,会稽山,SH,非白酒,2026-08-09 05:15:07
601588,北辰实业,SH,房地产开发,2026-08-09 05:15:07
601595,上海电影,SH,影视院线,2026-08-09 05:15:07
601598,中国外运,SH,物流,2026-08-09 05:15:07
601599,浙文影业,SH,纺织制造,2026-08-09 05:15:07
601600,中国铝业,SH,工业金属,2026-08-09 05:15:07
601601,中国太保,SH,保险Ⅱ,2026-08-09 05:15:07
601606,长城军工,SH,地面兵装Ⅱ,2026-08-09 05:15:07
601607,上海医药,SH,医药商业,2026-08-09 05:15:07
601608,中信重工,SH,专用设备,2026-08-09 05:15:07
601609,金田股份,SH,工业金属,2026-08-09 05:15:07
601611,中国核建,SH,基础建设,2026-08-09 05:15:07
601615,明阳智能,SH,风电设备,2026-08-09 05:15:07
601616,广电电气,SH,电网设备,2026-08-09 05:15:07
601618,中国中冶,SH,专业工程,2026-08-09 05:15:07
601619,嘉泽新能,SH,电力,2026-08-09 05:15:07
601628,中国人寿,SH,保险Ⅱ,2026-08-09 05:15:07
601633,长城汽车,SH,乘用车,2026-08-09 05:15:07
601636,旗滨集团,SH,玻璃玻纤,2026-08-09 05:15:07
601658,邮储银行,SH,银行Ⅱ,2026-08-09 05:15:07
601665,齐鲁银行,SH,银行Ⅱ,2026-08-09 05:15:07
601666,平煤股份,SH,煤炭开采,2026-08-09 05:15:07
601668,中国建筑,SH,房屋建设Ⅱ,2026-08-09 05:15:07
601669,中国电建,SH,基础建设,2026-08-09 05:15:07
601677,明泰铝业,SH,工业金属,2026-08-09 05:15:07
601678,滨化股份,SH,化学原料,2026-08-09 05:15:07
601686,友发集团,SH,普钢,2026-08-09 05:15:07
601688,华泰证券,SH,证券Ⅱ,2026-08-09 05:15:07
601689,拓普集团,SH,汽车零部件,2026-08-09 05:15:07
601696,中银证券,SH,证券Ⅱ,2026-08-09 05:15:07
601698,中国卫通,SH,航天装备Ⅱ,2026-08-09 05:15:07
601699,潞安环能,SH,煤炭开采,2026-08-09 05:15:07
601700,风范股份,SH,电网设备,2026-08-09 05:15:07
601702,华峰铝业,SH,工业金属,2026-08-09 05:15:07
601717,中创智领,SH,专用设备,2026-08-09 05:15:07
601718,ST际华,SH,服装家纺,2026-08-09 05:15:07
601727,上海电气,SH,其他电源设备Ⅱ,2026-08-09 05:15:07
601728,中国电信,SH,通信服务,2026-08-09 05:15:07
601766,中国中车,SH,轨交设备Ⅱ,2026-08-09 05:15:07
601777,千里科技,SH,摩托车及其他,2026-08-09 05:15:07
601778,晶科科技,SH,电力,2026-08-09 05:15:07
601788,光大证券,SH,证券Ⅱ,2026-08-09 05:15:07
601789,宁波建工,SH,房屋建设Ⅱ,2026-08-09 05:15:07
601798,蓝科高新,SH,专用设备,2026-08-09 05:15:07
601799,星宇股份,SH,汽车零部件,2026-08-09 05:15:07
601800,中国交建,SH,基础建设,2026-08-09 05:15:07
601801,皖新传媒,SH,出版,2026-08-09 05:15:07
601808,中海油服,SH,油服工程,2026-08-09 05:15:07
601811,新华文轩,SH,出版,2026-08-09 05:15:07
601816,京沪高铁,SH,铁路公路,2026-08-09 05:15:07
601818,光大银行,SH,银行Ⅱ,2026-08-09 05:15:07
601825,沪农商行,SH,银行Ⅱ,2026-08-09 05:15:07
601827,三峰环境,SH,环境治理,2026-08-09 05:15:07
601828,美凯龙,SH,一般零售,2026-08-09 05:15:07
601838,成都银行,SH,银行Ⅱ,2026-08-09 05:15:07
601857,中国石油,SH,炼化及贸易,2026-08-09 05:15:07
601858,中国科传,SH,出版,2026-08-09 05:15:07
601860,紫金银行,SH,银行Ⅱ,2026-08-09 05:15:07
601865,福莱特,SH,光伏设备,2026-08-09 05:15:07
601866,中远海发,SH,航运港口,2026-08-09 05:15:07
601868,中国能建,SH,基础建设,2026-08-09 05:15:07
601869,长飞光纤,SH,通信设备,2026-08-09 05:15:07
601872,招商轮船,SH,航运港口,2026-08-09 05:15:07
601877,正泰电器,SH,电网设备,2026-08-09 05:15:07
601878,浙商证券,SH,证券Ⅱ,2026-08-09 05:15:07
601880,辽港股份,SH,航运港口,2026-08-09 05:15:07
601881,中国银河,SH,证券Ⅱ,2026-08-09 05:15:07
601882,海天精工,SH,通用设备,2026-08-09 05:15:07
601886,江河集团,SH,装修装饰Ⅱ,2026-08-09 05:15:07
601888,中国中免,SH,旅游零售Ⅱ,2026-08-09 05:15:07
601890,亚星锚链,SH,航海装备Ⅱ,2026-08-09 05:15:07
601898,中煤能源,SH,煤炭开采,2026-08-09 05:15:07
601899,紫金矿业,SH,工业金属,2026-08-09 05:15:07
601900,南方传媒,SH,出版,2026-08-09 05:15:07
601901,方正证券,SH,证券Ⅱ,2026-08-09 05:15:07
601908,京运通,SH,电力,2026-08-09 05:15:07
601916,浙商银行,SH,银行Ⅱ,2026-08-09 05:15:07
601918,XD新集能,SH,煤炭开采,2026-08-09 05:15:07
601919,中远海控,SH,航运港口,2026-08-09 05:15:07
601921,浙版传媒,SH,出版,2026-08-09 05:15:07
601928,凤凰传媒,SH,出版,2026-08-09 05:15:07
601929,吉视传媒,SH,电视广播Ⅱ,2026-08-09 05:15:07
601933,永辉超市,SH,一般零售,2026-08-09 05:15:07
601939,建设银行,SH,银行Ⅱ,2026-08-09 05:15:07
601949,中国出版,SH,出版,2026-08-09 05:15:07
601952,苏垦农发,SH,种植业,2026-08-09 05:15:07
601956,东贝集团,SH,家电零部件Ⅱ,2026-08-09 05:15:07
601958,金钼股份,SH,小金属,2026-08-09 05:15:07
601963,重庆银行,SH,银行Ⅱ,2026-08-09 05:15:07
601965,中国汽研,SH,专业服务,2026-08-09 05:15:07
601966,玲珑轮胎,SH,汽车零部件,2026-08-09 05:15:07
601968,宝钢包装,SH,包装印刷,2026-08-09 05:15:07
601969,海南矿业,SH,油气开采Ⅱ,2026-08-09 05:15:07
601975,招商南油,SH,航运港口,2026-08-09 05:15:07
601985,中国核电,SH,电力,2026-08-09 05:15:07
601988,中国银行,SH,银行Ⅱ,2026-08-09 05:15:07
601989,中国重工,SH,-,2026-08-09 05:15:07
601990,南京证券,SH,证券Ⅱ,2026-08-09 05:15:07
601991,大唐发电,SH,电力,2026-08-09 05:15:07
601992,金隅集团,SH,水泥,2026-08-09 05:15:07
601995,中金公司,SH,证券Ⅱ,2026-08-09 05:15:07
601996,丰林集团,SH,家居用品,2026-08-09 05:15:07
601997,贵阳银行,SH,银行Ⅱ,2026-08-09 05:15:07
601998,中信银行,SH,银行Ⅱ,2026-08-09 05:15:07
601999,出版传媒,SH,出版,2026-08-09 05:15:07
603000,人民网,SH,数字媒体,2026-08-09 05:15:07
603001,奥康国际,SH,服装家纺,2026-08-09 05:15:07
603002,宏昌电子,SH,电子化学品Ⅱ,2026-08-09 05:15:07
603003,退市龙宇,SH,-,2026-08-09 05:15:07
603004,鼎龙科技,SH,化学制品,2026-08-09 05:15:07
603005,晶方科技,SH,半导体,2026-08-09 05:15:07
603006,联明股份,SH,汽车零部件,2026-08-09 05:15:07
603007,顺景科技,SH,汽车零部件,2026-08-09 05:15:07
603008,ST喜临门,SH,家居用品,2026-08-09 05:15:07
603009,北特科技,SH,汽车零部件,2026-08-09 05:15:07
603010,万盛股份,SH,化学制品,2026-08-09 05:15:07
603011,合锻智能,SH,专用设备,2026-08-09 05:15:07
603012,创力集团,SH,专用设备,2026-08-09 05:15:07
603013,亚普股份,SH,汽车零部件,2026-08-09 05:15:07
603014,威高血净,SH,医疗器械,2026-08-09 05:15:07
603015,弘讯科技,SH,自动化设备,2026-08-09 05:15:07
603016,新宏泰,SH,电网设备,2026-08-09 05:15:07
603017,中衡设计,SH,工程咨询服务Ⅱ,2026-08-09 05:15:07
603018,华设集团,SH,工程咨询服务Ⅱ,2026-08-09 05:15:07
603019,中科曙光,SH,计算机设备,2026-08-09 05:15:07
603020,爱普股份,SH,化学制品,2026-08-09 05:15:07
603021,*ST华鹏,SH,家居用品,2026-08-09 05:15:07
603022,新通联,SH,包装印刷,2026-08-09 05:15:07
603023,威帝股份,SH,汽车零部件,2026-08-09 05:15:07
603025,大豪科技,SH,自动化设备,2026-08-09 05:15:07
603026,石大胜华,SH,电池,2026-08-09 05:15:07
603027,千禾味业,SH,调味发酵品Ⅱ,2026-08-09 05:15:07
603028,赛福天,SH,通用设备,2026-08-09 05:15:07
603029,天鹅股份,SH,专用设备,2026-08-09 05:15:07
603030,全筑股份,SH,装修装饰Ⅱ,2026-08-09 05:15:07
603031,安孚科技,SH,电池,2026-08-09 05:15:07
603032,德新科技,SH,电池,2026-08-09 05:15:07
603033,三维股份,SH,橡胶,2026-08-09 05:15:07
603035,常熟汽饰,SH,汽车零部件,2026-08-09 05:15:07
603036,如通股份,SH,专用设备,2026-08-09 05:15:07
603037,凯众股份,SH,汽车零部件,2026-08-09 05:15:07
603038,华立股份,SH,装修建材,2026-08-09 05:15:07
603039,泛微网络,SH,软件开发,2026-08-09 05:15:07
603040,新坐标,SH,汽车零部件,2026-08-09 05:15:07
603041,美思德,SH,化学制品,2026-08-09 05:15:07
603042,华脉科技,SH,通信设备,2026-08-09 05:15:07
603043,广州酒家,SH,休闲食品,2026-08-09 05:15:07
603045,福达合金,SH,金属新材料,2026-08-09 05:15:07
603048,浙江黎明,SH,汽车零部件,2026-08-09 05:15:07
603049,中策橡胶,SH,汽车零部件,2026-08-09 05:15:07
603050,科林电气,SH,电网设备,2026-08-09 05:15:07
603051,鹿山新材,SH,化学制品,2026-08-09 05:15:07
603052,可川科技,SH,消费电子,2026-08-09 05:15:07
603053,成都燃气,SH,燃气Ⅱ,2026-08-09 05:15:07
603055,台华新材,SH,纺织制造,2026-08-09 05:15:07
603056,德邦股份,SH,-,2026-08-09 05:15:07
603057,紫燕食品,SH,休闲食品,2026-08-09 05:15:07
603058,永吉股份,SH,包装印刷,2026-08-09 05:15:07
603059,倍加洁,SH,个护用品,2026-08-09 05:15:07
603060,国检集团,SH,专业服务,2026-08-09 05:15:07
603061,金海通,SH,半导体,2026-08-09 05:15:07
603062,麦加芯彩,SH,化学制品,2026-08-09 05:15:07
603063,禾望电气,SH,风电设备,2026-08-09 05:15:07
603065,宿迁联盛,SH,化学制品,2026-08-09 05:15:07
603066,音飞储存,SH,物流,2026-08-09 05:15:07
603067,振华股份,SH,化学原料,2026-08-09 05:15:07
603068,博通集成,SH,半导体,2026-08-09 05:15:07
603069,海汽集团,SH,铁路公路,2026-08-09 05:15:07
603070,万控智造,SH,电网设备,2026-08-09 05:15:07
603071,物产环能,SH,贸易Ⅱ,2026-08-09 05:15:07
603072,天和磁材,SH,金属新材料,2026-08-09 05:15:07
603073,彩蝶实业,SH,化学纤维,2026-08-09 05:15:07
603075,热威股份,SH,家电零部件Ⅱ,2026-08-09 05:15:07
603076,乐惠国际,SH,专用设备,2026-08-09 05:15:07
603077,和邦生物,SH,农化制品,2026-08-09 05:15:07
603078,江化微,SH,电子化学品Ⅱ,2026-08-09 05:15:07
603079,圣达生物,SH,化学制品,2026-08-09 05:15:07
603080,新疆火炬,SH,燃气Ⅱ,2026-08-09 05:15:07
603081,大丰实业,SH,专用设备,2026-08-09 05:15:07
603082,北自科技,SH,自动化设备,2026-08-09 05:15:07
603083,剑桥科技,SH,通信设备,2026-08-09 05:15:07
603085,天成自控,SH,汽车零部件,2026-08-09 05:15:07
603086,先达股份,SH,农化制品,2026-08-09 05:15:07
603087,甘李药业,SH,生物制品,2026-08-09 05:15:07
603088,宁波精达,SH,通用设备,2026-08-09 05:15:07
603089,正裕工业,SH,汽车零部件,2026-08-09 05:15:07
603090,宏盛股份,SH,通用设备,2026-08-09 05:15:07
603091,众鑫股份,SH,包装印刷,2026-08-09 05:15:07
603092,德力佳,SH,风电设备,2026-08-09 05:15:07
603093,南华期货,SH,多元金融,2026-08-09 05:15:07
603095,越剑智能,SH,专用设备,2026-08-09 05:15:07
603096,新经典,SH,出版,2026-08-09 05:15:07
603097,江苏华辰,SH,电网设备,2026-08-09 05:15:07
603098,森特股份,SH,专业工程,2026-08-09 05:15:07
603099,长白山,SH,旅游及景区,2026-08-09 05:15:07
603100,川仪股份,SH,通用设备,2026-08-09 05:15:07
603101,汇嘉时代,SH,一般零售,2026-08-09 05:15:07
603102,百合股份,SH,食品加工,2026-08-09 05:15:07
603103,横店影视,SH,影视院线,2026-08-09 05:15:07
603105,芯能科技,SH,电力,2026-08-09 05:15:07
603106,恒银科技,SH,计算机设备,2026-08-09 05:15:07
603107,上海汽配,SH,汽车零部件,2026-08-09 05:15:07
603108,润达医疗,SH,医疗服务,2026-08-09 05:15:07
603109,神驰机电,SH,通用设备,2026-08-09 05:15:07
603110,东方材料,SH,化学制品,2026-08-09 05:15:07
603111,康尼机电,SH,轨交设备Ⅱ,2026-08-09 05:15:07
603112,华翔股份,SH,家电零部件Ⅱ,2026-08-09 05:15:07
603113,金能科技,SH,化学原料,2026-08-09 05:15:07
603115,海星股份,SH,元件,2026-08-09 05:15:07
603116,红蜻蜓,SH,服装家纺,2026-08-09 05:15:07
603117,万林物流,SH,物流,2026-08-09 05:15:07
603118,共进股份,SH,通信设备,2026-08-09 05:15:07
603119,浙江荣泰,SH,汽车零部件,2026-08-09 05:15:07
603120,肯特催化,SH,化学制品,2026-08-09 05:15:07
603121,华培动力,SH,汽车零部件,2026-08-09 05:15:07
603122,合富中国,SH,医疗服务,2026-08-09 05:15:07
603123,翠微股份,SH,多元金融,2026-08-09 05:15:07
603124,江南新材,SH,金属新材料,2026-08-09 05:15:07
603125,常青科技,SH,化学制品,2026-08-09 05:15:07
603126,中材节能,SH,环保设备Ⅱ,2026-08-09 05:15:07
603127,昭衍新药,SH,医疗服务,2026-08-09 05:15:07
603128,华贸物流,SH,物流,2026-08-09 05:15:07
603129,春风动力,SH,摩托车及其他,2026-08-09 05:15:07
603130,云中马,SH,纺织制造,2026-08-09 05:15:07
603131,上海沪工,SH,通用设备,2026-08-09 05:15:07
603132,金徽股份,SH,工业金属,2026-08-09 05:15:07
603133,退市碳元,SH,-,2026-08-09 05:15:07
603135,中重科技,SH,专用设备,2026-08-09 05:15:07
603136,天目湖,SH,旅游及景区,2026-08-09 05:15:07
603137,恒尚节能,SH,装修装饰Ⅱ,2026-08-09 05:15:07
603138,海量数据,SH,IT服务Ⅱ,2026-08-09 05:15:07
603139,康惠股份,SH,中药Ⅱ,2026-08-09 05:15:07
603150,万朗磁塑,SH,塑料,2026-08-09 05:15:07
603151,邦基科技,SH,饲料,2026-08-09 05:15:07
603153,上海建科,SH,工程咨询服务Ⅱ,2026-08-09 05:15:07
603155,新亚强,SH,化学制品,2026-08-09 05:15:07
603156,养元饮品,SH,饮料乳品,2026-08-09 05:15:07
603157,退市拉夏,SH,-,2026-08-09 05:15:07
603158,腾龙股份,SH,汽车零部件,2026-08-09 05:15:07
603159,上海亚虹,SH,专用设备,2026-08-09 05:15:07
603160,汇顶科技,SH,半导体,2026-08-09 05:15:07
603161,科华控股,SH,汽车零部件,2026-08-09 05:15:07
603162,海通发展,SH,航运港口,2026-08-09 05:15:07
603163,圣晖集成,SH,专业工程,2026-08-09 05:15:07
603165,荣晟环保,SH,造纸,2026-08-09 05:15:07
603166,福达股份,SH,汽车零部件,2026-08-09 05:15:07
603167,渤海轮渡,SH,航运港口,2026-08-09 05:15:07
603168,莎普爱思,SH,化学制药,2026-08-09 05:15:07
603169,兰石重装,SH,专用设备,2026-08-09 05:15:07
603170,宝立食品,SH,调味发酵品Ⅱ,2026-08-09 05:15:07
603171,税友股份,SH,IT服务Ⅱ,2026-08-09 05:15:07
603172,万丰股份,SH,化学制品,2026-08-09 05:15:07
603173,福斯达,SH,专用设备,2026-08-09 05:15:07
603175,超颖电子,SH,元件,2026-08-09 05:15:07
603176,汇通集团,SH,基础建设,2026-08-09 05:15:07
603177,德创环保,SH,环境治理,2026-08-09 05:15:07
603178,圣龙股份,SH,汽车零部件,2026-08-09 05:15:07
603179,新泉股份,SH,汽车零部件,2026-08-09 05:15:07
603180,金牌家居,SH,家居用品,2026-08-09 05:15:07
603181,皇马科技,SH,化学制品,2026-08-09 05:15:07
603182,嘉华股份,SH,农产品加工,2026-08-09 05:15:07
603183,建研院,SH,专业服务,2026-08-09 05:15:07
603185,弘元绿能,SH,光伏设备,2026-08-09 05:15:07
603186,华正新材,SH,元件,2026-08-09 05:15:07
603187,海容冷链,SH,通用设备,2026-08-09 05:15:07
603188,亚邦股份,SH,化学制品,2026-08-09 05:15:07
603189,*ST网达,SH,软件开发,2026-08-09 05:15:07
603190,亚通精工,SH,汽车零部件,2026-08-09 05:15:07
603191,望变电气,SH,电网设备,2026-08-09 05:15:07
603192,汇得科技,SH,化学制品,2026-08-09 05:15:07
603193,润本股份,SH,个护用品,2026-08-09 05:15:07
603194,中力股份,SH,工程机械,2026-08-09 05:15:07
603195,公牛集团,SH,家居用品,2026-08-09 05:15:07
603196,璞源材料,SH,服装家纺,2026-08-09 05:15:07
603197,保隆科技,SH,汽车零部件,2026-08-09 05:15:07
603198,迎驾贡酒,SH,白酒Ⅱ,2026-08-09 05:15:07
603199,九华旅游,SH,旅游及景区,2026-08-09 05:15:07
603200,上海洗霸,SH,环境治理,2026-08-09 05:15:07
603201,常润股份,SH,汽车零部件,2026-08-09 05:15:07
603202,天有为,SH,汽车零部件,2026-08-09 05:15:07
603203,快克智能,SH,自动化设备,2026-08-09 05:15:07
603205,健尔康,SH,医疗器械,2026-08-09 05:15:07
603206,嘉环科技,SH,通信服务,2026-08-09 05:15:07
603207,小方制药,SH,化学制药,2026-08-09 05:15:07
603208,江山欧派,SH,家居用品,2026-08-09 05:15:07
603209,兴通股份,SH,航运港口,2026-08-09 05:15:07
603210,泰鸿万立,SH,汽车零部件,2026-08-09 05:15:07
603211,晋拓股份,SH,汽车零部件,2026-08-09 05:15:07
603212,赛伍技术,SH,光伏设备,2026-08-09 05:15:07
603213,镇洋发展,SH,化学原料,2026-08-09 05:15:07
603214,爱婴室,SH,专业连锁Ⅱ,2026-08-09 05:15:07
603215,比依股份,SH,小家电,2026-08-09 05:15:07
603216,梦天家居,SH,家居用品,2026-08-09 05:15:07
603217,元利科技,SH,化学制品,2026-08-09 05:15:07
603218,日月股份,SH,风电设备,2026-08-09 05:15:07
603219,富佳股份,SH,小家电,2026-08-09 05:15:07
603220,中贝通信,SH,通信服务,2026-08-09 05:15:07
603221,爱丽家居,SH,家居用品,2026-08-09 05:15:07
603222,济民健康,SH,医疗器械,2026-08-09 05:15:07
603223,恒通股份,SH,炼化及贸易,2026-08-09 05:15:07
603225,新凤鸣,SH,化学纤维,2026-08-09 05:15:07
603226,菲林格尔,SH,家居用品,2026-08-09 05:15:07
603227,雪峰科技,SH,化学制品,2026-08-09 05:15:07
603228,景旺电子,SH,元件,2026-08-09 05:15:07
603229,奥翔药业,SH,化学制药,2026-08-09 05:15:07
603230,内蒙新华,SH,出版,2026-08-09 05:15:07
603231,索宝蛋白,SH,农产品加工,2026-08-09 05:15:07
603232,格尔软件,SH,软件开发,2026-08-09 05:15:07
603233,大参林,SH,医药商业,2026-08-09 05:15:07
603235,天新药业,SH,化学制品,2026-08-09 05:15:07
603236,移远通信,SH,通信设备,2026-08-09 05:15:07
603237,五芳斋,SH,食品加工,2026-08-09 05:15:07
603238,诺邦股份,SH,个护用品,2026-08-09 05:15:07
603239,浙江仙通,SH,汽车零部件,2026-08-09 05:15:07
603248,锡华科技,SH,风电设备,2026-08-09 05:15:07
603255,鼎际得,SH,化学制品,2026-08-09 05:15:07
603256,宏和科技,SH,玻璃玻纤,2026-08-09 05:15:07
603257,中国瑞林,SH,工程咨询服务Ⅱ,2026-08-09 05:15:07
603258,电魂网络,SH,游戏Ⅱ,2026-08-09 05:15:07
603259,药明康德,SH,医疗服务,2026-08-09 05:15:07
603260,合盛硅业,SH,化学制品,2026-08-09 05:15:07
603261,立航科技,SH,航空装备Ⅱ,2026-08-09 05:15:07
603262,技源集团,SH,食品加工,2026-08-09 05:15:07
603266,天龙股份,SH,汽车零部件,2026-08-09 05:15:07
603267,鸿远电子,SH,军工电子Ⅱ,2026-08-09 05:15:07
603268,松发股份,SH,航海装备Ⅱ,2026-08-09 05:15:07
603269,海鸥股份,SH,通用设备,2026-08-09 05:15:07
603270,金帝股份,SH,通用设备,2026-08-09 05:15:07
603271,永杰新材,SH,工业金属,2026-08-09 05:15:07
603272,*ST联翔,SH,家居用品,2026-08-09 05:15:07
603273,天元智能,SH,工程机械,2026-08-09 05:15:07
603275,众辰科技,SH,自动化设备,2026-08-09 05:15:07
603276,恒兴新材,SH,化学制品,2026-08-09 05:15:07
603277,银都股份,SH,通用设备,2026-08-09 05:15:07
603278,大业股份,SH,通用设备,2026-08-09 05:15:07
603279,景津装备,SH,通用设备,2026-08-09 05:15:07
603280,南方路机,SH,工程机械,2026-08-09 05:15:07
603281,江瀚新材,SH,化学制品,2026-08-09 05:15:07
603282,亚光股份,SH,环保设备Ⅱ,2026-08-09 05:15:07
603283,赛腾股份,SH,自动化设备,2026-08-09 05:15:07
603284,林平发展,SH,造纸,2026-08-09 05:15:07
603285,键邦股份,SH,化学制品,2026-08-09 05:15:07
603286,日盈电子,SH,汽车零部件,2026-08-09 05:15:07
603288,海天味业,SH,调味发酵品Ⅱ,2026-08-09 05:15:07
603289,泰瑞机器,SH,专用设备,2026-08-09 05:15:07
603290,斯达半导,SH,半导体,2026-08-09 05:15:07
603291,联合水务,SH,环境治理,2026-08-09 05:15:07
603293,埃泰克,SH,汽车零部件,2026-08-09 05:15:07
603296,华勤技术,SH,消费电子,2026-08-09 05:15:07
603297,永新光学,SH,光学光电子,2026-08-09 05:15:07
603298,杭叉集团,SH,工程机械,2026-08-09 05:15:07
603299,苏盐井神,SH,化学原料,2026-08-09 05:15:07
603300,海南华铁,SH,多元金融,2026-08-09 05:15:07
603301,振德医疗,SH,医疗器械,2026-08-09 05:15:07
603303,得邦照明,SH,照明设备Ⅱ,2026-08-09 05:15:07
603305,旭升集团,SH,汽车零部件,2026-08-09 05:15:07
603306,华懋科技,SH,汽车零部件,2026-08-09 05:15:07
603307,扬州金泉,SH,服装家纺,2026-08-09 05:15:07
603308,应流股份,SH,通用设备,2026-08-09 05:15:07
603309,维力医疗,SH,医疗器械,2026-08-09 05:15:07
603310,巍华新材,SH,化学制品,2026-08-09 05:15:07
603311,金海高科,SH,家电零部件Ⅱ,2026-08-09 05:15:07
603312,西典新能,SH,电网设备,2026-08-09 05:15:07
603313,梦百合,SH,家居用品,2026-08-09 05:15:07
603315,福鞍股份,SH,环境治理,2026-08-09 05:15:07
603316,诚邦股份,SH,半导体,2026-08-09 05:15:07
603317,天味食品,SH,调味发酵品Ⅱ,2026-08-09 05:15:07
603318,水发燃气,SH,燃气Ⅱ,2026-08-09 05:15:07
603319,美湖股份,SH,汽车零部件,2026-08-09 05:15:07
603320,迪贝电气,SH,电机Ⅱ,2026-08-09 05:15:07
603321,梅轮电梯,SH,专用设备,2026-08-09 05:15:07
603322,超讯科技,SH,通信服务,2026-08-09 05:15:07
603323,苏农银行,SH,银行Ⅱ,2026-08-09 05:15:07
603324,盛剑科技,SH,环保设备Ⅱ,2026-08-09 05:15:07
603325,博隆技术,SH,专用设备,2026-08-09 05:15:07
603326,我乐家居,SH,家居用品,2026-08-09 05:15:07
603327,福蓉科技,SH,消费电子,2026-08-09 05:15:07
603328,依顿电子,SH,元件,2026-08-09 05:15:07
603329,上海雅仕,SH,物流,2026-08-09 05:15:07
603330,天洋新材,SH,塑料,2026-08-09 05:15:07
603331,百达精工,SH,通用设备,2026-08-09 05:15:07
603332,苏州龙杰,SH,化学纤维,2026-08-09 05:15:07
603333,福华尚纬,SH,电网设备,2026-08-09 05:15:07
603334,丰倍生物,SH,化学制品,2026-08-09 05:15:07
603335,迪生力,SH,汽车零部件,2026-08-09 05:15:07
603336,宏辉果蔬,SH,种植业,2026-08-09 05:15:07
603337,杰克科技,SH,专用设备,2026-08-09 05:15:07
603338,浙江鼎力,SH,工程机械,2026-08-09 05:15:07
603339,四方科技,SH,通用设备,2026-08-09 05:15:07
603341,龙旗科技,SH,消费电子,2026-08-09 05:15:07
603344,星德胜,SH,电机Ⅱ,2026-08-09 05:15:07
603345,安井食品,SH,食品加工,2026-08-09 05:15:07
603348,文灿股份,SH,汽车零部件,2026-08-09 05:15:07
603350,安乃达,SH,电机Ⅱ,2026-08-09 05:15:07
603351,威尔药业,SH,化学制药,2026-08-09 05:15:07
603352,至信股份,SH,汽车零部件,2026-08-09 05:15:07
603353,和顺石油,SH,炼化及贸易,2026-08-09 05:15:07
603355,莱克电气,SH,小家电,2026-08-09 05:15:07
603356,华菱精工,SH,专用设备,2026-08-09 05:15:07
603357,设计总院,SH,工程咨询服务Ⅱ,2026-08-09 05:15:07
603358,华达科技,SH,汽车零部件,2026-08-09 05:15:07
603359,*ST东珠,SH,基础建设,2026-08-09 05:15:07
603360,百傲化学,SH,农化制品,2026-08-09 05:15:07
603363,傲农生物,SH,饲料,2026-08-09 05:15:07
603365,水星家纺,SH,服装家纺,2026-08-09 05:15:07
603366,日出东方,SH,厨卫电器,2026-08-09 05:15:07
603367,辰欣药业,SH,化学制药,2026-08-09 05:15:07
603368,柳药集团,SH,医药商业,2026-08-09 05:15:07
603369,今世缘,SH,白酒Ⅱ,2026-08-09 05:15:07
603370,华新精科,SH,电机Ⅱ,2026-08-09 05:15:07
603373,安邦护卫,SH,专业服务,2026-08-09 05:15:07
603375,盛景微,SH,半导体,2026-08-09 05:15:07
603376,大明电子,SH,汽车零部件,2026-08-09 05:15:07
603377,ST东时,SH,教育,2026-08-09 05:15:07
603378,*ST亚士,SH,装修建材,2026-08-09 05:15:07
603379,三美股份,SH,化学制品,2026-08-09 05:15:07
603380,易德龙,SH,消费电子,2026-08-09 05:15:07
603381,永臻股份,SH,光伏设备,2026-08-09 05:15:07
603382,海阳科技,SH,化学纤维,2026-08-09 05:15:07
603383,顶点软件,SH,软件开发,2026-08-09 05:15:07
603385,惠达卫浴,SH,家居用品,2026-08-09 05:15:07
603386,骏亚科技,SH,元件,2026-08-09 05:15:07
603387,基蛋生物,SH,医疗器械,2026-08-09 05:15:07
603388,*ST元成,SH,-,2026-08-09 05:15:07
603389,亚振家居,SH,家居用品,2026-08-09 05:15:07
603390,通达电气,SH,汽车零部件,2026-08-09 05:15:07
603391,力聚热能,SH,专用设备,2026-08-09 05:15:07
603392,万泰生物,SH,医疗器械,2026-08-09 05:15:07
603393,新天然气,SH,燃气Ⅱ,2026-08-09 05:15:07
603395,红四方,SH,农化制品,2026-08-09 05:15:07
603396,金辰股份,SH,光伏设备,2026-08-09 05:15:07
603398,*ST沐邦,SH,光伏设备,2026-08-09 05:15:07
603399,永杉锂业,SH,能源金属,2026-08-09 05:15:07
603400,华之杰,SH,通用设备,2026-08-09 05:15:07
603402,陕西旅游,SH,旅游及景区,2026-08-09 05:15:07
603406,天富龙,SH,化学纤维,2026-08-09 05:15:07
603407,长裕集团,SH,化学原料,2026-08-09 05:15:07
603408,建霖家居,SH,家居用品,2026-08-09 05:15:07
603409,汇通控股,SH,汽车零部件,2026-08-09 05:15:07
603416,信捷电气,SH,自动化设备,2026-08-09 05:15:07
603418,友升股份,SH,汽车零部件,2026-08-09 05:15:07
603421,鼎信通讯,SH,通信设备,2026-08-09 05:15:07
603429,*ST集友,SH,包装印刷,2026-08-09 05:15:07
603435,嘉德利,SH,电子化学品Ⅱ,2026-08-09 05:15:07
603439,三力制药,SH,中药Ⅱ,2026-08-09 05:15:07
603444,吉比特,SH,游戏Ⅱ,2026-08-09 05:15:07
603456,九洲药业,SH,医疗服务,2026-08-09 05:15:07
603458,勘设股份,SH,工程咨询服务Ⅱ,2026-08-09 05:15:07
603459,红板科技,SH,元件,2026-08-09 05:15:07
603466,风语筑,SH,数字媒体,2026-08-09 05:15:07
603468,C津富,SH,摩托车及其他,2026-08-09 05:15:07
603477,巨星农牧,SH,养殖业,2026-08-09 05:15:07
603486,科沃斯,SH,小家电,2026-08-09 05:15:07
603488,展鹏科技,SH,专用设备,2026-08-09 05:15:07
603489,八方股份,SH,电机Ⅱ,2026-08-09 05:15:07
603496,恒为科技,SH,计算机设备,2026-08-09 05:15:07
603499,翔港科技,SH,包装印刷,2026-08-09 05:15:07
603500,祥和实业,SH,轨交设备Ⅱ,2026-08-09 05:15:07
603501,豪威集团,SH,半导体,2026-08-09 05:15:07
603505,金石资源,SH,化学制品,2026-08-09 05:15:07
603506,南都物业,SH,房地产服务,2026-08-09 05:15:07
603507,振江股份,SH,风电设备,2026-08-09 05:15:07
603508,思维列控,SH,计算机设备,2026-08-09 05:15:07
603511,爱慕股份,SH,服装家纺,2026-08-09 05:15:07
603515,欧普照明,SH,照明设备Ⅱ,2026-08-09 05:15:07
603516,淳中科技,SH,计算机设备,2026-08-09 05:15:07
603517,ST绝味,SH,休闲食品,2026-08-09 05:15:07
603518,锦泓集团,SH,服装家纺,2026-08-09 05:15:07
603519,立霸股份,SH,家电零部件Ⅱ,2026-08-09 05:15:07
603520,司太立,SH,化学制药,2026-08-09 05:15:07
603527,众源新材,SH,工业金属,2026-08-09 05:15:07
603528,多伦科技,SH,软件开发,2026-08-09 05:15:07
603529,爱玛科技,SH,摩托车及其他,2026-08-09 05:15:07
603530,神马电力,SH,电网设备,2026-08-09 05:15:07
603533,掌阅科技,SH,数字媒体,2026-08-09 05:15:07
603535,嘉诚国际,SH,物流,2026-08-09 05:15:07
603536,惠发食品,SH,食品加工,2026-08-09 05:15:07
603538,美诺华,SH,化学制药,2026-08-09 05:15:07
603551,奥普科技,SH,厨卫电器,2026-08-09 05:15:07
603555,ST贵人,SH,-,2026-08-09 05:15:07
603556,海兴电力,SH,电网设备,2026-08-09 05:15:07
603557,*ST起步,SH,服装家纺,2026-08-09 05:15:07
603558,健盛集团,SH,纺织制造,2026-08-09 05:15:07
603559,中通国脉,SH,通信服务,2026-08-09 05:15:07
603565,中谷物流,SH,航运港口,2026-08-09 05:15:07
603566,普莱柯,SH,动物保健Ⅱ,2026-08-09 05:15:07
603567,珍宝岛,SH,中药Ⅱ,2026-08-09 05:15:07
603568,伟明环保,SH,环境治理,2026-08-09 05:15:07
603569,长久物流,SH,物流,2026-08-09 05:15:07
603577,汇金通,SH,电网设备,2026-08-09 05:15:07
603578,三星新材,SH,家电零部件Ⅱ,2026-08-09 05:15:07
603579,荣泰健康,SH,其他家电Ⅱ,2026-08-09 05:15:07
603580,艾艾精工,SH,塑料,2026-08-09 05:15:07
603583,捷昌驱动,SH,自动化设备,2026-08-09 05:15:07
603585,苏利股份,SH,农化制品,2026-08-09 05:15:07
603586,金麒麟,SH,汽车零部件,2026-08-09 05:15:07
603587,地素时尚,SH,服装家纺,2026-08-09 05:15:07
603588,高能环境,SH,环境治理,2026-08-09 05:15:07
603589,口子窖,SH,白酒Ⅱ,2026-08-09 05:15:07
603590,康辰药业,SH,生物制品,2026-08-09 05:15:07
603595,ST东尼,SH,消费电子,2026-08-09 05:15:07
603596,伯特利,SH,汽车零部件,2026-08-09 05:15:07
603598,引力传媒,SH,广告营销,2026-08-09 05:15:07
603599,广信股份,SH,农化制品,2026-08-09 05:15:07
603600,永艺股份,SH,家居用品,2026-08-09 05:15:07
603601,再升科技,SH,专业工程,2026-08-09 05:15:07
603602,纵横通信,SH,广告营销,2026-08-09 05:15:07
603603,退市博天,SH,-,2026-08-09 05:15:07
603605,珀莱雅,SH,化妆品,2026-08-09 05:15:07
603606,东方电缆,SH,电网设备,2026-08-09 05:15:07
603607,京华激光,SH,包装印刷,2026-08-09 05:15:07
603608,天创时尚,SH,服装家纺,2026-08-09 05:15:07
603609,禾丰股份,SH,饲料,2026-08-09 05:15:07
603610,麒盛科技,SH,家居用品,2026-08-09 05:15:07
603611,诺力股份,SH,工程机械,2026-08-09 05:15:07
603612,索通发展,SH,非金属材料Ⅱ,2026-08-09 05:15:07
603613,国联股份,SH,互联网电商,2026-08-09 05:15:07
603615,茶花股份,SH,家居用品,2026-08-09 05:15:07
603616,韩建河山,SH,水泥,2026-08-09 05:15:07
603617,君禾股份,SH,通用设备,2026-08-09 05:15:07
603618,杭电股份,SH,电网设备,2026-08-09 05:15:07
603619,中曼石油,SH,油服工程,2026-08-09 05:15:07
603626,科森科技,SH,消费电子,2026-08-09 05:15:07
603628,清源股份,SH,光伏设备,2026-08-09 05:15:07
603629,利通电子,SH,消费电子,2026-08-09 05:15:07
603630,拉芳家化,SH,化妆品,2026-08-09 05:15:07
603633,徕木股份,SH,消费电子,2026-08-09 05:15:07
603636,南威软件,SH,IT服务Ⅱ,2026-08-09 05:15:07
603637,镇海股份,SH,专业工程,2026-08-09 05:15:07
603638,艾迪精密,SH,工程机械,2026-08-09 05:15:07
603639,海利尔,SH,农化制品,2026-08-09 05:15:07
603648,畅联股份,SH,物流,2026-08-09 05:15:07
603650,彤程新材,SH,橡胶,2026-08-09 05:15:07
603655,朗博科技,SH,汽车零部件,2026-08-09 05:15:07
603656,泰禾智能,SH,专用设备,2026-08-09 05:15:07
603657,春光科技,SH,家电零部件Ⅱ,2026-08-09 05:15:07
603658,安图生物,SH,医疗器械,2026-08-09 05:15:07
603659,璞泰来,SH,电池,2026-08-09 05:15:07
603660,苏州科达,SH,计算机设备,2026-08-09 05:15:07
603661,恒林股份,SH,家居用品,2026-08-09 05:15:07
603662,柯力传感,SH,通用设备,2026-08-09 05:15:07
603663,三祥新材,SH,化学原料,2026-08-09 05:15:07
603665,康隆达,SH,服装家纺,2026-08-09 05:15:07
603666,亿嘉和,SH,自动化设备,2026-08-09 05:15:07
603667,五洲新春,SH,通用设备,2026-08-09 05:15:07
603668,天马科技,SH,饲料,2026-08-09 05:15:07
603669,灵康药业,SH,化学制药,2026-08-09 05:15:07
603676,卫信康,SH,化学制药,2026-08-09 05:15:07
603677,奇精机械,SH,家电零部件Ⅱ,2026-08-09 05:15:07
603678,火炬电子,SH,军工电子Ⅱ,2026-08-09 05:15:07
603679,华体科技,SH,光学光电子,2026-08-09 05:15:07
603680,今创集团,SH,轨交设备Ⅱ,2026-08-09 05:15:07
603681,永冠新材,SH,化学制品,2026-08-09 05:15:07
603682,锦和商管,SH,一般零售,2026-08-09 05:15:07
603683,晶华新材,SH,化学制品,2026-08-09 05:15:07
603685,晨丰科技,SH,光学光电子,2026-08-09 05:15:07
603686,福龙马,SH,环境治理,2026-08-09 05:15:07
603687,大胜达,SH,包装印刷,2026-08-09 05:15:07
603688,石英股份,SH,非金属材料Ⅱ,2026-08-09 05:15:07
603689,皖天然气,SH,燃气Ⅱ,2026-08-09 05:15:07
603690,至纯科技,SH,半导体,2026-08-09 05:15:07
603693,江苏新能,SH,电力,2026-08-09 05:15:07
603696,安记食品,SH,调味发酵品Ⅱ,2026-08-09 05:15:07
603697,有友食品,SH,休闲食品,2026-08-09 05:15:07
603698,航天工程,SH,专用设备,2026-08-09 05:15:07
603699,纽威股份,SH,通用设备,2026-08-09 05:15:07
603700,宁水集团,SH,通用设备,2026-08-09 05:15:07
603701,德宏股份,SH,汽车零部件,2026-08-09 05:15:07
603703,盛洋科技,SH,光学光电子,2026-08-09 05:15:07
603706,东方环宇,SH,燃气Ⅱ,2026-08-09 05:15:07
603707,健友股份,SH,化学制药,2026-08-09 05:15:07
603708,家家悦,SH,一般零售,2026-08-09 05:15:07
603709,中源家居,SH,家居用品,2026-08-09 05:15:07
603711,香飘飘,SH,饮料乳品,2026-08-09 05:15:07
603712,七一二,SH,军工电子Ⅱ,2026-08-09 05:15:07
603713,密尔克卫,SH,物流,2026-08-09 05:15:07
603716,塞力医疗,SH,医药商业,2026-08-09 05:15:07
603717,天域生物,SH,基础建设,2026-08-09 05:15:07
603718,*ST海利,SH,医疗器械,2026-08-09 05:15:07
603719,良品铺子,SH,休闲食品,2026-08-09 05:15:07
603721,中广天择,SH,影视院线,2026-08-09 05:15:07
603722,阿科力,SH,化学制品,2026-08-09 05:15:07
603725,天安新材,SH,家居用品,2026-08-09 05:15:07
603726,朗迪集团,SH,家电零部件Ⅱ,2026-08-09 05:15:07
603727,博迈科,SH,油服工程,2026-08-09 05:15:07
603728,鸣志电器,SH,电机Ⅱ,2026-08-09 05:15:07
603729,ST龙韵,SH,广告营销,2026-08-09 05:15:07
603730,岱美股份,SH,汽车零部件,2026-08-09 05:15:07
603733,仙鹤股份,SH,造纸,2026-08-09 05:15:07
603737,三棵树,SH,装修建材,2026-08-09 05:15:07
603738,泰晶科技,SH,元件,2026-08-09 05:15:07
603739,蔚蓝生物,SH,化学制品,2026-08-09 05:15:07
603755,日辰股份,SH,调味发酵品Ⅱ,2026-08-09 05:15:07
603757,大元泵业,SH,通用设备,2026-08-09 05:15:07
603758,秦安股份,SH,汽车零部件,2026-08-09 05:15:07
603759,海天股份,SH,环境治理,2026-08-09 05:15:07
603766,隆鑫通用,SH,摩托车及其他,2026-08-09 05:15:07
603767,中马传动,SH,汽车零部件,2026-08-09 05:15:07
603768,常青股份,SH,汽车零部件,2026-08-09 05:15:07
603773,沃格光电,SH,光学光电子,2026-08-09 05:15:07
603776,永安行,SH,摩托车及其他,2026-08-09 05:15:07
603777,来伊份,SH,休闲食品,2026-08-09 05:15:07
603778,国晟科技,SH,光伏设备,2026-08-09 05:15:07
603779,威龙股份,SH,非白酒,2026-08-09 05:15:07
603786,科博达,SH,汽车零部件,2026-08-09 05:15:07
603787,新日股份,SH,摩托车及其他,2026-08-09 05:15:07
603788,宁波高发,SH,汽车零部件,2026-08-09 05:15:07
603789,ST星农,SH,专用设备,2026-08-09 05:15:07
603790,雅运股份,SH,化学制品,2026-08-09 05:15:07
603797,联泰环保,SH,环境治理,2026-08-09 05:15:07
603798,康普顿,SH,炼化及贸易,2026-08-09 05:15:07
603799,华友钴业,SH,能源金属,2026-08-09 05:15:07
603800,洪田股份,SH,专用设备,2026-08-09 05:15:07
603801,志邦家居,SH,家居用品,2026-08-09 05:15:07
603803,瑞斯康达,SH,通信设备,2026-08-09 05:15:07
603806,福斯特,SH,光伏设备,2026-08-09 05:15:07
603808,歌力思,SH,服装家纺,2026-08-09 05:15:07
603809,豪能股份,SH,汽车零部件,2026-08-09 05:15:07
603810,丰山集团,SH,农化制品,2026-08-09 05:15:07
603811,诚意药业,SH,化学制药,2026-08-09 05:15:07
603813,原尚股份,SH,物流,2026-08-09 05:15:07
603815,交建股份,SH,基础建设,2026-08-09 05:15:07
603816,顾家家居,SH,家居用品,2026-08-09 05:15:07
603817,海峡环保,SH,环境治理,2026-08-09 05:15:07
603818,曲美家居,SH,家居用品,2026-08-09 05:15:07
603819,神力股份,SH,电机Ⅱ,2026-08-09 05:15:07
603822,ST嘉澳,SH,化学制品,2026-08-09 05:15:07
603823,百合花,SH,化学制品,2026-08-09 05:15:07
603825,ST华扬,SH,广告营销,2026-08-09 05:15:07
603826,坤彩科技,SH,非金属材料Ⅱ,2026-08-09 05:15:07
603828,*ST利达,SH,装修装饰Ⅱ,2026-08-09 05:15:07
603829,洛凯股份,SH,电网设备,2026-08-09 05:15:07
603833,欧派家居,SH,家居用品,2026-08-09 05:15:07
603836,海程邦达,SH,物流,2026-08-09 05:15:07
603838,*ST四通,SH,家居用品,2026-08-09 05:15:07
603839,安正时尚,SH,服装家纺,2026-08-09 05:15:07
603843,*ST正平,SH,基础建设,2026-08-09 05:15:07
603848,好太太,SH,家居用品,2026-08-09 05:15:07
603855,华荣股份,SH,专用设备,2026-08-09 05:15:07
603856,东宏股份,SH,装修建材,2026-08-09 05:15:07
603858,步长制药,SH,中药Ⅱ,2026-08-09 05:15:07
603859,能科科技,SH,IT服务Ⅱ,2026-08-09 05:15:07
603860,中公高科,SH,工程咨询服务Ⅱ,2026-08-09 05:15:07
603861,白云电器,SH,电网设备,2026-08-09 05:15:07
603863,松炀资源,SH,造纸,2026-08-09 05:15:07
603866,桃李面包,SH,休闲食品,2026-08-09 05:15:07
603867,新化股份,SH,化学制品,2026-08-09 05:15:07
603868,飞科电器,SH,小家电,2026-08-09 05:15:07
603869,ST智知,SH,IT服务Ⅱ,2026-08-09 05:15:07
603871,嘉友国际,SH,物流,2026-08-09 05:15:07
603876,鼎胜新材,SH,工业金属,2026-08-09 05:15:07
603877,太平鸟,SH,服装家纺,2026-08-09 05:15:07
603878,武进不锈,SH,普钢,2026-08-09 05:15:07
603879,永悦科技,SH,塑料,2026-08-09 05:15:07
603880,南卫股份,SH,医疗器械,2026-08-09 05:15:07
603881,数据港,SH,通信服务,2026-08-09 05:15:07
603882,金域医学,SH,医疗服务,2026-08-09 05:15:07
603883,老百姓,SH,医药商业,2026-08-09 05:15:07
603885,吉祥航空,SH,航空机场,2026-08-09 05:15:07
603886,元祖股份,SH,休闲食品,2026-08-09 05:15:07
603887,城地香江,SH,IT服务Ⅱ,2026-08-09 05:15:07
603888,新华网,SH,数字媒体,2026-08-09 05:15:07
603889,新澳股份,SH,纺织制造,2026-08-09 05:15:07
603890,春秋电子,SH,消费电子,2026-08-09 05:15:07
603893,瑞芯微,SH,半导体,2026-08-09 05:15:07
603895,天永智能,SH,专用设备,2026-08-09 05:15:07
603896,寿仙谷,SH,中药Ⅱ,2026-08-09 05:15:07
603897,长城科技,SH,电网设备,2026-08-09 05:15:07
603898,好莱客,SH,家居用品,2026-08-09 05:15:07
603899,晨光股份,SH,文娱用品,2026-08-09 05:15:07
603900,莱绅通灵,SH,饰品,2026-08-09 05:15:07
603901,永创智能,SH,专用设备,2026-08-09 05:15:07
603903,中持股份,SH,环境治理,2026-08-09 05:15:07
603906,龙蟠科技,SH,电池,2026-08-09 05:15:07
603908,牧高笛,SH,服装家纺,2026-08-09 05:15:07
603909,建发合诚,SH,工程咨询服务Ⅱ,2026-08-09 05:15:07
603912,佳力图,SH,通用设备,2026-08-09 05:15:07
603915,国茂股份,SH,通用设备,2026-08-09 05:15:07
603916,苏博特,SH,水泥,2026-08-09 05:15:07
603917,合力科技,SH,汽车零部件,2026-08-09 05:15:07
603918,金桥信息,SH,IT服务Ⅱ,2026-08-09 05:15:07
603919,金徽酒,SH,白酒Ⅱ,2026-08-09 05:15:07
603920,世运电路,SH,元件,2026-08-09 05:15:07
603922,ST金鸿顺,SH,汽车零部件,2026-08-09 05:15:07
603926,铁流股份,SH,汽车零部件,2026-08-09 05:15:07
603927,中科软,SH,软件开发,2026-08-09 05:15:07
603928,兴业股份,SH,塑料,2026-08-09 05:15:07
603929,亚翔集成,SH,专业工程,2026-08-09 05:15:07
603931,格林达,SH,电子化学品Ⅱ,2026-08-09 05:15:07
603933,睿能科技,SH,其他电子Ⅱ,2026-08-09 05:15:07
603936,博敏电子,SH,元件,2026-08-09 05:15:07
603937,丽岛新材,SH,工业金属,2026-08-09 05:15:07
603938,三孚股份,SH,化学原料,2026-08-09 05:15:07
603939,益丰药房,SH,医药商业,2026-08-09 05:15:07
603948,建业股份,SH,化学制品,2026-08-09 05:15:07
603949,雪龙集团,SH,汽车零部件,2026-08-09 05:15:07
603950,长源东谷,SH,汽车零部件,2026-08-09 05:15:07
603955,大千生态,SH,基础建设,2026-08-09 05:15:07
603956,威派格,SH,专用设备,2026-08-09 05:15:07
603958,哈森股份,SH,服装家纺,2026-08-09 05:15:07
603959,ST百利,SH,专业工程,2026-08-09 05:15:07
603960,克来机电,SH,汽车零部件,2026-08-09 05:15:07
603963,*ST大药,SH,-,2026-08-09 05:15:07
603966,法兰泰克,SH,专用设备,2026-08-09 05:15:07
603967,中创物流,SH,物流,2026-08-09 05:15:07
603968,醋化股份,SH,化学制品,2026-08-09 05:15:07
603969,银龙股份,SH,通用设备,2026-08-09 05:15:07
603970,中农立华,SH,农化制品,2026-08-09 05:15:07
603976,正川股份,SH,医疗器械,2026-08-09 05:15:07
603977,国泰集团,SH,化学制品,2026-08-09 05:15:07
603978,深圳新星,SH,金属新材料,2026-08-09 05:15:07
603979,金诚信,SH,工业金属,2026-08-09 05:15:07
603980,吉华集团,SH,化学制品,2026-08-09 05:15:07
603982,泉峰汽车,SH,汽车零部件,2026-08-09 05:15:07
603983,丸美生物,SH,化妆品,2026-08-09 05:15:07
603985,恒润股份,SH,风电设备,2026-08-09 05:15:07
603986,兆易创新,SH,半导体,2026-08-09 05:15:07
603987,康德莱,SH,医疗器械,2026-08-09 05:15:07
603988,中电电机,SH,电机Ⅱ,2026-08-09 05:15:07
603989,艾华集团,SH,元件,2026-08-09 05:15:07
603990,麦迪科技,SH,软件开发,2026-08-09 05:15:07
603991,领先股份,SH,半导体,2026-08-09 05:15:07
603992,松霖科技,SH,家居用品,2026-08-09 05:15:07
603993,洛阳钼业,SH,工业金属,2026-08-09 05:15:07
603995,甬金股份,SH,特钢Ⅱ,2026-08-09 05:15:07
603996,退市中新,SH,-,2026-08-09 05:15:07
603997,继峰股份,SH,汽车零部件,2026-08-09 05:15:07
603998,方盛制药,SH,中药Ⅱ,2026-08-09 05:15:07
603999,读者传媒,SH,出版,2026-08-09 05:15:07
605001,威奥股份,SH,轨交设备Ⅱ,2026-08-09 05:15:07
605003,众望布艺,SH,服装家纺,2026-08-09 05:15:07
605005,合兴股份,SH,汽车零部件,2026-08-09 05:15:07
605006,山东玻纤,SH,玻璃玻纤,2026-08-09 05:15:07
605007,五洲特纸,SH,造纸,2026-08-09 05:15:07
605008,长鸿高科,SH,塑料,2026-08-09 05:15:07
605009,豪悦护理,SH,个护用品,2026-08-09 05:15:07
605011,杭州热电,SH,电力,2026-08-09 05:15:07
605016,百龙创园,SH,化学制品,2026-08-09 05:15:07
605018,长华集团,SH,汽车零部件,2026-08-09 05:15:07
605020,永和股份,SH,化学制品,2026-08-09 05:15:07
605028,世茂能源,SH,电力,2026-08-09 05:15:07
605033,美邦股份,SH,农化制品,2026-08-09 05:15:07
605050,福然德,SH,物流,2026-08-09 05:15:07
605055,迎丰股份,SH,纺织制造,2026-08-09 05:15:07
605056,咸亨国际,SH,通用设备,2026-08-09 05:15:07
605058,澳弘电子,SH,元件,2026-08-09 05:15:07
605060,联德股份,SH,通用设备,2026-08-09 05:15:07
605066,天正电气,SH,电网设备,2026-08-09 05:15:07
605068,明新旭腾,SH,汽车零部件,2026-08-09 05:15:07
605069,正和生态,SH,环境治理,2026-08-09 05:15:07
605077,华康股份,SH,化学制品,2026-08-09 05:15:07
605080,浙江自然,SH,文娱用品,2026-08-09 05:15:07
605081,退市太和,SH,-,2026-08-09 05:15:07
605086,龙高股份,SH,非金属材料Ⅱ,2026-08-09 05:15:07
605088,冠盛股份,SH,汽车零部件,2026-08-09 05:15:07
605089,味知香,SH,食品加工,2026-08-09 05:15:07
605090,九丰能源,SH,燃气Ⅱ,2026-08-09 05:15:07
605098,行动教育,SH,教育,2026-08-09 05:15:07
605099,共创草坪,SH,家居用品,2026-08-09 05:15:07
605100,华丰股份,SH,通用设备,2026-08-09 05:15:07
605108,同庆楼,SH,酒店餐饮,2026-08-09 05:15:07
605111,新洁能,SH,半导体,2026-08-09 05:15:07
605116,奥锐特,SH,化学制药,2026-08-09 05:15:07
605117,德业股份,SH,光伏设备,2026-08-09 05:15:07
605118,力鼎光电,SH,计算机设备,2026-08-09 05:15:07
605122,四方新材,SH,水泥,2026-08-09 05:15:07
605123,派克新材,SH,航空装备Ⅱ,2026-08-09 05:15:07
605128,上海沿浦,SH,汽车零部件,2026-08-09 05:15:07
605133,嵘泰股份,SH,汽车零部件,2026-08-09 05:15:07
605136,丽人丽妆,SH,互联网电商,2026-08-09 05:15:07
605138,盛泰集团,SH,服装家纺,2026-08-09 05:15:07
605151,西上海,SH,汽车零部件,2026-08-09 05:15:07
605155,西大门,SH,家居用品,2026-08-09 05:15:07
605158,华达新材,SH,金属新材料,2026-08-09 05:15:07
605162,新中港,SH,电力,2026-08-09 05:15:07
605166,聚合顺,SH,化学纤维,2026-08-09 05:15:07
605167,利柏特,SH,专业工程,2026-08-09 05:15:07
605168,三人行,SH,广告营销,2026-08-09 05:15:07
605169,洪通燃气,SH,燃气Ⅱ,2026-08-09 05:15:07
605177,东亚药业,SH,化学制药,2026-08-09 05:15:07
605178,时空科技,SH,专业工程,2026-08-09 05:15:07
605179,一鸣食品,SH,饮料乳品,2026-08-09 05:15:07
605180,华生科技,SH,纺织制造,2026-08-09 05:15:07
605183,确成股份,SH,橡胶,2026-08-09 05:15:07
605186,健麾信息,SH,自动化设备,2026-08-09 05:15:07
605188,国光连锁,SH,一般零售,2026-08-09 05:15:07
605189,富春染织,SH,纺织制造,2026-08-09 05:15:07
605196,华通线缆,SH,电网设备,2026-08-09 05:15:07
605198,安德利,SH,农产品加工,2026-08-09 05:15:07
605199,ST葫芦娃,SH,中药Ⅱ,2026-08-09 05:15:07
605208,永茂泰,SH,工业金属,2026-08-09 05:15:07
605218,伟时电子,SH,光学光电子,2026-08-09 05:15:07
605222,起帆电缆,SH,电网设备,2026-08-09 05:15:07
605228,神通科技,SH,汽车零部件,2026-08-09 05:15:07
605255,天普股份,SH,汽车零部件,2026-08-09 05:15:07
605258,协和电子,SH,元件,2026-08-09 05:15:07
605259,绿田机械,SH,专用设备,2026-08-09 05:15:07
605266,健之佳,SH,医药商业,2026-08-09 05:15:07
605268,王力安防,SH,家居用品,2026-08-09 05:15:07
605277,新亚电子,SH,消费电子,2026-08-09 05:15:07
605286,同力天启,SH,专用设备,2026-08-09 05:15:07
605287,德才股份,SH,装修装饰Ⅱ,2026-08-09 05:15:07
605288,凯迪股份,SH,自动化设备,2026-08-09 05:15:07
605289,罗曼股份,SH,专业工程,2026-08-09 05:15:07
605296,神农集团,SH,养殖业,2026-08-09 05:15:07
605298,必得科技,SH,轨交设备Ⅱ,2026-08-09 05:15:07
605299,舒华体育,SH,文娱用品,2026-08-09 05:15:07
605300,佳禾食品,SH,饮料乳品,2026-08-09 05:15:07
605303,园林股份,SH,基础建设,2026-08-09 05:15:07
605305,中际联合,SH,工程机械,2026-08-09 05:15:07
605318,法狮龙,SH,装修建材,2026-08-09 05:15:07
605319,无锡振华,SH,汽车零部件,2026-08-09 05:15:07
605333,沪光股份,SH,汽车零部件,2026-08-09 05:15:07
605336,*ST帅电,SH,厨卫电器,2026-08-09 05:15:07
605337,李子园,SH,饮料乳品,2026-08-09 05:15:07
605338,巴比食品,SH,食品加工,2026-08-09 05:15:07
605339,南侨食品,SH,休闲食品,2026-08-09 05:15:07
605358,立昂微,SH,半导体,2026-08-09 05:15:07
605365,立达信,SH,照明设备Ⅱ,2026-08-09 05:15:07
605366,宏柏新材,SH,化学制品,2026-08-09 05:15:07
605368,蓝天燃气,SH,燃气Ⅱ,2026-08-09 05:15:07
605369,拱东医疗,SH,医疗器械,2026-08-09 05:15:07
605376,博迁新材,SH,金属新材料,2026-08-09 05:15:07
605377,华旺科技,SH,造纸,2026-08-09 05:15:07
605378,野马电池,SH,电池,2026-08-09 05:15:07
605388,均瑶健康,SH,饮料乳品,2026-08-09 05:15:07
605389,长龄液压,SH,工程机械,2026-08-09 05:15:07
605398,新炬网络,SH,IT服务Ⅱ,2026-08-09 05:15:07
605399,晨光新材,SH,化学制品,2026-08-09 05:15:07
605488,福莱新材,SH,塑料,2026-08-09 05:15:07
605499,东鹏饮料,SH,饮料乳品,2026-08-09 05:15:07
605500,森林包装,SH,造纸,2026-08-09 05:15:07
605507,国邦医药,SH,化学制药,2026-08-09 05:15:07
605555,德昌股份,SH,小家电,2026-08-09 05:15:07
605566,福莱蒽特,SH,化学制品,2026-08-09 05:15:07
605567,春雪食品,SH,食品加工,2026-08-09 05:15:07
605577,龙版传媒,SH,出版,2026-08-09 05:15:07
605580,恒盛能源,SH,电力,2026-08-09 05:15:07
605588,冠石科技,SH,光学光电子,2026-08-09 05:15:07
605589,圣泉集团,SH,塑料,2026-08-09 05:15:07
605598,上海港湾,SH,专业工程,2026-08-09 05:15:07
605599,菜百股份,SH,饰品,2026-08-09 05:15:07
688001,华兴源创,SH,通用设备,2026-08-09 05:15:07
688002,睿创微纳,SH,军工电子Ⅱ,2026-08-09 05:15:07
688003,天准科技,SH,自动化设备,2026-08-09 05:15:07
688004,博汇科技,SH,IT服务Ⅱ,2026-08-09 05:15:07
688005,容百科技,SH,电池,2026-08-09 05:15:07
688006,杭可科技,SH,电池,2026-08-09 05:15:07
688007,光峰科技,SH,消费电子,2026-08-09 05:15:07
688008,澜起科技,SH,半导体,2026-08-09 05:15:07
688009,中国通号,SH,轨交设备Ⅱ,2026-08-09 05:15:07
688010,福光股份,SH,光学光电子,2026-08-09 05:15:07
688011,新光光电,SH,军工电子Ⅱ,2026-08-09 05:15:07
688012,中微公司,SH,半导体,2026-08-09 05:15:07
688013,天臣医疗,SH,医疗器械,2026-08-09 05:15:07
688015,交控科技,SH,轨交设备Ⅱ,2026-08-09 05:15:07
688016,心脉医疗,SH,医疗器械,2026-08-09 05:15:07
688017,绿的谐波,SH,自动化设备,2026-08-09 05:15:07
688018,乐鑫科技,SH,半导体,2026-08-09 05:15:07
688019,安集科技,SH,电子化学品Ⅱ,2026-08-09 05:15:07
688020,方邦股份,SH,元件,2026-08-09 05:15:07
688021,奥福科技,SH,汽车零部件,2026-08-09 05:15:07
688022,ST瀚川,SH,专用设备,2026-08-09 05:15:07
688023,安恒信息,SH,软件开发,2026-08-09 05:15:07
688025,杰普特,SH,自动化设备,2026-08-09 05:15:07
688026,洁特生物,SH,医疗器械,2026-08-09 05:15:07
688027,国盾量子,SH,通信设备,2026-08-09 05:15:07
688028,沃尔德,SH,通用设备,2026-08-09 05:15:07
688029,南微医学,SH,医疗器械,2026-08-09 05:15:07
688030,山石网科,SH,软件开发,2026-08-09 05:15:07
688031,星环科技-U,SH,软件开发,2026-08-09 05:15:07
688032,禾迈股份,SH,光伏设备,2026-08-09 05:15:07
688033,*ST天宜,SH,轨交设备Ⅱ,2026-08-09 05:15:07
688035,德邦科技,SH,电子化学品Ⅱ,2026-08-09 05:15:07
688036,传音控股,SH,消费电子,2026-08-09 05:15:07
688037,芯源微,SH,半导体,2026-08-09 05:15:07
688038,中科通达,SH,软件开发,2026-08-09 05:15:07
688039,当虹科技,SH,IT服务Ⅱ,2026-08-09 05:15:07
688041,海光信息,SH,半导体,2026-08-09 05:15:07
688045,必易微,SH,半导体,2026-08-09 05:15:07
688046,药康生物,SH,医疗服务,2026-08-09 05:15:07
688047,龙芯中科,SH,半导体,2026-08-09 05:15:07
688048,长光华芯,SH,半导体,2026-08-09 05:15:07
688049,炬芯科技,SH,半导体,2026-08-09 05:15:07
688050,爱博医疗,SH,医疗器械,2026-08-09 05:15:07
688051,佳华科技,SH,IT服务Ⅱ,2026-08-09 05:15:07
688052,纳芯微,SH,半导体,2026-08-09 05:15:07
688053,ST思科瑞,SH,军工电子Ⅱ,2026-08-09 05:15:07
688055,龙腾光电,SH,光学光电子,2026-08-09 05:15:07
688056,莱伯泰科,SH,通用设备,2026-08-09 05:15:07
688057,金达莱,SH,环境治理,2026-08-09 05:15:07
688058,宝兰德,SH,软件开发,2026-08-09 05:15:07
688059,华锐精密,SH,通用设备,2026-08-09 05:15:07
688060,云涌科技,SH,计算机设备,2026-08-09 05:15:07
688061,灿瑞科技,SH,半导体,2026-08-09 05:15:07
688062,迈威生物-U,SH,化学制药,2026-08-09 05:15:07
688063,派能科技,SH,电池,2026-08-09 05:15:07
688065,凯赛生物,SH,化学制品,2026-08-09 05:15:07
688066,*ST航图,SH,IT服务Ⅱ,2026-08-09 05:15:07
688067,爱威科技,SH,医疗器械,2026-08-09 05:15:07
688068,热景生物,SH,医疗器械,2026-08-09 05:15:07
688069,德林海,SH,环境治理,2026-08-09 05:15:07
688070,纵横股份,SH,航空装备Ⅱ,2026-08-09 05:15:07
688071,华依科技,SH,专用设备,2026-08-09 05:15:07
688072,拓荆科技,SH,半导体,2026-08-09 05:15:07
688073,毕得医药,SH,医疗服务,2026-08-09 05:15:07
688075,安旭生物,SH,医疗器械,2026-08-09 05:15:07
688076,ST诺泰,SH,化学制药,2026-08-09 05:15:07
688077,大地熊,SH,金属新材料,2026-08-09 05:15:07
688078,龙软科技,SH,软件开发,2026-08-09 05:15:07
688079,美迪凯,SH,光学光电子,2026-08-09 05:15:07
688080,映翰通,SH,通信设备,2026-08-09 05:15:07
688081,兴图新科,SH,军工电子Ⅱ,2026-08-09 05:15:07
688082,盛美上海,SH,半导体,2026-08-09 05:15:07
688083,中望软件,SH,软件开发,2026-08-09 05:15:07
688084,晶品特装,SH,军工电子Ⅱ,2026-08-09 05:15:07
688085,三友医疗,SH,医疗器械,2026-08-09 05:15:07
688086,退市紫晶,SH,-,2026-08-09 05:15:07
688087,英科再生,SH,家居用品,2026-08-09 05:15:07
688088,虹软科技,SH,IT服务Ⅱ,2026-08-09 05:15:07
688089,ST嘉必优,SH,化学制品,2026-08-09 05:15:07
688090,瑞松科技,SH,自动化设备,2026-08-09 05:15:07
688091,上海谊众,SH,化学制药,2026-08-09 05:15:07
688092,爱科科技,SH,专用设备,2026-08-09 05:15:07
688093,世华科技,SH,其他电子Ⅱ,2026-08-09 05:15:07
688095,福昕软件,SH,软件开发,2026-08-09 05:15:07
688096,京源环保,SH,环境治理,2026-08-09 05:15:07
688097,博众精工,SH,自动化设备,2026-08-09 05:15:07
688098,申联生物,SH,动物保健Ⅱ,2026-08-09 05:15:07
688099,晶晨股份,SH,半导体,2026-08-09 05:15:07
688100,威胜信息,SH,通信设备,2026-08-09 05:15:07
688101,三达膜,SH,环境治理,2026-08-09 05:15:07
688102,斯瑞新材,SH,金属新材料,2026-08-09 05:15:07
688103,国力电子,SH,其他电子Ⅱ,2026-08-09 05:15:07
688105,诺唯赞,SH,生物制品,2026-08-09 05:15:07
688106,金宏气体,SH,电子化学品Ⅱ,2026-08-09 05:15:07
688107,安路科技,SH,半导体,2026-08-09 05:15:07
688108,赛诺医疗,SH,医疗器械,2026-08-09 05:15:07
688109,品茗科技,SH,软件开发,2026-08-09 05:15:07
688110,东芯股份,SH,半导体,2026-08-09 05:15:07
688111,金山办公,SH,软件开发,2026-08-09 05:15:07
688112,鼎阳科技,SH,通用设备,2026-08-09 05:15:07
688113,联测科技,SH,专用设备,2026-08-09 05:15:07
688114,华大智造,SH,医疗器械,2026-08-09 05:15:07
688115,思林杰,SH,通用设备,2026-08-09 05:15:07
688116,天奈科技,SH,电池,2026-08-09 05:15:07
688117,圣诺生物,SH,生物制品,2026-08-09 05:15:07
688118,普元信息,SH,软件开发,2026-08-09 05:15:07
688119,中钢洛耐,SH,装修建材,2026-08-09 05:15:07
688120,华海清科,SH,半导体,2026-08-09 05:15:07
688121,*ST卓然,SH,专用设备,2026-08-09 05:15:07
688122,西部超导,SH,航空装备Ⅱ,2026-08-09 05:15:07
688123,聚辰股份,SH,半导体,2026-08-09 05:15:07
688125,安达智能,SH,自动化设备,2026-08-09 05:15:07
688126,沪硅产业,SH,半导体,2026-08-09 05:15:07
688127,蓝特光学,SH,光学光电子,2026-08-09 05:15:07
688128,中国电研,SH,专用设备,2026-08-09 05:15:07
688129,东来技术,SH,化学制品,2026-08-09 05:15:07
688130,晶华微,SH,半导体,2026-08-09 05:15:07
688131,皓元医药,SH,医疗服务,2026-08-09 05:15:07
688132,邦彦技术,SH,军工电子Ⅱ,2026-08-09 05:15:07
688133,泰坦科技,SH,化学制品,2026-08-09 05:15:07
688135,利扬芯片,SH,半导体,2026-08-09 05:15:07
688136,科兴制药,SH,生物制品,2026-08-09 05:15:07
688137,近岸蛋白,SH,生物制品,2026-08-09 05:15:07
688138,清溢光电,SH,半导体,2026-08-09 05:15:07
688139,海尔生物,SH,医疗器械,2026-08-09 05:15:07
688141,杰华特,SH,半导体,2026-08-09 05:15:07
688143,长盈通,SH,通信设备,2026-08-09 05:15:07
688146,中船特气,SH,半导体,2026-08-09 05:15:07
688147,微导纳米,SH,半导体,2026-08-09 05:15:07
688148,芳源股份,SH,电池,2026-08-09 05:15:07
688150,莱特光电,SH,电子化学品Ⅱ,2026-08-09 05:15:07
688151,华强科技,SH,医疗器械,2026-08-09 05:15:07
688152,麒麟信安,SH,软件开发,2026-08-09 05:15:07
688153,唯捷创芯,SH,半导体,2026-08-09 05:15:07
688155,先惠技术,SH,电池,2026-08-09 05:15:07
688156,路德科技,SH,环境治理,2026-08-09 05:15:07
688157,松井股份,SH,化学制品,2026-08-09 05:15:07
688158,优刻得-W,SH,IT服务Ⅱ,2026-08-09 05:15:07
688159,有方科技,SH,通信设备,2026-08-09 05:15:07
688160,步科股份,SH,自动化设备,2026-08-09 05:15:07
688161,威高骨科,SH,医疗器械,2026-08-09 05:15:07
688162,巨一科技,SH,专用设备,2026-08-09 05:15:07
688163,赛伦生物,SH,生物制品,2026-08-09 05:15:07
688165,埃夫特-U,SH,自动化设备,2026-08-09 05:15:07
688166,博瑞医药,SH,化学制药,2026-08-09 05:15:07
688167,炬光科技,SH,半导体,2026-08-09 05:15:07
688168,安博通,SH,软件开发,2026-08-09 05:15:07
688169,石头科技,SH,小家电,2026-08-09 05:15:07
688170,德龙激光,SH,自动化设备,2026-08-09 05:15:07
688171,纬德信息,SH,软件开发,2026-08-09 05:15:07
688172,燕东微,SH,半导体,2026-08-09 05:15:07
688173,希荻微,SH,半导体,2026-08-09 05:15:07
688175,高凌信息,SH,军工电子Ⅱ,2026-08-09 05:15:07
688176,亚虹医药-U,SH,化学制药,2026-08-09 05:15:07
688177,百奥泰,SH,生物制品,2026-08-09 05:15:07
688178,万德斯,SH,环境治理,2026-08-09 05:15:07
688179,阿拉丁,SH,化学制品,2026-08-09 05:15:07
688180,君实生物-U,SH,生物制品,2026-08-09 05:15:07
688181,八亿时空,SH,光学光电子,2026-08-09 05:15:07
688182,灿勤科技,SH,通信设备,2026-08-09 05:15:07
688183,生益电子,SH,元件,2026-08-09 05:15:07
688184,ST帕瓦,SH,电池,2026-08-09 05:15:07
688185,康希诺,SH,生物制品,2026-08-09 05:15:07
688186,广大特材,SH,特钢Ⅱ,2026-08-09 05:15:07
688187,XD时代电,SH,轨交设备Ⅱ,2026-08-09 05:15:07
688188,柏楚电子,SH,计算机设备,2026-08-09 05:15:07
688189,ST南新,SH,化学制药,2026-08-09 05:15:07
688190,云路股份,SH,金属新材料,2026-08-09 05:15:07
688191,智洋创新,SH,电网设备,2026-08-09 05:15:07
688192,迪哲医药-U,SH,化学制药,2026-08-09 05:15:07
688193,仁度生物,SH,医疗器械,2026-08-09 05:15:07
688195,腾景科技,SH,光学光电子,2026-08-09 05:15:07
688196,卓越新能,SH,化学制品,2026-08-09 05:15:07
688197,首药控股-U,SH,化学制药,2026-08-09 05:15:07
688198,佰仁医疗,SH,医疗器械,2026-08-09 05:15:07
688199,久日新材,SH,化学制品,2026-08-09 05:15:07
688200,华峰测控,SH,半导体,2026-08-09 05:15:07
688201,ST信安,SH,软件开发,2026-08-09 05:15:07
688202,美迪西,SH,医疗服务,2026-08-09 05:15:07
688203,海正生材,SH,塑料,2026-08-09 05:15:07
688205,德科立,SH,通信设备,2026-08-09 05:15:07
688206,概伦电子,SH,软件开发,2026-08-09 05:15:07
688207,格灵深瞳,SH,IT服务Ⅱ,2026-08-09 05:15:07
688208,道通科技,SH,计算机设备,2026-08-09 05:15:07
688209,英集芯,SH,半导体,2026-08-09 05:15:07
688210,统联精密,SH,消费电子,2026-08-09 05:15:07
688211,中科微至,SH,专用设备,2026-08-09 05:15:07
688212,澳华内镜,SH,医疗器械,2026-08-09 05:15:07
688213,思特威-W,SH,半导体,2026-08-09 05:15:07
688215,瑞晟智能,SH,自动化设备,2026-08-09 05:15:07
688216,气派科技,SH,半导体,2026-08-09 05:15:07
688217,睿昂基因,SH,医疗器械,2026-08-09 05:15:07
688218,江苏北人,SH,自动化设备,2026-08-09 05:15:07
688219,会通股份,SH,塑料,2026-08-09 05:15:07
688220,翱捷科技-U,SH,半导体,2026-08-09 05:15:07
688221,前沿生物-U,SH,化学制药,2026-08-09 05:15:07
688222,成都先导,SH,医疗服务,2026-08-09 05:15:07
688223,晶科能源,SH,光伏设备,2026-08-09 05:15:07
688225,亚信安全,SH,软件开发,2026-08-09 05:15:07
688226,威腾电气,SH,电网设备,2026-08-09 05:15:07
688227,品高股份,SH,IT服务Ⅱ,2026-08-09 05:15:07
688228,开普云,SH,IT服务Ⅱ,2026-08-09 05:15:07
688229,博睿数据,SH,IT服务Ⅱ,2026-08-09 05:15:07
688230,芯导科技,SH,半导体,2026-08-09 05:15:07
688231,隆达股份,SH,金属新材料,2026-08-09 05:15:07
688232,新点软件,SH,软件开发,2026-08-09 05:15:07
688233,神工股份,SH,半导体,2026-08-09 05:15:07
688234,天岳先进,SH,半导体,2026-08-09 05:15:07
688235,百济神州,SH,化学制药,2026-08-09 05:15:07
688236,春立医疗,SH,医疗器械,2026-08-09 05:15:07
688237,超卓航科,SH,航空装备Ⅱ,2026-08-09 05:15:07
688238,和元生物,SH,医疗服务,2026-08-09 05:15:07
688239,航宇科技,SH,航空装备Ⅱ,2026-08-09 05:15:07
688244,永信至诚,SH,软件开发,2026-08-09 05:15:07
688246,嘉和美康,SH,软件开发,2026-08-09 05:15:07
688247,宣泰医药,SH,化学制药,2026-08-09 05:15:07
688248,南网科技,SH,电网设备,2026-08-09 05:15:07
688249,晶合集成,SH,半导体,2026-08-09 05:15:07
688251,井松智能,SH,IT服务Ⅱ,2026-08-09 05:15:07
688252,天德钰,SH,半导体,2026-08-09 05:15:07
688253,英诺特,SH,医疗器械,2026-08-09 05:15:07
688255,凯尔达,SH,自动化设备,2026-08-09 05:15:07
688256,寒武纪,SH,半导体,2026-08-09 05:15:07
688257,新锐股份,SH,通用设备,2026-08-09 05:15:07
688258,卓易信息,SH,IT服务Ⅱ,2026-08-09 05:15:07
688259,创耀科技,SH,半导体,2026-08-09 05:15:07
688260,昀冢科技,SH,消费电子,2026-08-09 05:15:07
688261,东微半导,SH,半导体,2026-08-09 05:15:07
688262,国芯科技,SH,半导体,2026-08-09 05:15:07
688265,南模生物,SH,医疗服务,2026-08-09 05:15:07
688266,泽璟制药-U,SH,化学制药,2026-08-09 05:15:07
688267,中触媒,SH,化学制品,2026-08-09 05:15:07
688268,华特气体,SH,电子化学品Ⅱ,2026-08-09 05:15:07
688269,凯立新材,SH,化学制品,2026-08-09 05:15:07
688270,ST臻镭,SH,半导体,2026-08-09 05:15:07
688271,联影医疗,SH,医疗器械,2026-08-09 05:15:07
688272,富吉瑞,SH,军工电子Ⅱ,2026-08-09 05:15:07
688273,麦澜德,SH,医疗器械,2026-08-09 05:15:07
688275,万润新能,SH,电池,2026-08-09 05:15:07
688276,百克生物,SH,生物制品,2026-08-09 05:15:07
688277,天智航-U,SH,医疗器械,2026-08-09 05:15:07
688278,特宝生物,SH,生物制品,2026-08-09 05:15:07
688279,峰岹科技,SH,半导体,2026-08-09 05:15:07
688280,精进电动-W,SH,汽车零部件,2026-08-09 05:15:07
688281,华秦科技,SH,航空装备Ⅱ,2026-08-09 05:15:07
688282,理工导航,SH,航天装备Ⅱ,2026-08-09 05:15:07
688283,坤恒顺维,SH,通信设备,2026-08-09 05:15:07
688285,高铁电气,SH,轨交设备Ⅱ,2026-08-09 05:15:07
688286,敏芯股份,SH,半导体,2026-08-09 05:15:07
688287,退市观典,SH,-,2026-08-09 05:15:07
688288,鸿泉技术,SH,计算机设备,2026-08-09 05:15:07
688289,圣湘生物,SH,医疗器械,2026-08-09 05:15:07
688290,景业智能,SH,自动化设备,2026-08-09 05:15:07
688291,金橙子,SH,软件开发,2026-08-09 05:15:07
688292,浩瀚深度,SH,计算机设备,2026-08-09 05:15:07
688293,奥浦迈,SH,生物制品,2026-08-09 05:15:07
688295,中复神鹰,SH,化学纤维,2026-08-09 05:15:07
688296,和达科技,SH,软件开发,2026-08-09 05:15:07
688297,中无人机,SH,航空装备Ⅱ,2026-08-09 05:15:07
688298,东方生物,SH,医疗器械,2026-08-09 05:15:07
688299,长阳科技,SH,光学光电子,2026-08-09 05:15:07
688300,联瑞新材,SH,非金属材料Ⅱ,2026-08-09 05:15:07
688301,奕瑞科技,SH,医疗器械,2026-08-09 05:15:07
688302,海创药业-U,SH,化学制药,2026-08-09 05:15:07
688303,大全能源,SH,光伏设备,2026-08-09 05:15:07
688305,科德数控,SH,通用设备,2026-08-09 05:15:07
688306,均普智能,SH,自动化设备,2026-08-09 05:15:07
688307,中润光学,SH,光学光电子,2026-08-09 05:15:07
688308,欧科亿,SH,通用设备,2026-08-09 05:15:07
688309,恒誉环保,SH,环保设备Ⅱ,2026-08-09 05:15:07
688310,迈得医疗,SH,自动化设备,2026-08-09 05:15:07
688311,盟升电子,SH,军工电子Ⅱ,2026-08-09 05:15:07
688312,燕麦科技,SH,专用设备,2026-08-09 05:15:07
688313,仕佳光子,SH,通信设备,2026-08-09 05:15:07
688314,康拓医疗,SH,医疗器械,2026-08-09 05:15:07
688315,诺禾致源,SH,医疗服务,2026-08-09 05:15:07
688316,青云科技-U,SH,IT服务Ⅱ,2026-08-09 05:15:07
688317,之江生物,SH,医疗器械,2026-08-09 05:15:07
688318,财富趋势,SH,软件开发,2026-08-09 05:15:07
688319,欧林生物,SH,生物制品,2026-08-09 05:15:07
688320,禾川科技,SH,自动化设备,2026-08-09 05:15:07
688321,微芯生物,SH,化学制药,2026-08-09 05:15:07
688322,奥比中光-W,SH,光学光电子,2026-08-09 05:15:07
688323,瑞华泰,SH,塑料,2026-08-09 05:15:07
688325,赛微微电,SH,半导体,2026-08-09 05:15:07
688326,经纬恒润-W,SH,软件开发,2026-08-09 05:15:07
688327,云从科技-UW,SH,IT服务Ⅱ,2026-08-09 05:15:07
688328,深科达,SH,专用设备,2026-08-09 05:15:07
688329,艾隆科技,SH,自动化设备,2026-08-09 05:15:07
688330,宏力达,SH,电网设备,2026-08-09 05:15:07
688331,荣昌生物,SH,生物制品,2026-08-09 05:15:07
688332,中科蓝讯,SH,半导体,2026-08-09 05:15:07
688333,铂力特,SH,通用设备,2026-08-09 05:15:07
688334,西高院,SH,专业服务,2026-08-09 05:15:07
688335,复洁科技,SH,环境治理,2026-08-09 05:15:07
688336,三生国健,SH,生物制品,2026-08-09 05:15:07
688337,普源精电,SH,通用设备,2026-08-09 05:15:07
688338,赛科希德,SH,医疗器械,2026-08-09 05:15:07
688339,亿华通-U,SH,电池,2026-08-09 05:15:07
688343,云天励飞-U,SH,IT服务Ⅱ,2026-08-09 05:15:07
688345,博力威,SH,电池,2026-08-09 05:15:07
688347,华虹宏力,SH,半导体,2026-08-09 05:15:07
688348,昱能科技,SH,光伏设备,2026-08-09 05:15:07
688349,三一重能,SH,风电设备,2026-08-09 05:15:07
688350,富淼科技,SH,化学制品,2026-08-09 05:15:07
688351,微电生理,SH,医疗器械,2026-08-09 05:15:07
688352,颀中科技,SH,半导体,2026-08-09 05:15:07
688353,华盛锂电,SH,电池,2026-08-09 05:15:07
688355,明志科技,SH,通用设备,2026-08-09 05:15:07
688356,键凯科技,SH,化学制药,2026-08-09 05:15:07
688357,建龙微纳,SH,化学制品,2026-08-09 05:15:07
688358,祥生医疗,SH,医疗器械,2026-08-09 05:15:07
688359,三孚新科,SH,电子化学品Ⅱ,2026-08-09 05:15:07
688360,德马科技,SH,通用设备,2026-08-09 05:15:07
688361,中科飞测,SH,半导体,2026-08-09 05:15:07
688362,甬矽电子,SH,半导体,2026-08-09 05:15:07
688363,华熙生物,SH,医疗美容,2026-08-09 05:15:07
688365,光云科技,SH,IT服务Ⅱ,2026-08-09 05:15:07
688366,昊海生科,SH,医疗器械,2026-08-09 05:15:07
688367,工大高科,SH,轨交设备Ⅱ,2026-08-09 05:15:07
688368,晶丰明源,SH,半导体,2026-08-09 05:15:07
688369,致远互联,SH,软件开发,2026-08-09 05:15:07
688370,丛麟科技,SH,环境治理,2026-08-09 05:15:07
688371,菲沃泰,SH,电子化学品Ⅱ,2026-08-09 05:15:07
688372,伟测科技,SH,半导体,2026-08-09 05:15:07
688373,盟科药业-U,SH,化学制药,2026-08-09 05:15:07
688375,国博电子,SH,军工电子Ⅱ,2026-08-09 05:15:07
688376,美埃科技,SH,环保设备Ⅱ,2026-08-09 05:15:07
688377,迪威尔,SH,专用设备,2026-08-09 05:15:07
688378,奥来德,SH,光学光电子,2026-08-09 05:15:07
688379,华光新材,SH,通用设备,2026-08-09 05:15:07
688380,中微半导,SH,半导体,2026-08-09 05:15:07
688381,帝奥微,SH,半导体,2026-08-09 05:15:07
688382,益方生物-U,SH,化学制药,2026-08-09 05:15:07
688383,新益昌,SH,专用设备,2026-08-09 05:15:07
688385,复旦微电,SH,半导体,2026-08-09 05:15:07
688386,泛亚微透,SH,塑料,2026-08-09 05:15:07
688387,信科移动-U,SH,通信设备,2026-08-09 05:15:07
688388,嘉元科技,SH,电池,2026-08-09 05:15:07
688389,普门科技,SH,医疗器械,2026-08-09 05:15:07
688390,固德威,SH,光伏设备,2026-08-09 05:15:07
688391,钜泉科技,SH,半导体,2026-08-09 05:15:07
688392,骄成超声,SH,电池,2026-08-09 05:15:07
688393,安必平,SH,医疗器械,2026-08-09 05:15:07
688395,正弦电气,SH,自动化设备,2026-08-09 05:15:07
688396,华润微,SH,半导体,2026-08-09 05:15:07
688398,赛特新材,SH,化学制品,2026-08-09 05:15:07
688399,硕世生物,SH,医疗器械,2026-08-09 05:15:07
688400,凌云光,SH,专用设备,2026-08-09 05:15:07
688401,路维光电,SH,半导体,2026-08-09 05:15:07
688403,汇成股份,SH,半导体,2026-08-09 05:15:07
688408,中信博,SH,光伏设备,2026-08-09 05:15:07
688409,富创精密,SH,半导体,2026-08-09 05:15:07
688410,山外山,SH,医疗器械,2026-08-09 05:15:07
688411,海博思创,SH,其他电源设备Ⅱ,2026-08-09 05:15:07
688416,恒烁股份,SH,半导体,2026-08-09 05:15:07
688418,震有科技,SH,通信设备,2026-08-09 05:15:07
688419,耐科装备,SH,半导体,2026-08-09 05:15:07
688420,美腾科技,SH,专用设备,2026-08-09 05:15:07
688425,XD铁建重,SH,工程机械,2026-08-09 05:15:07
688426,康为世纪,SH,医疗器械,2026-08-09 05:15:07
688428,诺诚健华,SH,化学制药,2026-08-09 05:15:07
688429,时创能源,SH,光伏设备,2026-08-09 05:15:07
688432,有研硅,SH,半导体,2026-08-09 05:15:07
688433,华曙高科,SH,通用设备,2026-08-09 05:15:07
688435,英方软件,SH,软件开发,2026-08-09 05:15:07
688439,振华风光,SH,军工电子Ⅱ,2026-08-09 05:15:07
688443,智翔金泰-U,SH,生物制品,2026-08-09 05:15:07
688448,磁谷科技,SH,通用设备,2026-08-09 05:15:07
688449,联芸科技,SH,半导体,2026-08-09 05:15:07
688450,光格科技,SH,电网设备,2026-08-09 05:15:07
688455,科捷智能,SH,自动化设备,2026-08-09 05:15:07
688456,有研粉材,SH,金属新材料,2026-08-09 05:15:07
688458,美芯晟,SH,半导体,2026-08-09 05:15:07
688459,哈铁科技,SH,轨交设备Ⅱ,2026-08-09 05:15:07
688466,金科环境,SH,环境治理,2026-08-09 05:15:07
688468,科美诊断,SH,医疗器械,2026-08-09 05:15:07
688469,芯联集成-U,SH,半导体,2026-08-09 05:15:07
688472,阿特斯,SH,光伏设备,2026-08-09 05:15:07
688475,萤石网络,SH,计算机设备,2026-08-09 05:15:07
688478,晶升股份,SH,半导体,2026-08-09 05:15:07
688479,友车科技,SH,软件开发,2026-08-09 05:15:07
688480,赛恩斯,SH,环境治理,2026-08-09 05:15:07
688484,南芯科技,SH,半导体,2026-08-09 05:15:07
688485,九州一轨,SH,轨交设备Ⅱ,2026-08-09 05:15:07
688486,龙迅股份,SH,半导体,2026-08-09 05:15:07
688488,艾迪药业,SH,生物制品,2026-08-09 05:15:07
688489,三未信安,SH,计算机设备,2026-08-09 05:15:07
688496,*ST清越,SH,光学光电子,2026-08-09 05:15:07
688498,源杰科技,SH,半导体,2026-08-09 05:15:07
688499,利元亨,SH,电池,2026-08-09 05:15:07
688500,慧辰股份,SH,IT服务Ⅱ,2026-08-09 05:15:07
688501,青达环保,SH,环保设备Ⅱ,2026-08-09 05:15:07
688502,茂莱光学,SH,光学光电子,2026-08-09 05:15:07
688503,聚和材料,SH,光伏设备,2026-08-09 05:15:07
688505,复旦张江,SH,化学制药,2026-08-09 05:15:07
688506,百利天恒,SH,生物制品,2026-08-09 05:15:07
688507,索辰科技,SH,软件开发,2026-08-09 05:15:07
688508,芯朋微,SH,半导体,2026-08-09 05:15:07
688509,正元地信,SH,IT服务Ⅱ,2026-08-09 05:15:07
688510,航亚科技,SH,航空装备Ⅱ,2026-08-09 05:15:07
688511,天微电子,SH,军工电子Ⅱ,2026-08-09 05:15:07
688512,慧智微-U,SH,半导体,2026-08-09 05:15:07
688513,苑东生物,SH,化学制药,2026-08-09 05:15:07
688515,裕太微-U,SH,半导体,2026-08-09 05:15:07
688516,奥特维,SH,光伏设备,2026-08-09 05:15:07
688517,金冠电气,SH,电网设备,2026-08-09 05:15:07
688518,联赢激光,SH,自动化设备,2026-08-09 05:15:07
688519,南亚新材,SH,元件,2026-08-09 05:15:07
688520,神州细胞,SH,生物制品,2026-08-09 05:15:07
688521,芯原股份,SH,半导体,2026-08-09 05:15:07
688522,纳睿雷达,SH,军工电子Ⅱ,2026-08-09 05:15:07
688523,航天环宇,SH,航天装备Ⅱ,2026-08-09 05:15:07
688525,佰维存储,SH,半导体,2026-08-09 05:15:07
688526,科前生物,SH,动物保健Ⅱ,2026-08-09 05:15:07
688528,秦川物联,SH,通用设备,2026-08-09 05:15:07
688529,豪森智能,SH,专用设备,2026-08-09 05:15:07
688530,欧莱新材,SH,半导体,2026-08-09 05:15:07
688531,日联科技,SH,专用设备,2026-08-09 05:15:07
688533,上声电子,SH,汽车零部件,2026-08-09 05:15:07
688535,华海诚科,SH,半导体,2026-08-09 05:15:07
688536,思瑞浦,SH,半导体,2026-08-09 05:15:07
688538,和辉光电-U,SH,光学光电子,2026-08-09 05:15:07
688539,高华科技,SH,元件,2026-08-09 05:15:07
688543,国科军工,SH,地面兵装Ⅱ,2026-08-09 05:15:07
688545,兴福电子,SH,电子化学品Ⅱ,2026-08-09 05:15:07
688548,广钢气体,SH,电子化学品Ⅱ,2026-08-09 05:15:07
688549,中巨芯-U,SH,电子化学品Ⅱ,2026-08-09 05:15:07
688550,瑞联新材,SH,电子化学品Ⅱ,2026-08-09 05:15:07
688551,科威尔,SH,其他电源设备Ⅱ,2026-08-09 05:15:07
688552,航天南湖,SH,军工电子Ⅱ,2026-08-09 05:15:07
688553,汇宇制药-W,SH,化学制药,2026-08-09 05:15:07
688555,退市泽达,SH,-,2026-08-09 05:15:07
688556,高测股份,SH,光伏设备,2026-08-09 05:15:07
688557,兰剑智能,SH,通用设备,2026-08-09 05:15:07
688558,国盛智科,SH,通用设备,2026-08-09 05:15:07
688559,海目星,SH,自动化设备,2026-08-09 05:15:07
688560,明冠新材,SH,光伏设备,2026-08-09 05:15:07
688561,奇安信-U,SH,软件开发,2026-08-09 05:15:07
688562,航天软件,SH,IT服务Ⅱ,2026-08-09 05:15:07
688563,航材股份,SH,航空装备Ⅱ,2026-08-09 05:15:07
688565,力源科技,SH,环境治理,2026-08-09 05:15:07
688566,吉贝尔,SH,化学制药,2026-08-09 05:15:07
688567,孚能科技,SH,电池,2026-08-09 05:15:07
688568,中科星图,SH,IT服务Ⅱ,2026-08-09 05:15:07
688569,铁科轨道,SH,轨交设备Ⅱ,2026-08-09 05:15:07
688570,天玛智控,SH,自动化设备,2026-08-09 05:15:07
688571,杭华股份,SH,化学制品,2026-08-09 05:15:07
688573,信宇人,SH,电池,2026-08-09 05:15:07
688575,亚辉龙,SH,医疗器械,2026-08-09 05:15:07
688576,西山科技,SH,医疗器械,2026-08-09 05:15:07
688577,浙海德曼,SH,通用设备,2026-08-09 05:15:07
688578,艾力斯,SH,化学制药,2026-08-09 05:15:07
688579,地纬智能,SH,软件开发,2026-08-09 05:15:07
688580,伟思医疗,SH,医疗器械,2026-08-09 05:15:07
688581,安杰思,SH,医疗器械,2026-08-09 05:15:07
688582,芯动联科,SH,半导体,2026-08-09 05:15:07
688583,思看科技,SH,通用设备,2026-08-09 05:15:07
688584,上海合晶,SH,半导体,2026-08-09 05:15:07
688585,上纬新材,SH,塑料,2026-08-09 05:15:07
688586,江航装备,SH,航空装备Ⅱ,2026-08-09 05:15:07
688588,凌志软件,SH,软件开发,2026-08-09 05:15:07
688589,力合微,SH,半导体,2026-08-09 05:15:07
688590,新致软件,SH,软件开发,2026-08-09 05:15:07
688591,泰凌微,SH,半导体,2026-08-09 05:15:07
688592,司南导航,SH,通信设备,2026-08-09 05:15:07
688593,新相微,SH,半导体,2026-08-09 05:15:07
688595,芯海科技,SH,半导体,2026-08-09 05:15:07
688596,正帆科技,SH,专用设备,2026-08-09 05:15:07
688597,煜邦电力,SH,电网设备,2026-08-09 05:15:07
688598,金博股份,SH,非金属材料Ⅱ,2026-08-09 05:15:07
688599,天合光能,SH,光伏设备,2026-08-09 05:15:07
688600,皖仪科技,SH,通用设备,2026-08-09 05:15:07
688601,力芯微,SH,半导体,2026-08-09 05:15:07
688602,康鹏科技,SH,化学制药,2026-08-09 05:15:07
688603,天承科技,SH,电子化学品Ⅱ,2026-08-09 05:15:07
688605,先锋精科,SH,半导体,2026-08-09 05:15:07
688606,奥泰生物,SH,医疗器械,2026-08-09 05:15:07
688607,康众医疗,SH,医疗器械,2026-08-09 05:15:07
688608,恒玄科技,SH,半导体,2026-08-09 05:15:07
688609,九联科技,SH,黑色家电,2026-08-09 05:15:07
688610,埃科光电,SH,通用设备,2026-08-09 05:15:07
688611,杭州柯林,SH,电网设备,2026-08-09 05:15:07
688612,威迈斯,SH,汽车零部件,2026-08-09 05:15:07
688613,奥精医疗,SH,医疗器械,2026-08-09 05:15:07
688615,合合信息,SH,软件开发,2026-08-09 05:15:07
688616,西力科技,SH,电网设备,2026-08-09 05:15:07
688617,惠泰医疗,SH,医疗器械,2026-08-09 05:15:07
688618,三旺通信,SH,通信设备,2026-08-09 05:15:07
688619,罗普特,SH,计算机设备,2026-08-09 05:15:07
688620,安凯微,SH,半导体,2026-08-09 05:15:07
688621,阳光诺和,SH,医疗服务,2026-08-09 05:15:07
688622,*ST禾信,SH,通用设备,2026-08-09 05:15:07
688623,双元科技,SH,自动化设备,2026-08-09 05:15:07
688625,呈和科技,SH,化学制品,2026-08-09 05:15:07
688626,翔宇医疗,SH,医疗器械,2026-08-09 05:15:07
688627,精智达,SH,通用设备,2026-08-09 05:15:07
688628,优利德,SH,通用设备,2026-08-09 05:15:07
688629,华丰科技,SH,军工电子Ⅱ,2026-08-09 05:15:07
688630,芯碁微装,SH,专用设备,2026-08-09 05:15:07
688631,莱斯信息,SH,软件开发,2026-08-09 05:15:07
688633,星球石墨,SH,专用设备,2026-08-09 05:15:07
688635,长进光子,SH,通信设备,2026-08-09 05:15:07
688636,智明达,SH,军工电子Ⅱ,2026-08-09 05:15:07
688638,誉辰智能,SH,电池,2026-08-09 05:15:07
688639,华恒生物,SH,化学制品,2026-08-09 05:15:07
688646,ST逸飞,SH,自动化设备,2026-08-09 05:15:07
688648,中邮科技,SH,专用设备,2026-08-09 05:15:07
688651,盛邦安全,SH,软件开发,2026-08-09 05:15:07
688652,京仪装备,SH,半导体,2026-08-09 05:15:07
688653,康希通信,SH,半导体,2026-08-09 05:15:07
688655,迅捷兴,SH,元件,2026-08-09 05:15:07
688656,浩欧博,SH,医疗器械,2026-08-09 05:15:07
688657,浩辰软件,SH,软件开发,2026-08-09 05:15:07
688658,悦康药业,SH,化学制药,2026-08-09 05:15:07
688659,元琛科技,SH,化学制品,2026-08-09 05:15:07
688660,电气风电,SH,风电设备,2026-08-09 05:15:07
688661,和林微纳,SH,半导体,2026-08-09 05:15:07
688662,富信科技,SH,其他电子Ⅱ,2026-08-09 05:15:07
688663,新风光,SH,电网设备,2026-08-09 05:15:07
688665,四方光电,SH,通用设备,2026-08-09 05:15:07
688667,菱电电控,SH,汽车零部件,2026-08-09 05:15:07
688668,鼎通科技,SH,通信设备,2026-08-09 05:15:07
688669,聚石化学,SH,塑料,2026-08-09 05:15:07
688670,金迪克,SH,生物制品,2026-08-09 05:15:07
688671,碧兴物联,SH,环保设备Ⅱ,2026-08-09 05:15:07
688676,金盘科技,SH,电网设备,2026-08-09 05:15:07
688677,海泰新光,SH,医疗器械,2026-08-09 05:15:07
688678,福立旺,SH,消费电子,2026-08-09 05:15:07
688679,通源环境,SH,环境治理,2026-08-09 05:15:07
688680,海优新材,SH,光伏设备,2026-08-09 05:15:07
688681,科汇股份,SH,电网设备,2026-08-09 05:15:07
688682,霍莱沃,SH,军工电子Ⅱ,2026-08-09 05:15:07
688683,莱尔科技,SH,电子化学品Ⅱ,2026-08-09 05:15:07
688685,迈信林,SH,航空装备Ⅱ,2026-08-09 05:15:07
688686,奥普特,SH,自动化设备,2026-08-09 05:15:07
688687,凯因科技,SH,生物制品,2026-08-09 05:15:07
688689,银河微电,SH,半导体,2026-08-09 05:15:07
688690,纳微科技,SH,化学制药,2026-08-09 05:15:07
688691,灿芯股份,SH,半导体,2026-08-09 05:15:07
688692,达梦数据,SH,软件开发,2026-08-09 05:15:07
688693,锴威特,SH,半导体,2026-08-09 05:15:07
688695,中创股份,SH,软件开发,2026-08-09 05:15:07
688696,极米科技,SH,黑色家电,2026-08-09 05:15:07
688697,纽威数控,SH,通用设备,2026-08-09 05:15:07
688698,伟创电气,SH,自动化设备,2026-08-09 05:15:07
688699,明微电子,SH,半导体,2026-08-09 05:15:07
688700,东威科技,SH,专用设备,2026-08-09 05:15:07
688701,卓锦股份,SH,环境治理,2026-08-09 05:15:07
688702,盛科通信-U,SH,半导体,2026-08-09 05:15:07
688707,振华新材,SH,电池,2026-08-09 05:15:07
688708,佳驰科技,SH,航空装备Ⅱ,2026-08-09 05:15:07
688709,成都华微,SH,半导体,2026-08-09 05:15:07
688710,益诺思,SH,医疗服务,2026-08-09 05:15:07
688711,宏微科技,SH,半导体,2026-08-09 05:15:07
688712,北芯生命,SH,医疗器械,2026-08-09 05:15:07
688716,中研股份,SH,塑料,2026-08-09 05:15:07
688717,艾罗能源,SH,光伏设备,2026-08-09 05:15:07
688718,唯赛勃,SH,塑料,2026-08-09 05:15:07
688719,爱科赛博,SH,其他电源设备Ⅱ,2026-08-09 05:15:07
688720,艾森股份,SH,半导体,2026-08-09 05:15:07
688721,龙图光罩,SH,半导体,2026-08-09 05:15:07
688722,同益中,SH,化学纤维,2026-08-09 05:15:07
688726,拉普拉斯,SH,光伏设备,2026-08-09 05:15:07
688727,恒坤新材,SH,半导体,2026-08-09 05:15:07
688728,格科微,SH,半导体,2026-08-09 05:15:07
688729,屹唐股份,SH,半导体,2026-08-09 05:15:07
688733,壹石通,SH,电池,2026-08-09 05:15:07
688737,中自科技,SH,汽车零部件,2026-08-09 05:15:07
688739,成大生物,SH,生物制品,2026-08-09 05:15:07
688750,金天钛业,SH,小金属,2026-08-09 05:15:07
688755,汉邦科技,SH,专用设备,2026-08-09 05:15:07
688757,胜科纳米,SH,专业服务,2026-08-09 05:15:07
688758,赛分科技,SH,化学制药,2026-08-09 05:15:07
688759,必贝特-U,SH,化学制药,2026-08-09 05:15:07
688765,禾元生物-U,SH,生物制品,2026-08-09 05:15:07
688766,普冉股份,SH,半导体,2026-08-09 05:15:07
688767,博拓生物,SH,医疗器械,2026-08-09 05:15:07
688768,容知日新,SH,通用设备,2026-08-09 05:15:07
688772,珠海冠宇,SH,电池,2026-08-09 05:15:07
688775,影石创新,SH,消费电子,2026-08-09 05:15:07
688776,国光电气,SH,军工电子Ⅱ,2026-08-09 05:15:07
688777,中控技术,SH,自动化设备,2026-08-09 05:15:07
688778,厦钨新能,SH,电池,2026-08-09 05:15:07
688779,五矿新能,SH,电池,2026-08-09 05:15:07
688781,视涯科技-UW,SH,光学光电子,2026-08-09 05:15:07
688783,西安奕材-U,SH,半导体,2026-08-09 05:15:07
688785,恒运昌,SH,其他电源设备Ⅱ,2026-08-09 05:15:07
688786,悦安新材,SH,金属新材料,2026-08-09 05:15:07
688787,海天瑞声,SH,IT服务Ⅱ,2026-08-09 05:15:07
688788,科思科技,SH,军工电子Ⅱ,2026-08-09 05:15:07
688789,宏华数科,SH,专用设备,2026-08-09 05:15:07
688790,昂瑞微-UW,SH,半导体,2026-08-09 05:15:07
688793,倍轻松,SH,小家电,2026-08-09 05:15:07
688795,摩尔线程-U,SH,半导体,2026-08-09 05:15:07
688796,百奥赛图,SH,医疗服务,2026-08-09 05:15:07
688797,臻宝科技,SH,半导体,2026-08-09 05:15:07
688798,艾为电子,SH,半导体,2026-08-09 05:15:07
688799,华纳药厂,SH,化学制药,2026-08-09 05:15:07
688800,瑞可达,SH,其他电子Ⅱ,2026-08-09 05:15:07
688802,沐曦股份-U,SH,半导体,2026-08-09 05:15:07
688805,健信超导,SH,医疗器械,2026-08-09 05:15:07
688806,泰诺麦博-U,SH,生物制品,2026-08-09 05:15:07
688807,优迅股份,SH,半导体,2026-08-09 05:15:07
688808,联讯仪器,SH,通用设备,2026-08-09 05:15:07
688809,强一股份,SH,半导体,2026-08-09 05:15:07
688811,有研复材,SH,金属新材料,2026-08-09 05:15:07
688813,泰金新能,SH,专用设备,2026-08-09 05:15:07
688816,易思维,SH,自动化设备,2026-08-09 05:15:07
688818,电科蓝天,SH,航天装备Ⅱ,2026-08-09 05:15:07
688819,天能股份,SH,电池,2026-08-09 05:15:07
688820,盛合晶微,SH,半导体,2026-08-09 05:15:07
688825,长鑫科技,SH,半导体,2026-08-09 05:15:07
688826,频准激光,SH,光学光电子,2026-08-09 05:15:07
688828,国仪公司,SH,通用设备,2026-08-09 05:15:07
688835,高凯技术,SH,专用设备,2026-08-09 05:15:07
688836,宇树科技,SH,自动化设备,2026-08-09 05:15:07
688981,中芯国际,SH,半导体,2026-08-09 05:15:07
689009,XD九号公-WD,SH,摩托车及其他,2026-08-09 05:15:07
810011,优机定转,SH,-,2026-08-09 05:15:07
810013,万通定转,SH,-,2026-08-09 05:15:07
810014,莱特定转,SH,-,2026-08-09 05:15:07
832317,观典防务,SH,-,2026-08-09 05:15:07
833874,泰祥股份,SH,-,2026-08-09 05:15:07
833994,翰博高新,SH,-,2026-08-09 05:15:07
920000,安徽凤凰,BJ,汽车零部件,2026-08-09 05:15:07
920001,纬达光电,BJ,光学光电子,2026-08-09 05:15:07
920002,万达轴承,BJ,通用设备,2026-08-09 05:15:07
920003,中诚咨询,BJ,工程咨询服务Ⅱ,2026-08-09 05:15:07
920005,鼎佳精密,BJ,消费电子,2026-08-09 05:15:07
920006,晟楠科技,BJ,航空装备Ⅱ,2026-08-09 05:15:07
920007,酉立智能,BJ,光伏设备,2026-08-09 05:15:07
920008,成电光信,BJ,军工电子Ⅱ,2026-08-09 05:15:07
920009,丹娜生物,BJ,医疗器械,2026-08-09 05:15:07
920010,凯添燃气,BJ,燃气Ⅱ,2026-08-09 05:15:07
920011,晨光电机,BJ,电机Ⅱ,2026-08-09 05:15:07
920012,创达新材,BJ,半导体,2026-08-09 05:15:07
920014,特瑞斯,BJ,燃气Ⅱ,2026-08-09 05:15:07
920015,锦华新材,BJ,化学制品,2026-08-09 05:15:07
920016,中草香料,BJ,化学制品,2026-08-09 05:15:07
920017,星昊医药,BJ,化学制药,2026-08-09 05:15:07
920018,宏远股份,BJ,电网设备,2026-08-09 05:15:07
920019,铜冠矿建,BJ,专业工程,2026-08-09 05:15:07
920020,泰凯英,BJ,工程机械,2026-08-09 05:15:07
920021,流金科技,BJ,电视广播Ⅱ,2026-08-09 05:15:07
920022,世昌股份,BJ,汽车零部件,2026-08-09 05:15:07
920023,*ST田野,BJ,农产品加工,2026-08-09 05:15:07
920026,卓兆点胶,BJ,专用设备,2026-08-09 05:15:07
920027,交大铁发,BJ,轨交设备Ⅱ,2026-08-09 05:15:07
920028,新恒泰,BJ,塑料,2026-08-09 05:15:07
920029,开发科技,BJ,通用设备,2026-08-09 05:15:07
920030,德众汽车,BJ,汽车服务,2026-08-09 05:15:07
920033,康普化学,BJ,化学制品,2026-08-09 05:15:07
920035,精创电气,BJ,自动化设备,2026-08-09 05:15:07
920036,觅睿科技,BJ,计算机设备,2026-08-09 05:15:07
920037,广信科技,BJ,电网设备,2026-08-09 05:15:07
920038,森合高科,BJ,化学制品,2026-08-09 05:15:07
920039,国义招标,BJ,专业服务,2026-08-09 05:15:07
920045,蘅东光,BJ,通信设备,2026-08-09 05:15:07
920046,亿能电力,BJ,电网设备,2026-08-09 05:15:07
920047,诺思兰德,BJ,生物制品,2026-08-09 05:15:07
920050,爱伦医疗,BJ,医疗器械,2026-08-09 05:15:07
920055,隆源股份,BJ,汽车零部件,2026-08-09 05:15:07
920056,能之光,BJ,塑料,2026-08-09 05:15:07
920057,百甲科技,BJ,专业工程,2026-08-09 05:15:07
920058,华洋赛车,BJ,摩托车及其他,2026-08-09 05:15:07
920059,双英集团,BJ,-,2026-08-09 05:15:07
920060,万源通,BJ,元件,2026-08-09 05:15:07
920061,西磁科技,BJ,专用设备,2026-08-09 05:15:07
920062,科润智控,BJ,电网设备,2026-08-09 05:15:07
920065,千岸科技,BJ,互联网电商,2026-08-09 05:15:07
920066,科拜尔,BJ,塑料,2026-08-09 05:15:07
920068,天工股份,BJ,小金属,2026-08-09 05:15:07
920069,普昂医疗,BJ,医疗器械,2026-08-09 05:15:07
920072,科莱瑞迪,BJ,医疗器械,2026-08-09 05:15:07
920075,柏星龙,BJ,包装印刷,2026-08-09 05:15:07
920076,国亮新材,BJ,装修建材,2026-08-09 05:15:07
920077,吉林碳谷,BJ,化学纤维,2026-08-09 05:15:07
920078,族兴新材,BJ,金属新材料,2026-08-09 05:15:07
920079,乔路铭,BJ,汽车零部件,2026-08-09 05:15:07
920080,奥美森,BJ,专用设备,2026-08-09 05:15:07
920081,欧伦电气,BJ,小家电,2026-08-09 05:15:07
920082,方正阀门,BJ,通用设备,2026-08-09 05:15:07
920083,金戈新材,BJ,非金属材料Ⅱ,2026-08-09 05:15:07
920086,科马材料,BJ,汽车零部件,2026-08-09 05:15:07
920087,秋乐种业,BJ,种植业,2026-08-09 05:15:07
920088,科力股份,BJ,油服工程,2026-08-09 05:15:07
920089,禾昌聚合,BJ,塑料,2026-08-09 05:15:07
920090,*ST同辉,BJ,计算机设备,2026-08-09 05:15:07
920091,大鹏工业,BJ,专用设备,2026-08-09 05:15:07
920092,汉鑫科技,BJ,IT服务Ⅱ,2026-08-09 05:15:07
920096,嘉晨智能,BJ,自动化设备,2026-08-09 05:15:07
920098,科隆新材,BJ,橡胶,2026-08-09 05:15:07
920099,瑞华技术,BJ,化学制品,2026-08-09 05:15:07
920100,三协电机,BJ,电机Ⅱ,2026-08-09 05:15:07
920101,志高机械,BJ,工程机械,2026-08-09 05:15:07
920106,林泰新材,BJ,汽车零部件,2026-08-09 05:15:07
920107,恒兴股份,BJ,化学制品,2026-08-09 05:15:07
920108,宏海科技,BJ,家电零部件Ⅱ,2026-08-09 05:15:07
920110,雷特科技,BJ,其他电源设备Ⅱ,2026-08-09 05:15:07
920111,聚星科技,BJ,电网设备,2026-08-09 05:15:07
920112,巴兰仕,BJ,专用设备,2026-08-09 05:15:07
920116,星图测控,BJ,IT服务Ⅱ,2026-08-09 05:15:07
920117,龙鑫智能,BJ,通用设备,2026-08-09 05:15:07
920118,太湖远大,BJ,电网设备,2026-08-09 05:15:07
920119,美德乐,BJ,自动化设备,2026-08-09 05:15:07
920121,江天科技,BJ,包装印刷,2026-08-09 05:15:07
920122,中纺标,BJ,专业服务,2026-08-09 05:15:07
920123,芭薇股份,BJ,化妆品,2026-08-09 05:15:07
920124,南特科技,BJ,通用设备,2026-08-09 05:15:07
920125,鸿仕达,BJ,自动化设备,2026-08-09 05:15:07
920126,永大股份,BJ,专用设备,2026-08-09 05:15:07
920128,胜业电气,BJ,元件,2026-08-09 05:15:07
920130,立方控股,BJ,IT服务Ⅱ,2026-08-09 05:15:07
920132,泰鹏智能,BJ,家居用品,2026-08-09 05:15:07
920136,永励精密,BJ,汽车零部件,2026-08-09 05:15:07
920138,杰理科技,BJ,半导体,2026-08-09 05:15:07
920139,华岭股份,BJ,半导体,2026-08-09 05:15:07
920145,恒合股份,BJ,环保设备Ⅱ,2026-08-09 05:15:07
920146,华阳变速,BJ,汽车零部件,2026-08-09 05:15:07
920149,旭杰科技,BJ,工程咨询服务Ⅱ,2026-08-09 05:15:07
920152,昆工科技,BJ,电池,2026-08-09 05:15:07
920156,海昌智能,BJ,自动化设备,2026-08-09 05:15:07
920158,长江能科,BJ,专用设备,2026-08-09 05:15:07
920159,农大科技,BJ,农化制品,2026-08-09 05:15:07
920160,北矿检测,BJ,专业服务,2026-08-09 05:15:07
920161,龙辰科技,BJ,塑料,2026-08-09 05:15:07
920163,方大新材,BJ,包装印刷,2026-08-09 05:15:07
920165,珈凯生物,BJ,化妆品,2026-08-09 05:15:07
920166,海圣医疗,BJ,医疗器械,2026-08-09 05:15:07
920167,同享科技,BJ,光伏设备,2026-08-09 05:15:07
920168,通宝光电,BJ,汽车零部件,2026-08-09 05:15:07
920169,七丰精工,BJ,通用设备,2026-08-09 05:15:07
920171,志晟信息,BJ,IT服务Ⅱ,2026-08-09 05:15:07
920174,五新智能,BJ,基础建设,2026-08-09 05:15:07
920175,东方碳素,BJ,非金属材料Ⅱ,2026-08-09 05:15:07
920176,维琪科技,BJ,化妆品,2026-08-09 05:15:07
920177,恒道科技,BJ,通用设备,2026-08-09 05:15:07
920178,锐翔智能,BJ,自动化设备,2026-08-09 05:15:07
920179,凯德石英,BJ,半导体,2026-08-09 05:15:07
920180,爱得科技,BJ,医疗器械,2026-08-09 05:15:07
920181,赛英电子,BJ,半导体,2026-08-09 05:15:07
920183,海菲曼,BJ,消费电子,2026-08-09 05:15:07
920184,国源科技,BJ,IT服务Ⅱ,2026-08-09 05:15:07
920185,贝特瑞,BJ,电池,2026-08-09 05:15:07
920186,中科仪,BJ,通用设备,2026-08-09 05:15:07
920187,通领科技,BJ,汽车零部件,2026-08-09 05:15:07
920188,悦龙科技,BJ,橡胶,2026-08-09 05:15:07
920189,康美特,BJ,电子化学品Ⅱ,2026-08-09 05:15:07
920190,雷神科技,BJ,计算机设备,2026-08-09 05:15:07
920191,瑞尔竞达,BJ,装修建材,2026-08-09 05:15:07
920193,吉和昌,BJ,电池,2026-08-09 05:15:07
920195,三祥科技,BJ,汽车零部件,2026-08-09 05:15:07
920198,微创光电,BJ,计算机设备,2026-08-09 05:15:07
920199,倍益康,BJ,小家电,2026-08-09 05:15:07
920200,振宏股份,BJ,风电设备,2026-08-09 05:15:07
920204,沪江材料,BJ,包装印刷,2026-08-09 05:15:07
920206,彩客科技,BJ,化学制品,2026-08-09 05:15:07
920207,众诚科技,BJ,软件开发,2026-08-09 05:15:07
920208,青矩技术,BJ,工程咨询服务Ⅱ,2026-08-09 05:15:07
920211,新睿电子,BJ,自动化设备,2026-08-09 05:15:07
920212,智新电子,BJ,消费电子,2026-08-09 05:15:07
920218,新天力,BJ,包装印刷,2026-08-09 05:15:07
920220,朗信电气,BJ,汽车零部件,2026-08-09 05:15:07
920221,易实精密,BJ,汽车零部件,2026-08-09 05:15:07
920222,益坤电气,BJ,电网设备,2026-08-09 05:15:07
920223,荣亿精密,BJ,通用设备,2026-08-09 05:15:07
920225,利通科技,BJ,橡胶,2026-08-09 05:15:07
920227,美登科技,BJ,IT服务Ⅱ,2026-08-09 05:15:07
920230,欧康医药,BJ,化学制药,2026-08-09 05:15:07
920237,力佳科技,BJ,电池,2026-08-09 05:15:07
920238,长鹰硬科,BJ,通用设备,2026-08-09 05:15:07
920239,长虹能源,BJ,电池,2026-08-09 05:15:07
920242,建邦科技,BJ,汽车零部件,2026-08-09 05:15:07
920245,威博液压,BJ,工程机械,2026-08-09 05:15:07
920247,华密新材,BJ,汽车零部件,2026-08-09 05:15:07
920249,利尔达,BJ,通信设备,2026-08-09 05:15:07
920252,天宏锂电,BJ,电池,2026-08-09 05:15:07
920258,聚仁新材,BJ,化学制品,2026-08-09 05:15:07
920260,中寰股份,BJ,通用设备,2026-08-09 05:15:07
920261,一诺威,BJ,化学制品,2026-08-09 05:15:07
920262,太湖雪,BJ,服装家纺,2026-08-09 05:15:07
920263,中航泰达,BJ,环境治理,2026-08-09 05:15:07
920266,生物谷,BJ,中药Ⅱ,2026-08-09 05:15:07
920267,鑫汇科,BJ,消费电子,2026-08-09 05:15:07
920270,天铭科技,BJ,汽车零部件,2026-08-09 05:15:07
920271,邦德股份,BJ,汽车零部件,2026-08-09 05:15:07
920273,一致魔芋,BJ,农产品加工,2026-08-09 05:15:07
920274,宏裕包材,BJ,包装印刷,2026-08-09 05:15:07
920275,驱动力,BJ,动物保健Ⅱ,2026-08-09 05:15:07
920278,鹿得医疗,BJ,医疗器械,2026-08-09 05:15:07
920284,灵鸽科技,BJ,专用设备,2026-08-09 05:15:07
920299,灿能电力,BJ,电网设备,2026-08-09 05:15:07
920300,辰光医疗,BJ,医疗器械,2026-08-09 05:15:07
920304,迪尔化工,BJ,化学原料,2026-08-09 05:15:07
920305,云创退,BJ,-,2026-08-09 05:15:07
920339,恒太照明,BJ,照明设备Ⅱ,2026-08-09 05:15:07
920344,三元基因,BJ,生物制品,2026-08-09 05:15:07
920346,威贸电子,BJ,消费电子,2026-08-09 05:15:07
920351,华光源海,BJ,物流,2026-08-09 05:15:07
920357,雅葆轩,BJ,消费电子,2026-08-09 05:15:07
920363,莱赛激光,BJ,通用设备,2026-08-09 05:15:07
920367,新赣江,BJ,化学制药,2026-08-09 05:15:07
920368,连城数控,BJ,光伏设备,2026-08-09 05:15:07
920370,新安洁,BJ,环境治理,2026-08-09 05:15:07
920371,欧福蛋业,BJ,农产品加工,2026-08-09 05:15:07
920374,云里物里,BJ,通信设备,2026-08-09 05:15:07
920375,派诺科技,BJ,电网设备,2026-08-09 05:15:07
920378,泰德股份,BJ,汽车零部件,2026-08-09 05:15:07
920392,佳合科技,BJ,包装印刷,2026-08-09 05:15:07
920394,民士达,BJ,造纸,2026-08-09 05:15:07
920395,朗鸿科技,BJ,专用设备,2026-08-09 05:15:07
920396,常辅股份,BJ,自动化设备,2026-08-09 05:15:07
920402,硅烷科技,BJ,化学制品,2026-08-09 05:15:07
920403,康农种业,BJ,种植业,2026-08-09 05:15:07
920405,海希通讯,BJ,自动化设备,2026-08-09 05:15:07
920407,驰诚股份,BJ,通用设备,2026-08-09 05:15:07
920414,欧普泰,BJ,光伏设备,2026-08-09 05:15:07
920415,恒拓开源,BJ,软件开发,2026-08-09 05:15:07
920418,苏轴股份,BJ,汽车零部件,2026-08-09 05:15:07
920419,路斯股份,BJ,饲料,2026-08-09 05:15:07
920422,润普食品,BJ,化学制品,2026-08-09 05:15:07
920425,乐创技术,BJ,自动化设备,2026-08-09 05:15:07
920427,华维设计,BJ,工程咨询服务Ⅱ,2026-08-09 05:15:07
920429,康比特,BJ,食品加工,2026-08-09 05:15:07
920433,大唐药业,BJ,中药Ⅱ,2026-08-09 05:15:07
920436,大地电气,BJ,汽车零部件,2026-08-09 05:15:07
920438,戈碧迦,BJ,光学光电子,2026-08-09 05:15:07
920445,龙竹科技,BJ,家居用品,2026-08-09 05:15:07
920454,同心传动,BJ,汽车零部件,2026-08-09 05:15:07
920455,汇隆活塞,BJ,专用设备,2026-08-09 05:15:07
920469,富恒新材,BJ,塑料,2026-08-09 05:15:07
920471,美邦科技,BJ,化学制品,2026-08-09 05:15:07
920475,三友科技,BJ,专用设备,2026-08-09 05:15:07
920476,海能技术,BJ,通用设备,2026-08-09 05:15:07
920478,峆一药业,BJ,化学制药,2026-08-09 05:15:07
920489,佳先股份,BJ,化学原料,2026-08-09 05:15:07
920491,奥迪威,BJ,元件,2026-08-09 05:15:07
920493,并行科技,BJ,IT服务Ⅱ,2026-08-09 05:15:07
920496,许昌智能,BJ,电网设备,2026-08-09 05:15:07
920504,博迅生物,BJ,医疗器械,2026-08-09 05:15:07
920505,九菱科技,BJ,通用设备,2026-08-09 05:15:07
920508,殷图网联,BJ,电网设备,2026-08-09 05:15:07
920509,同惠电子,BJ,通用设备,2026-08-09 05:15:07
920510,丰光精密,BJ,通用设备,2026-08-09 05:15:07
920519,万德股份,BJ,化学制品,2026-08-09 05:15:07
920522,纳科诺尔,BJ,电池,2026-08-09 05:15:07
920523,德瑞锂电,BJ,电池,2026-08-09 05:15:07
920526,凯华材料,BJ,电子化学品Ⅱ,2026-08-09 05:15:07
920527,夜光明,BJ,纺织制造,2026-08-09 05:15:07
920533,骏创科技,BJ,汽车零部件,2026-08-09 05:15:07
920541,铁大科技,BJ,轨交设备Ⅱ,2026-08-09 05:15:07
920547,无锡晶海,BJ,生物制品,2026-08-09 05:15:07
920553,凯腾精工,BJ,专用设备,2026-08-09 05:15:07
920556,雅达股份,BJ,电网设备,2026-08-09 05:15:07
920564,天润科技,BJ,IT服务Ⅱ,2026-08-09 05:15:07
920566,梓橦宫,BJ,化学制药,2026-08-09 05:15:07
920570,坤博精工,BJ,通用设备,2026-08-09 05:15:07
920571,国航远洋,BJ,航运港口,2026-08-09 05:15:07
920575,*ST康乐,BJ,生物制品,2026-08-09 05:15:07
920576,天力复合,BJ,金属新材料,2026-08-09 05:15:07
920578,巨能股份,BJ,自动化设备,2026-08-09 05:15:07
920579,机科股份,BJ,自动化设备,2026-08-09 05:15:07
920580,科创新材,BJ,装修建材,2026-08-09 05:15:07
920592,华信永道,BJ,软件开发,2026-08-09 05:15:07
920593,鼎智科技,BJ,自动化设备,2026-08-09 05:15:07
920599,同力股份,BJ,工程机械,2026-08-09 05:15:07
920608,丰安股份,BJ,专用设备,2026-08-09 05:15:07
920627,力王股份,BJ,电池,2026-08-09 05:15:07
920634,新威凌,BJ,工业金属,2026-08-09 05:15:07
920639,晨光电缆,BJ,电网设备,2026-08-09 05:15:07
920640,富士达,BJ,通信设备,2026-08-09 05:15:07
920641,格利尔,BJ,照明设备Ⅱ,2026-08-09 05:15:07
920642,通易航天,BJ,航空装备Ⅱ,2026-08-09 05:15:07
920651,天罡股份,BJ,通用设备,2026-08-09 05:15:07
920656,海昇药业,BJ,化学制药,2026-08-09 05:15:07
920662,方盛股份,BJ,通用设备,2026-08-09 05:15:07
920663,明阳科技,BJ,汽车零部件,2026-08-09 05:15:07
920665,科强股份,BJ,橡胶,2026-08-09 05:15:07
920670,数字人,BJ,医疗服务,2026-08-09 05:15:07
920675,秉扬科技,BJ,非金属材料Ⅱ,2026-08-09 05:15:07
920679,前进科技,BJ,通用设备,2026-08-09 05:15:07
920680,广道退,BJ,-,2026-08-09 05:15:07
920682,球冠电缆,BJ,电网设备,2026-08-09 05:15:07
920685,新芝生物,BJ,通用设备,2026-08-09 05:15:07
920689,克莱特,BJ,通用设备,2026-08-09 05:15:07
920690,捷众科技,BJ,汽车零部件,2026-08-09 05:15:07
920693,阿为特,BJ,通用设备,2026-08-09 05:15:07
920694,中裕科技,BJ,橡胶,2026-08-09 05:15:07
920699,海达尔,BJ,家电零部件Ⅱ,2026-08-09 05:15:07
920701,豪声电子,BJ,消费电子,2026-08-09 05:15:07
920703,广厦环能,BJ,专用设备,2026-08-09 05:15:07
920706,铁拓机械,BJ,工程机械,2026-08-09 05:15:07
920717,瑞星股份,BJ,专用设备,2026-08-09 05:15:07
920718,合肥高科,BJ,家电零部件Ⅱ,2026-08-09 05:15:07
920719,宁新新材,BJ,非金属材料Ⅱ,2026-08-09 05:15:07
920720,吉冈精密,BJ,通用设备,2026-08-09 05:15:07
920725,惠丰钻石,BJ,通用设备,2026-08-09 05:15:07
920726,朱老六,BJ,调味发酵品Ⅱ,2026-08-09 05:15:07
920729,永顺生物,BJ,动物保健Ⅱ,2026-08-09 05:15:07
920735,德源药业,BJ,化学制药,2026-08-09 05:15:07
920748,路桥信息,BJ,IT服务Ⅱ,2026-08-09 05:15:07
920751,惠同新材,BJ,金属新材料,2026-08-09 05:15:07
920753,天纺标,BJ,专业服务,2026-08-09 05:15:07
920765,美之高,BJ,家居用品,2026-08-09 05:15:07
920768,拾比佰,BJ,家电零部件Ⅱ,2026-08-09 05:15:07
920770,艾能聚,BJ,光伏设备,2026-08-09 05:15:07
920779,武汉蓝电,BJ,电池,2026-08-09 05:15:07
920781,瑞奇智造,BJ,专用设备,2026-08-09 05:15:07
920786,骑士乳业,BJ,饮料乳品,2026-08-09 05:15:07
920790,联迪信息,BJ,IT服务Ⅱ,2026-08-09 05:15:07
920792,东和新材,BJ,装修建材,2026-08-09 05:15:07
920799,艾融软件,BJ,软件开发,2026-08-09 05:15:07
920802,保丽洁,BJ,环境治理,2026-08-09 05:15:07
920806,云星宇,BJ,IT服务Ⅱ,2026-08-09 05:15:07
920807,奔朗新材,BJ,通用设备,2026-08-09 05:15:07
920808,曙光数创,BJ,计算机设备,2026-08-09 05:15:07
920809,安达科技,BJ,电池,2026-08-09 05:15:07
920810,春光智能,BJ,专用设备,2026-08-09 05:15:07
920819,颖泰生物,BJ,农化制品,2026-08-09 05:15:07
920821,则成电子,BJ,元件,2026-08-09 05:15:07
920826,盖世食品,BJ,食品加工,2026-08-09 05:15:07
920832,齐鲁华信,BJ,非金属材料Ⅱ,2026-08-09 05:15:07
920833,美心翼申,BJ,通用设备,2026-08-09 05:15:07
920834,三维装备,BJ,橡胶,2026-08-09 05:15:07
920837,华原股份,BJ,汽车零部件,2026-08-09 05:15:07
920839,万通液压,BJ,工程机械,2026-08-09 05:15:07
920855,浙江大农,BJ,专用设备,2026-08-09 05:15:07
920856,浩淼科技,BJ,专用设备,2026-08-09 05:15:07
920857,泓禧科技,BJ,消费电子,2026-08-09 05:15:07
920866,绿亨科技,BJ,农化制品,2026-08-09 05:15:07
920870,恒进感应,BJ,通用设备,2026-08-09 05:15:07
920871,派特尔,BJ,汽车零部件,2026-08-09 05:15:07
920873,中设咨询,BJ,工程咨询服务Ⅱ,2026-08-09 05:15:07
920876,慧为智能,BJ,消费电子,2026-08-09 05:15:07
920879,基康技术,BJ,通用设备,2026-08-09 05:15:07
920885,星辰科技,BJ,自动化设备,2026-08-09 05:15:07
920892,广咨国际,BJ,工程咨询服务Ⅱ,2026-08-09 05:15:07
920895,花溪科技,BJ,专用设备,2026-08-09 05:15:07
920896,旺成科技,BJ,汽车零部件,2026-08-09 05:15:07
920906,舜宇精工,BJ,汽车零部件,2026-08-09 05:15:07
920914,远航精密,BJ,电池,2026-08-09 05:15:07
920924,广脉科技,BJ,通信服务,2026-08-09 05:15:07
920925,锦好医疗,BJ,医疗器械,2026-08-09 05:15:07
920926,鸿智科技,BJ,小家电,2026-08-09 05:15:07
920931,无锡鼎邦,BJ,专用设备,2026-08-09 05:15:07
920932,科达自控,BJ,软件开发,2026-08-09 05:15:07
920942,恒立钻具,BJ,工程机械,2026-08-09 05:15:07
920943,优机股份,BJ,通用设备,2026-08-09 05:15:07
920946,森萱医药,BJ,化学制药,2026-08-09 05:15:07
920950,迅安科技,BJ,通用设备,2026-08-09 05:15:07
920953,国子软件,BJ,IT服务Ⅱ,2026-08-09 05:15:07
920957,汉维科技,BJ,化学制品,2026-08-09 05:15:07
920961,创远信科,BJ,通用设备,2026-08-09 05:15:07
920964,润农节水,BJ,农业综合Ⅱ,2026-08-09 05:15:07
920970,大禹生物,BJ,动物保健Ⅱ,2026-08-09 05:15:07
920971,天马新材,BJ,非金属材料Ⅱ,2026-08-09 05:15:07
920974,凯大催化,BJ,化学制品,2026-08-09 05:15:07
920976,视声智能,BJ,计算机设备,2026-08-09 05:15:07
920978,开特股份,BJ,汽车零部件,2026-08-09 05:15:07
920981,晶赛科技,BJ,元件,2026-08-09 05:15:07
920982,锦波生物,BJ,医疗美容,2026-08-09 05:15:07
920985,海泰新能,BJ,光伏设备,2026-08-09 05:15:07
920992,中科美菱,BJ,医疗器械,2026-08-09 05:15:07